Date,FUTY
2013-01-02,
2013-01-03,
2013-01-04,
2013-01-07,
2013-01-08,
2013-01-09,
2013-01-10,
2013-01-11,
2013-01-14,
2013-01-15,
2013-01-16,
2013-01-17,
2013-01-18,
2013-01-22,
2013-01-23,
2013-01-24,
2013-01-25,
2013-01-28,
2013-01-29,
2013-01-30,
2013-01-31,
2013-02-01,
2013-02-04,
2013-02-05,
2013-02-06,
2013-02-07,
2013-02-08,
2013-02-11,
2013-02-12,
2013-02-13,
2013-02-14,
2013-02-15,
2013-02-19,
2013-02-20,
2013-02-21,
2013-02-22,
2013-02-25,
2013-02-26,
2013-02-27,
2013-02-28,
2013-03-01,
2013-03-04,
2013-03-05,
2013-03-06,
2013-03-07,
2013-03-08,
2013-03-11,
2013-03-12,
2013-03-13,
2013-03-14,
2013-03-15,
2013-03-18,
2013-03-19,
2013-03-20,
2013-03-21,
2013-03-22,
2013-03-25,
2013-03-26,
2013-03-27,
2013-03-28,
2013-04-01,
2013-04-02,
2013-04-03,
2013-04-04,
2013-04-05,
2013-04-08,
2013-04-09,
2013-04-10,
2013-04-11,
2013-04-12,
2013-04-15,
2013-04-16,
2013-04-17,
2013-04-18,
2013-04-19,
2013-04-22,
2013-04-23,
2013-04-24,
2013-04-25,
2013-04-26,
2013-04-29,
2013-04-30,
2013-05-01,
2013-05-02,
2013-05-03,
2013-05-06,
2013-05-07,
2013-05-08,
2013-05-09,
2013-05-10,
2013-05-13,
2013-05-14,
2013-05-15,
2013-05-16,
2013-05-17,
2013-05-20,
2013-05-21,
2013-05-22,
2013-05-23,
2013-05-24,
2013-05-28,
2013-05-29,
2013-05-30,
2013-05-31,
2013-06-03,
2013-06-04,
2013-06-05,
2013-06-06,
2013-06-07,
2013-06-10,
2013-06-11,
2013-06-12,
2013-06-13,
2013-06-14,
2013-06-17,
2013-06-18,
2013-06-19,
2013-06-20,
2013-06-21,
2013-06-24,
2013-06-25,
2013-06-26,
2013-06-27,
2013-06-28,
2013-07-01,
2013-07-02,
2013-07-03,
2013-07-05,
2013-07-08,
2013-07-09,
2013-07-10,
2013-07-11,
2013-07-12,
2013-07-15,
2013-07-16,
2013-07-17,
2013-07-18,
2013-07-19,
2013-07-22,
2013-07-23,
2013-07-24,
2013-07-25,
2013-07-26,
2013-07-29,
2013-07-30,
2013-07-31,
2013-08-01,
2013-08-02,
2013-08-05,
2013-08-06,
2013-08-07,
2013-08-08,
2013-08-09,
2013-08-12,
2013-08-13,
2013-08-14,
2013-08-15,
2013-08-16,
2013-08-19,
2013-08-20,
2013-08-21,
2013-08-22,
2013-08-23,
2013-08-26,
2013-08-27,
2013-08-28,
2013-08-29,
2013-08-30,
2013-09-03,
2013-09-04,
2013-09-05,
2013-09-06,
2013-09-09,
2013-09-10,
2013-09-11,
2013-09-12,
2013-09-13,
2013-09-16,
2013-09-17,
2013-09-18,
2013-09-19,
2013-09-20,
2013-09-23,
2013-09-24,
2013-09-25,
2013-09-26,
2013-09-27,
2013-09-30,
2013-10-01,
2013-10-02,
2013-10-03,
2013-10-04,
2013-10-07,
2013-10-08,
2013-10-09,
2013-10-10,
2013-10-11,
2013-10-14,
2013-10-15,
2013-10-16,
2013-10-17,
2013-10-18,
2013-10-21,
2013-10-22,
2013-10-23,
2013-10-24,18.9792537689209
2013-10-25,19.17475700378418
2013-10-28,19.15972137451172
2013-10-29,19.19731903076172
2013-10-30,19.092041015625
2013-10-31,19.016857147216797
2013-11-01,19.129640579223633
2013-11-04,19.182273864746094
2013-11-05,19.0544490814209
2013-11-06,19.287555694580078
2013-11-07,19.084522247314453
2013-11-08,19.061967849731445
2013-11-11,19.092041015625
2013-11-12,18.926612854003906
2013-11-13,18.934133529663086
2013-11-14,19.137161254882812
2013-11-15,19.2424373626709
2013-11-18,19.212358474731445
2013-11-19,19.092041015625
2013-11-20,18.889015197753906
2013-11-21,18.98676872253418
2013-11-22,18.94165802001953
2013-11-25,18.858943939208984
2013-11-26,18.685989379882812
2013-11-27,18.640871047973633
2013-11-29,18.633350372314453
2013-12-02,18.550640106201172
2013-12-03,18.640871047973633
2013-12-04,18.708547592163086
2013-12-05,18.573198318481445
2013-12-06,18.776220321655273
2013-12-09,18.685989379882812
2013-12-10,18.535598754882812
2013-12-11,18.347612380981445
2013-12-12,18.445371627807617
2013-12-13,18.43033218383789
2013-12-16,18.535598754882812
2013-12-17,18.505523681640625
2013-12-18,18.69350814819336
2013-12-19,18.603275299072266
2013-12-20,18.734493255615234
2013-12-23,18.734493255615234
2013-12-24,18.78758430480957
2013-12-26,18.74207878112793
2013-12-27,18.772422790527344
2013-12-30,18.817928314208984
2013-12-31,18.871017456054688
2014-01-02,18.582794189453125
2014-01-03,18.529705047607422
2014-01-06,18.544878005981445
2014-01-07,18.681394577026367
2014-01-08,18.60555648803711
2014-01-09,18.704151153564453
2014-01-10,18.931699752807617
2014-01-13,18.76483154296875
2014-01-14,18.78758430480957
2014-01-15,18.75724983215332
2014-01-16,18.878602981567383
2014-01-17,18.863433837890625
2014-01-21,19.0758113861084
2014-01-22,19.121320724487305
2014-01-23,19.068227767944336
2014-01-24,18.886186599731445
2014-01-27,18.886186599731445
2014-01-28,18.924116134643555
2014-01-29,18.924116134643555
2014-01-30,19.242673873901367
2014-01-31,19.36403465270996
2014-02-03,19.182004928588867
2014-02-04,19.053054809570312
2014-02-05,18.984792709350586
2014-02-06,19.09097671508789
2014-02-07,19.23509407043457
2014-02-10,19.333696365356445
2014-02-11,19.546064376831055
2014-02-12,19.55365753173828
2014-02-13,19.781200408935547
2014-02-14,19.917726516723633
2014-02-18,19.985986709594727
2014-02-19,19.84187889099121
2014-02-20,20.016324996948242
2014-02-21,20.069425582885742
2014-02-24,19.985986709594727
2014-02-25,19.96323013305664
2014-02-26,19.917726516723633
2014-02-27,19.834287643432617
2014-02-28,20.008739471435547
2014-03-03,19.8039493560791
2014-03-04,19.993576049804688
2014-03-05,19.8570499420166
2014-03-06,19.728103637695312
2014-03-07,19.750858306884766
2014-03-10,19.74327850341797
2014-03-11,19.690176010131836
2014-03-12,19.910140991210938
2014-03-13,20.122512817382812
2014-03-14,20.236282348632812
2014-03-17,20.357643127441406
2014-03-18,20.350067138671875
2014-03-19,20.061830520629883
2014-03-20,20.039079666137695
2014-03-21,20.224824905395508
2014-03-24,20.255395889282227
2014-03-25,20.339473724365234
2014-03-26,20.240108489990234
2014-03-27,20.3776912689209
2014-03-28,20.41590690612793
2014-03-31,20.63756561279297
2014-04-01,20.515275955200195
2014-04-02,20.492345809936523
2014-04-03,20.561134338378906
2014-04-04,20.64521598815918
2014-04-07,20.591712951660156
2014-04-08,20.85158920288086
2014-04-09,20.80573081970215
2014-04-10,20.75222396850586
2014-04-11,20.683429718017578
2014-04-14,20.821014404296875
2014-04-15,21.08089828491211
2014-04-16,21.233766555786133
2014-04-17,21.01210594177246
2014-04-21,20.99681854248047
2014-04-22,21.027389526367188
2014-04-23,21.0350341796875
2014-04-24,21.164979934692383
2014-04-25,21.378990173339844
2014-04-28,21.501291275024414
2014-04-29,21.386638641357422
2014-04-30,21.440143585205078
2014-05-01,21.508935928344727
2014-05-02,21.149688720703125
2014-05-05,21.264347076416016
2014-05-06,21.180259704589844
2014-05-07,21.51658058166504
2014-05-08,21.287275314331055
2014-05-09,21.01210594177246
2014-05-12,20.8363037109375
2014-05-13,20.874521255493164
2014-05-14,20.96624755859375
2014-05-15,20.882160186767578
2014-05-16,20.96624755859375
2014-05-19,20.66814422607422
2014-05-20,20.66814422607422
2014-05-21,20.66814422607422
2014-05-22,20.8363037109375
2014-05-23,20.821014404296875
2014-05-27,20.96624755859375
2014-05-28,21.103830337524414
2014-05-29,21.11147117614746
2014-05-30,21.279626846313477
2014-06-02,21.249055862426758
2014-06-03,21.310203552246094
2014-06-04,21.30255889892578
2014-06-05,21.524221420288086
2014-06-06,21.46307945251465
2014-06-09,21.33313751220703
2014-06-10,21.279626846313477
2014-06-11,21.0350341796875
2014-06-12,21.088537216186523
2014-06-13,21.203189849853516
2014-06-16,21.356063842773438
2014-06-17,21.33313751220703
2014-06-18,21.753528594970703
2014-06-19,21.92168426513672
2014-06-20,21.81311798095703
2014-06-23,21.774621963500977
2014-06-24,21.805423736572266
2014-06-25,21.928611755371094
2014-06-26,21.959413528442383
2014-06-27,22.06720733642578
2014-06-30,22.236602783203125
2014-07-01,22.059507369995117
2014-07-02,21.620634078979492
2014-07-03,21.397336959838867
2014-07-07,21.482038497924805
2014-07-08,21.628328323364258
2014-07-09,21.574434280395508
2014-07-10,21.69762420654297
2014-07-11,21.54363441467285
2014-07-14,21.304946899414062
2014-07-15,21.389638900756836
2014-07-16,21.428138732910156
2014-07-17,21.243345260620117
2014-07-18,21.474336624145508
2014-07-21,21.43583869934082
2014-07-22,21.405040740966797
2014-07-23,21.405040740966797
2014-07-24,21.45123863220215
2014-07-25,21.251049041748047
2014-07-28,21.559030532836914
2014-07-29,21.374242782592773
2014-07-30,21.03545379638672
2014-07-31,20.696670532226562
2014-08-01,20.781368255615234
2014-08-04,20.665874481201172
2014-08-05,20.41178321838379
2014-08-06,20.18079376220703
2014-08-07,20.373291015625
2014-08-08,20.750568389892578
2014-08-11,20.71207046508789
2014-08-12,20.68897247314453
2014-08-13,20.789060592651367
2014-08-14,20.97385597229004
2014-08-15,21.08934783935547
2014-08-18,21.043153762817383
2014-08-19,21.289546966552734
2014-08-20,21.358840942382812
2014-08-21,21.397336959838867
2014-08-22,21.374242782592773
2014-08-25,21.458938598632812
2014-08-26,21.258747100830078
2014-08-27,21.474336624145508
2014-08-28,21.582134246826172
2014-08-29,21.751522064208984
2014-09-02,21.559030532836914
2014-09-03,21.651430130004883
2014-09-04,21.636024475097656
2014-09-05,21.905519485473633
2014-09-08,21.78232765197754
2014-09-09,21.53592872619629
2014-09-10,21.443540573120117
2014-09-11,21.620634078979492
2014-09-12,21.220247268676758
2014-09-15,21.243345260620117
2014-09-16,21.512834548950195
2014-09-17,21.43583869934082
2014-09-18,21.289546966552734
2014-09-19,21.45301055908203
2014-09-22,21.320674896240234
2014-09-23,21.21170425415039
2014-09-24,21.126075744628906
2014-09-25,21.00153160095215
2014-09-26,21.040454864501953
2014-09-29,21.157211303710938
2014-09-30,21.1883544921875
2014-10-01,21.27397346496582
2014-10-02,21.250627517700195
2014-10-03,21.398521423339844
2014-10-06,21.367387771606445
2014-10-07,21.351821899414062
2014-10-08,21.811080932617188
2014-10-09,21.46078872680664
2014-10-10,21.54642105102539
2014-10-13,21.554208755493164
2014-10-14,21.748804092407227
2014-10-15,21.45301055908203
2014-10-16,21.49971580505371
2014-10-17,21.6242618560791
2014-10-20,21.935626983642578
2014-10-21,22.04460334777832
2014-10-22,22.18471336364746
2014-10-23,22.20806884765625
2014-10-24,22.426025390625
2014-10-27,22.387104034423828
2014-10-28,22.57392692565918
2014-10-29,22.457168579101562
2014-10-30,22.931991577148438
2014-10-31,22.939775466918945
2014-11-03,23.103242874145508
2014-11-04,22.939775466918945
2014-11-05,23.453529357910156
2014-11-06,23.06432342529297
2014-11-07,23.321197509765625
2014-11-10,23.430179595947266
2014-11-11,23.336763381958008
2014-11-12,22.963130950927734
2014-11-13,22.737388610839844
2014-11-14,22.651763916015625
2014-11-17,22.916423797607422
2014-11-18,22.9942684173584
2014-11-19,22.95534324645996
2014-11-20,22.916423797607422
2014-11-21,23.009836196899414
2014-11-24,22.82301902770996
2014-11-25,22.830801010131836
2014-11-26,22.931991577148438
2014-11-28,23.111024856567383
2014-12-01,23.11881446838379
2014-12-02,23.28227996826172
2014-12-03,23.23557472229004
2014-12-04,23.24335479736328
2014-12-05,23.087669372558594
2014-12-08,23.22779083251953
2014-12-09,23.383468627929688
2014-12-10,23.072101593017578
2014-12-11,23.297847747802734
2014-12-12,23.05653953552246
2014-12-15,22.830801010131836
2014-12-16,22.82301902770996
2014-12-17,23.24335479736328
2014-12-18,23.687053680419922
2014-12-19,23.69175148010254
2014-12-22,23.77015495300293
2014-12-23,23.832868576049805
2014-12-24,24.303258895874023
2014-12-26,24.554122924804688
2014-12-29,24.90691566467285
2014-12-30,24.373807907104492
2014-12-31,23.958301544189453
2015-01-02,24.036706924438477
2015-01-05,23.730955123901367
2015-01-06,23.723115921020508
2015-01-07,23.966144561767578
2015-01-08,24.185659408569336
2015-01-09,24.02102279663086
2015-01-12,23.99750518798828
2015-01-13,24.044544219970703
2015-01-14,24.27189826965332
2015-01-15,24.420848846435547
2015-01-16,24.64820671081543
2015-01-20,24.687410354614258
2015-01-21,24.90691566467285
2015-01-22,24.828523635864258
2015-01-23,24.899072647094727
2015-01-26,24.90691566467285
2015-01-27,24.946117401123047
2015-01-28,24.695240020751953
2015-01-29,25.008834838867188
2015-01-30,24.460052490234375
2015-02-02,24.585485458374023
2015-02-03,24.703081130981445
2015-02-04,24.358135223388672
2015-02-05,24.577648162841797
2015-02-06,23.605518341064453
2015-02-09,23.378158569335938
2015-02-10,23.84071159362793
2015-02-11,23.331125259399414
2015-02-12,23.237043380737305
2015-02-13,22.931297302246094
2015-02-17,22.876420974731445
2015-02-18,23.409521102905273
2015-02-19,23.19001007080078
2015-02-20,23.21352767944336
2015-02-23,23.35464859008789
2015-02-24,23.503602981567383
2015-02-25,23.166492462158203
2015-02-26,23.00969123840332
2015-02-27,22.986183166503906
2015-03-02,22.554988861083984
2015-03-03,22.703947067260742
2015-03-04,22.562833786010742
2015-03-05,22.719621658325195
2015-03-06,22.068923950195312
2015-03-09,22.09244155883789
2015-03-10,22.068923950195312
2015-03-11,21.94348907470703
2015-03-12,22.351160049438477
2015-03-13,22.13163948059082
2015-03-16,22.476594924926758
2015-03-17,22.46875
2015-03-18,23.056732177734375
2015-03-19,22.83721923828125
2015-03-20,23.064353942871094
2015-03-23,23.08827018737793
2015-03-24,22.833236694335938
2015-03-25,22.578205108642578
2015-03-26,22.386934280395508
2015-03-27,22.530384063720703
2015-03-30,22.833236694335938
2015-03-31,22.85714340209961
2015-04-01,22.841203689575195
2015-04-02,22.95278549194336
2015-04-06,23.19187355041504
2015-04-07,22.95278549194336
2015-04-08,22.88105583190918
2015-04-09,22.785417556762695
2015-04-10,22.960750579833984
2015-04-13,22.737594604492188
2015-04-14,22.8651180267334
2015-04-15,22.90496253967285
2015-04-16,22.76947784423828
2015-04-17,22.689781188964844
2015-04-20,23.01654052734375
2015-04-21,22.793392181396484
2015-04-22,22.849178314208984
2015-04-23,22.99263572692871
2015-04-24,23.199844360351562
2015-04-27,22.92887306213379
2015-04-28,23.08827018737793
2015-04-29,23.064353942871094
2015-04-30,22.689781188964844
2015-05-01,22.809326171875
2015-05-04,22.968721389770508
2015-05-05,22.434749603271484
2015-05-06,22.33115005493164
2015-05-07,22.402875900268555
2015-05-08,22.562265396118164
2015-05-11,22.434749603271484
2015-05-12,22.370986938476562
2015-05-13,22.195661544799805
2015-05-14,22.442720413208008
2015-05-15,22.689781188964844
2015-05-18,22.809326171875
2015-05-19,22.849178314208984
2015-05-20,22.88105583190918
2015-05-21,22.8651180267334
2015-05-22,22.841203689575195
2015-05-26,22.649938583374023
2015-05-27,22.793392181396484
2015-05-28,22.841203689575195
2015-05-29,22.76947784423828
2015-06-01,22.833236694335938
2015-06-02,22.514448165893555
2015-06-03,22.2275390625
2015-06-04,22.13190269470215
2015-06-05,21.87687110900879
2015-06-08,21.81311798095703
2015-06-09,21.74138641357422
2015-06-10,21.82108497619629
2015-06-11,21.980480194091797
2015-06-12,21.79717445373535
2015-06-15,21.733413696289062
2015-06-16,21.79717445373535
2015-06-17,22.02829360961914
2015-06-18,22.299266815185547
2015-06-19,22.11517333984375
2015-06-22,22.08301544189453
2015-06-23,21.79361343383789
2015-06-24,21.656953811645508
2015-06-25,21.512250900268555
2015-06-26,21.616758346557617
2015-06-29,21.455982208251953
2015-06-30,21.415781021118164
2015-07-01,21.464014053344727
2015-07-02,21.79361343383789
2015-07-06,21.849885940551758
2015-07-07,22.38045883178711
2015-07-08,22.259878158569336
2015-07-09,22.03478240966797
2015-07-10,22.163402557373047
2015-07-13,22.179485321044922
2015-07-14,22.15536880493164
2015-07-15,22.23575782775879
2015-07-16,22.55731201171875
2015-07-17,22.316144943237305
2015-07-20,22.195558547973633
2015-07-21,21.986549377441406
2015-07-22,22.050861358642578
2015-07-23,21.75341796875
2015-07-24,21.737342834472656
2015-07-27,21.986549377441406
2015-07-28,22.131250381469727
2015-07-29,22.2036075592041
2015-07-30,22.35634422302246
2015-07-31,22.565353393554688
2015-08-03,22.653785705566406
2015-08-04,22.28399085998535
2015-08-05,22.372419357299805
2015-08-06,22.43673324584961
2015-08-07,22.685941696166992
2015-08-10,22.613588333129883
2015-08-11,22.734172821044922
2015-08-12,23.120046615600586
2015-08-13,23.136123657226562
2015-08-14,23.329055786132812
2015-08-17,23.449636459350586
2015-08-18,23.369253158569336
2015-08-19,23.45768165588379
2015-08-20,23.272783279418945
2015-08-21,22.983381271362305
2015-08-24,22.171449661254883
2015-08-25,21.480091094970703
2015-08-26,21.849885940551758
2015-08-27,22.1392879486084
2015-08-28,22.066938400268555
2015-08-31,21.8096923828125
2015-09-01,21.26304054260254
2015-09-02,21.134418487548828
2015-09-03,21.319318771362305
2015-09-04,21.01383399963379
2015-09-08,21.423816680908203
2015-09-09,21.166574478149414
2015-09-10,21.094226837158203
2015-09-11,21.26304054260254
2015-09-14,21.34343147277832
2015-09-15,21.47205352783203
2015-09-16,21.713228225708008
2015-09-17,21.96242904663086
2015-09-18,21.848087310791016
2015-09-21,21.896747589111328
2015-09-22,21.669660568237305
2015-09-23,21.702102661132812
2015-09-24,21.864303588867188
2015-09-25,22.083269119262695
2015-09-28,21.96162223815918
2015-09-29,21.880525588989258
2015-09-30,22.359006881713867
2015-10-01,22.10759735107422
2015-10-02,22.40766716003418
2015-10-05,22.748281478881836
2015-10-06,22.561756134033203
2015-10-07,22.521207809448242
2015-10-08,22.821269989013672
2015-10-09,22.740175247192383
2015-10-12,22.902366638183594
2015-10-13,22.869932174682617
2015-10-14,22.85371208190918
2015-10-15,23.186220169067383
2015-10-16,23.23487663269043
2015-10-19,23.242984771728516
2015-10-20,23.307863235473633
2015-10-21,23.251094818115234
2015-10-22,23.51872444152832
2015-10-23,23.113231658935547
2015-10-26,23.097007751464844
2015-10-27,22.967252731323242
2015-10-28,22.780725479125977
2015-10-29,22.659072875976562
2015-10-30,22.805049896240234
2015-11-02,22.821269989013672
2015-11-03,22.86182403564453
2015-11-04,22.97536277770996
2015-11-05,22.805049896240234
2015-11-06,21.953516006469727
2015-11-09,22.03461265563965
2015-11-10,22.221141815185547
2015-11-11,22.40766716003418
2015-11-12,22.131929397583008
2015-11-13,22.04271697998047
2015-11-16,22.39144515991211
2015-11-17,22.03461265563965
2015-11-18,22.196809768676758
2015-11-19,22.399560928344727
2015-11-20,22.504985809326172
2015-11-23,22.318456649780273
2015-11-24,22.318456649780273
2015-11-25,22.229249954223633
2015-11-27,22.253578186035156
2015-11-30,22.310346603393555
2015-12-01,22.472545623779297
2015-12-02,21.994056701660156
2015-12-03,21.799423217773438
2015-12-04,22.075162887573242
2015-12-07,22.131929397583008
2015-12-08,22.10759735107422
2015-12-09,22.115711212158203
2015-12-10,21.77509117126465
2015-12-11,21.669660568237305
2015-12-14,21.75076675415039
2015-12-15,21.96162223815918
2015-12-16,22.537425994873047
2015-12-17,22.56986427307129
2015-12-18,22.343158721923828
2015-12-21,22.334972381591797
2015-12-22,22.515026092529297
2015-12-23,22.891504287719727
2015-12-24,22.89969253540039
2015-12-28,22.924243927001953
2015-12-29,23.071563720703125
2015-12-30,23.055194854736328
2015-12-31,22.826030731201172
2016-01-04,22.68690299987793
2016-01-05,22.89969253540039
2016-01-06,22.809667587280273
2016-01-07,22.637792587280273
2016-01-08,22.65416145324707
2016-01-11,22.785112380981445
2016-01-12,22.62142562866211
2016-01-13,22.58869171142578
2016-01-14,22.98153305053711
2016-01-15,22.703266143798828
2016-01-19,23.04701042175293
2016-01-20,22.55595588684082
2016-01-21,22.531391143798828
2016-01-22,22.98153305053711
2016-01-25,22.71144676208496
2016-01-26,22.932430267333984
2016-01-27,22.98972511291504
2016-01-28,23.366195678710938
2016-01-29,23.857255935668945
2016-02-01,24.11096954345703
2016-02-02,24.192813873291016
2016-02-03,24.49563217163086
2016-02-04,24.364683151245117
2016-02-05,24.413787841796875
2016-02-08,24.340133666992188
2016-02-09,24.43834686279297
2016-02-10,24.413787841796875
2016-02-11,24.00457000732422
2016-02-12,23.922731399536133
2016-02-16,24.07004737854004
2016-02-17,24.037309646606445
2016-02-18,24.413787841796875
2016-02-19,24.241920471191406
2016-02-22,24.50381851196289
2016-02-23,24.49563217163086
2016-02-24,24.65113639831543
2016-02-25,24.872114181518555
2016-02-26,24.200998306274414
2016-02-29,24.274654388427734
2016-03-01,24.16007423400879
2016-03-02,24.348316192626953
2016-03-03,24.4547119140625
2016-03-04,24.724790573120117
2016-03-07,24.880290985107422
2016-03-08,25.076717376708984
2016-03-09,25.224035263061523
2016-03-10,25.25676918029785
2016-03-11,25.289514541625977
2016-03-14,25.30588150024414
2016-03-15,25.354984283447266
2016-03-16,25.600515365600586
2016-03-17,25.87877655029297
2016-03-18,25.502307891845703
2016-03-21,25.453195571899414
2016-03-22,25.387718200683594
2016-03-23,25.567777633666992
2016-03-24,25.63325309753418
2016-03-28,25.55959129333496
2016-03-29,25.99336051940918
2016-03-30,25.919702529907227
2016-03-31,26.050655364990234
2016-04-01,26.181594848632812
2016-04-04,26.042465209960938
2016-04-05,25.55959129333496
2016-04-06,25.502307891845703
2016-04-07,25.526851654052734
2016-04-08,25.641429901123047
2016-04-11,25.543222427368164
2016-04-12,25.756010055541992
2016-04-13,25.616878509521484
2016-04-14,25.551408767700195
2016-04-15,25.747831344604492
2016-04-18,25.837860107421875
2016-04-19,25.895151138305664
2016-04-20,25.281328201293945
2016-04-21,24.757532119750977
2016-04-22,24.970321655273438
2016-04-25,25.0030574798584
2016-04-26,25.076717376708984
2016-04-27,25.379539489746094
2016-04-28,25.395906448364258
2016-04-29,25.535037994384766
2016-05-02,25.71509552001953
2016-05-03,25.6987247467041
2016-05-04,26.017913818359375
2016-05-05,25.895151138305664
2016-05-06,25.756010055541992
2016-05-09,25.919702529907227
2016-05-10,25.96062660217285
2016-05-11,26.017913818359375
2016-05-12,26.165231704711914
2016-05-13,26.034282684326172
2016-05-16,26.083389282226562
2016-05-17,25.657806396484375
2016-05-18,25.191301345825195
2016-05-19,25.42864227294922
2016-05-20,25.502307891845703
2016-05-23,25.25676918029785
2016-05-24,25.535037994384766
2016-05-25,25.469568252563477
2016-05-26,25.731464385986328
2016-05-27,25.796937942504883
2016-05-31,25.94425392150879
2016-06-01,26.042465209960938
2016-06-02,26.042465209960938
2016-06-03,26.46805191040039
2016-06-06,26.443496704101562
2016-06-07,26.41075897216797
2016-06-08,26.5908203125
2016-06-09,26.81178855895996
2016-06-10,26.705398559570312
2016-06-13,26.664474487304688
2016-06-14,26.79542350769043
2016-06-15,26.61536979675293
2016-06-16,26.79542350769043
2016-06-17,26.870494842529297
2016-06-20,26.788000106811523
2016-06-21,26.829248428344727
2016-06-22,26.713748931884766
2016-06-23,26.788000106811523
2016-06-24,26.812747955322266
2016-06-27,27.134498596191406
2016-06-28,27.241748809814453
2016-06-29,27.34075164794922
2016-06-30,27.934755325317383
2016-07-01,27.910009384155273
2016-07-05,28.09151268005371
2016-07-06,28.15751075744629
2016-07-07,27.646007537841797
2016-07-08,27.893508911132812
2016-07-11,27.88525390625
2016-07-12,27.55525779724121
2016-07-13,27.76150894165039
2016-07-14,27.596500396728516
2016-07-15,27.662506103515625
2016-07-18,27.687255859375
2016-07-19,27.654254913330078
2016-07-20,27.54700469970703
2016-07-21,27.679000854492188
2016-07-22,28.009004592895508
2016-07-25,27.97600555419922
2016-07-26,27.753259658813477
2016-07-27,27.43975257873535
2016-07-28,27.522249221801758
2016-07-29,27.720256805419922
2016-08-01,27.654254913330078
2016-08-02,27.530500411987305
2016-08-03,27.365495681762695
2016-08-04,27.324256896972656
2016-08-05,26.994251251220703
2016-08-08,26.969493865966797
2016-08-09,26.936498641967773
2016-08-10,26.952999114990234
2016-08-11,27.00249671936035
2016-08-12,27.03550148010254
2016-08-15,26.647748947143555
2016-08-16,26.3177433013916
2016-08-17,26.664243698120117
2016-08-18,27.00249671936035
2016-08-19,26.697246551513672
2016-08-22,26.771495819091797
2016-08-23,26.664243698120117
2016-08-24,26.647748947143555
2016-08-25,26.680749893188477
2016-08-26,26.16098976135254
2016-08-29,26.37549591064453
2016-08-30,26.103240966796875
2016-08-31,26.185739517211914
2016-09-01,26.06199073791504
2016-09-02,26.400243759155273
2016-09-06,26.697246551513672
2016-09-07,26.73024559020996
2016-09-08,26.820993423461914
2016-09-09,25.855735778808594
2016-09-12,26.251741409301758
2016-09-13,25.8804931640625
2016-09-14,25.962984085083008
2016-09-15,26.16924285888672
2016-09-16,26.419784545898438
2016-09-19,26.66950225830078
2016-09-20,26.652851104736328
2016-09-21,27.19390296936035
2016-09-22,27.385353088378906
2016-09-23,27.335405349731445
2016-09-26,27.28546714782715
2016-09-27,26.93586540222168
2016-09-28,26.894245147705078
2016-09-29,26.519676208496094
2016-09-30,26.328222274780273
2016-10-03,26.003597259521484
2016-10-04,25.420927047729492
2016-10-05,25.37098503112793
2016-10-06,25.37098503112793
2016-10-07,25.32936668395996
2016-10-10,25.554107666015625
2016-10-11,25.237804412841797
2016-10-12,25.504169464111328
2016-10-13,25.795503616333008
2016-10-14,25.678974151611328
2016-10-17,25.812152862548828
2016-10-18,26.03689193725586
2016-10-19,25.995269775390625
2016-10-20,25.937009811401367
2016-10-21,25.812152862548828
2016-10-24,25.912029266357422
2016-10-25,26.03689193725586
2016-10-26,26.09515953063965
2016-10-27,25.953655242919922
2016-10-28,26.04521369934082
2016-10-31,26.536317825317383
2016-11-01,26.0701904296875
2016-11-02,25.72058868408203
2016-11-03,25.82046890258789
2016-11-04,25.753883361816406
2016-11-07,26.195039749145508
2016-11-08,26.419784545898438
2016-11-09,25.537460327148438
2016-11-10,24.96312141418457
2016-11-11,24.90485382080078
2016-11-14,24.913177490234375
2016-11-15,25.30439567565918
2016-11-16,25.137922286987305
2016-11-17,25.129592895507812
2016-11-18,25.087976455688477
2016-11-21,25.37098503112793
2016-11-22,25.504169464111328
2016-11-23,25.237804412841797
2016-11-25,25.604049682617188
2016-11-28,26.078506469726562
2016-11-29,26.14510154724121
2016-11-30,25.379314422607422
2016-12-01,25.137922286987305
2016-12-02,25.32936668395996
2016-12-05,25.395959854125977
2016-12-06,25.379314422607422
2016-12-07,25.678974151611328
2016-12-08,25.795503616333008
2016-12-09,26.04521369934082
2016-12-12,26.26995849609375
2016-12-13,26.527997970581055
2016-12-14,25.995269775390625
2016-12-15,26.17840003967285
2016-12-16,26.487442016601562
2016-12-19,26.588224411010742
2016-12-20,26.59662437438965
2016-12-21,26.51263999938965
2016-12-22,26.57982063293457
2016-12-23,26.59662437438965
2016-12-27,26.588224411010742
2016-12-28,26.369871139526367
2016-12-29,26.68899917602539
2016-12-30,26.537832260131836
2017-01-03,26.479047775268555
2017-01-04,26.588224411010742
2017-01-05,26.588224411010742
2017-01-06,26.68899917602539
2017-01-09,26.302690505981445
2017-01-10,26.260698318481445
2017-01-11,26.49583625793457
2017-01-12,26.537832260131836
2017-01-13,26.51263999938965
2017-01-17,26.7813777923584
2017-01-18,26.7393856048584
2017-01-19,26.504243850708008
2017-01-20,26.563026428222656
2017-01-23,26.437055587768555
2017-01-24,26.46225357055664
2017-01-25,26.479047775268555
2017-01-26,26.504243850708008
2017-01-27,26.487442016601562
2017-01-30,26.453855514526367
2017-01-31,26.873756408691406
2017-02-01,26.428653717041016
2017-02-02,26.663803100585938
2017-02-03,26.73099136352539
2017-02-06,26.68059730529785
2017-02-07,26.705791473388672
2017-02-08,26.924142837524414
2017-02-09,26.747783660888672
2017-02-10,26.932537078857422
2017-02-13,27.024927139282227
2017-02-14,26.848562240600586
2017-02-15,26.76458168029785
2017-02-16,27.024927139282227
2017-02-17,27.05011558532715
2017-02-21,27.344045639038086
2017-02-22,27.411230087280273
2017-02-23,27.713560104370117
2017-02-24,28.04948616027832
2017-02-27,27.931909561157227
2017-02-28,28.175451278686523
2017-03-01,27.973899841308594
2017-03-02,28.18385124206543
2017-03-03,28.074676513671875
2017-03-06,27.99069595336914
2017-03-07,27.99069595336914
2017-03-08,27.56239128112793
2017-03-09,27.49521255493164
2017-03-10,27.713560104370117
2017-03-13,27.78914451599121
2017-03-14,27.75554656982422
2017-03-15,28.217443466186523
2017-03-16,27.965497970581055
2017-03-17,28.130475997924805
2017-03-20,27.918968200683594
2017-03-21,28.2996826171875
2017-03-22,28.392744064331055
2017-03-23,28.316604614257812
2017-03-24,28.43505096435547
2017-03-27,28.325061798095703
2017-03-28,28.367366790771484
2017-03-29,28.27430534362793
2017-03-30,28.088178634643555
2017-03-31,28.181245803833008
2017-04-03,28.172773361206055
2017-04-04,28.26584243774414
2017-04-05,28.418127059936523
2017-04-06,28.392744064331055
2017-04-07,28.240463256835938
2017-04-10,28.282758712768555
2017-04-11,28.2996826171875
2017-04-12,28.460426330566406
2017-04-13,28.367366790771484
2017-04-17,28.528108596801758
2017-04-18,28.54503631591797
2017-04-19,28.350446701049805
2017-04-20,28.25738525390625
2017-04-21,28.401203155517578
2017-04-24,28.528108596801758
2017-04-25,28.51119041442871
2017-04-26,28.43505096435547
2017-04-27,28.502729415893555
2017-04-28,28.38428497314453
2017-05-01,28.240463256835938
2017-05-02,28.22353744506836
2017-05-03,28.122018814086914
2017-05-04,28.198162078857422
2017-05-05,28.38428497314453
2017-05-08,28.38428497314453
2017-05-09,28.09663200378418
2017-05-10,28.206615447998047
2017-05-11,28.240463256835938
2017-05-12,28.38428497314453
2017-05-15,28.47734832763672
2017-05-16,28.25738525390625
2017-05-17,28.367366790771484
2017-05-18,28.451974868774414
2017-05-19,28.51119041442871
2017-05-22,28.79884147644043
2017-05-23,28.891904830932617
2017-05-24,29.061105728149414
2017-05-25,29.306455612182617
2017-05-26,29.28108024597168
2017-05-30,29.365684509277344
2017-05-31,29.50104331970215
2017-06-01,29.737939834594727
2017-06-02,29.797163009643555
2017-06-05,29.627946853637695
2017-06-06,29.577192306518555
2017-06-07,29.661788940429688
2017-06-08,29.44182586669922
2017-06-09,29.47566795349121
2017-06-12,29.40797996520996
2017-06-13,29.492586135864258
2017-06-14,29.661788940429688
2017-06-15,29.81407356262207
2017-06-16,29.994831085205078
2017-06-19,29.80725860595703
2017-06-20,29.815780639648438
2017-06-21,29.61968421936035
2017-06-22,29.50884246826172
2017-06-23,29.415056228637695
2017-06-26,29.670839309692383
2017-06-27,29.30421257019043
2017-06-28,29.04843521118164
2017-06-29,28.80117416381836
2017-06-30,28.792646408081055
2017-07-03,28.647701263427734
2017-07-05,28.519811630249023
2017-07-06,28.47718620300293
2017-07-07,28.52833366394043
2017-07-10,28.460134506225586
2017-07-11,28.468658447265625
2017-07-12,28.71591567993164
2017-07-13,28.61359977722168
2017-07-14,28.732969284057617
2017-07-17,28.852333068847656
2017-07-18,28.929065704345703
2017-07-19,29.091064453125
2017-07-20,29.287158966064453
2017-07-21,29.534420013427734
2017-07-24,29.287158966064453
2017-07-25,29.176319122314453
2017-07-26,29.406526565551758
2017-07-27,29.474742889404297
2017-07-28,29.449159622192383
2017-07-31,29.551467895507812
2017-08-01,29.6964168548584
2017-08-02,29.798723220825195
2017-08-03,29.892513275146484
2017-08-04,29.84135627746582
2017-08-07,29.901039123535156
2017-08-08,30.020404815673828
2017-08-09,29.84135627746582
2017-08-10,29.94367027282715
2017-08-11,29.739051818847656
2017-08-14,29.926620483398438
2017-08-15,30.071561813354492
2017-08-16,30.182401657104492
2017-08-17,29.96072006225586
2017-08-18,30.139768600463867
2017-08-21,30.26766014099121
2017-08-22,30.318828582763672
2017-08-23,30.438190460205078
2017-08-24,30.412601470947266
2017-08-25,30.52344512939453
2017-08-28,30.56608009338379
2017-08-29,30.497867584228516
2017-08-30,30.387025833129883
2017-08-31,30.412601470947266
2017-09-01,30.39555549621582
2017-09-05,30.404077529907227
2017-09-06,30.284719467163086
2017-09-07,30.489337921142578
2017-09-08,30.634281158447266
2017-09-11,30.90712547302246
2017-09-12,30.404077529907227
2017-09-13,30.259140014648438
2017-09-14,30.506399154663086
2017-09-15,30.512405395507812
2017-09-18,30.26335906982422
2017-09-19,30.22041893005371
2017-09-20,29.988550186157227
2017-09-21,29.94561004638672
2017-09-22,29.74809455871582
2017-09-25,29.988550186157227
2017-09-26,29.971372604370117
2017-09-27,29.60210418701172
2017-09-28,29.72233009338379
2017-09-29,29.653623580932617
2017-10-02,29.756685256958008
2017-10-03,29.653623580932617
2017-10-04,29.954208374023438
2017-10-05,29.902671813964844
2017-10-06,29.859731674194336
2017-10-09,29.92843246459961
2017-10-10,30.2032527923584
2017-10-11,30.35782241821289
2017-10-12,30.49522590637207
2017-10-13,30.280536651611328
2017-10-16,30.2032527923584
2017-10-17,30.43511390686035
2017-10-18,30.409351348876953
2017-10-19,30.66698455810547
2017-10-20,30.70134162902832
2017-10-23,30.70134162902832
2017-10-24,30.692750930786133
2017-10-25,30.58969497680664
2017-10-26,30.60686683654785
2017-10-27,30.812978744506836
2017-10-30,30.821565628051758
2017-10-31,30.847328186035156
2017-11-01,30.641225814819336
2017-11-02,30.761455535888672
2017-11-03,30.873096466064453
2017-11-06,30.735679626464844
2017-11-07,31.104965209960938
2017-11-08,31.104965209960938
2017-11-09,31.096372604370117
2017-11-10,30.984739303588867
2017-11-13,31.30248260498047
2017-11-14,31.72328758239746
2017-11-15,31.448469161987305
2017-11-16,31.362600326538086
2017-11-17,31.1822509765625
2017-11-20,31.079195022583008
2017-11-21,31.173667907714844
2017-11-22,31.165077209472656
2017-11-24,31.199438095092773
2017-11-27,31.35400390625
2017-11-28,31.508590698242188
2017-11-29,31.551528930664062
2017-11-30,31.714689254760742
2017-12-01,31.57729721069336
2017-12-04,31.405536651611328
2017-12-05,30.984739303588867
2017-12-06,31.08778953552246
2017-12-07,31.165077209472656
2017-12-08,31.28531265258789
2017-12-11,31.414121627807617
2017-12-12,30.916030883789062
2017-12-13,30.96755599975586
2017-12-14,30.907442092895508
2017-12-15,31.01127815246582
2017-12-18,30.69978141784668
2017-12-19,30.163312911987305
2017-12-20,29.947002410888672
2017-12-21,29.635494232177734
2017-12-22,29.670116424560547
2017-12-26,29.51435661315918
2017-12-27,29.635494232177734
2017-12-28,29.808549880981445
2017-12-29,29.860462188720703
2018-01-02,29.60088348388672
2018-01-03,29.332653045654297
2018-01-04,29.099035263061523
2018-01-05,29.07306671142578
2018-01-08,29.332653045654297
2018-01-09,29.038463592529297
2018-01-10,28.701000213623047
2018-01-11,28.5971736907959
2018-01-12,28.458728790283203
2018-01-16,28.389511108398438
2018-01-17,28.579872131347656
2018-01-18,28.3808536529541
2018-01-19,28.328941345214844
2018-01-22,28.36355209350586
2018-01-23,28.666399002075195
2018-01-24,28.5279541015625
2018-01-25,28.93463134765625
2018-01-26,28.8913631439209
2018-01-29,28.54526138305664
2018-01-30,28.579872131347656
2018-01-31,28.88271713256836
2018-02-01,28.458728790283203
2018-02-02,28.225107192993164
2018-02-05,27.72325325012207
2018-02-06,27.316574096679688
2018-02-07,27.23870086669922
2018-02-08,26.918550491333008
2018-02-09,27.515592575073242
2018-02-12,27.671337127685547
2018-02-13,27.775165557861328
2018-02-14,27.506935119628906
2018-02-15,28.060707092285156
2018-02-16,28.354900360107422
2018-02-20,27.96552276611328
2018-02-21,27.584808349609375
2018-02-22,27.714595794677734
2018-02-23,28.44142723083496
2018-02-26,28.328941345214844
2018-02-27,27.904958724975586
2018-02-28,27.688640594482422
2018-03-01,27.69729232788086
2018-03-02,27.602109909057617
2018-03-05,28.155887603759766
2018-03-06,27.80112648010254
2018-03-07,27.654027938842773
2018-03-08,27.80112648010254
2018-03-09,27.870346069335938
2018-03-12,28.043397903442383
2018-03-13,28.10396957397461
2018-03-14,28.346242904663086
2018-03-15,28.36355209350586
2018-03-16,28.650583267211914
2018-03-19,28.441198348999023
2018-03-20,28.319059371948242
2018-03-21,28.257986068725586
2018-03-22,28.3626766204834
2018-03-23,27.9700870513916
2018-03-26,28.240537643432617
2018-03-27,28.624408721923828
2018-03-28,28.702926635742188
2018-03-29,28.842514038085938
2018-04-02,28.572063446044922
2018-04-03,28.68548011779785
2018-04-04,28.746545791625977
2018-04-05,28.947206497192383
2018-04-06,28.75527000427246
2018-04-09,28.781448364257812
2018-04-10,28.624408721923828
2018-04-11,28.580787658691406
2018-04-12,28.231815338134766
2018-04-13,28.40630340576172
2018-04-16,28.833791732788086
2018-04-17,29.112972259521484
2018-04-18,29.008275985717773
2018-04-19,28.964656829833984
2018-04-20,28.75527000427246
2018-04-23,28.807619094848633
2018-04-24,29.017004013061523
2018-04-25,29.03445053100586
2018-04-26,29.33106803894043
2018-04-27,29.618974685668945
2018-04-30,29.50555992126465
2018-05-01,29.453214645385742
2018-05-02,29.43577003479004
2018-05-03,29.453214645385742
2018-05-04,29.61025047302246
2018-05-07,29.470659255981445
2018-05-08,28.76399803161621
2018-05-09,28.598236083984375
2018-05-10,28.964656829833984
2018-05-11,29.017004013061523
2018-05-14,28.903587341308594
2018-05-15,28.676755905151367
2018-05-16,28.449922561645508
2018-05-17,28.240537643432617
2018-05-18,28.240537643432617
2018-05-21,28.397579193115234
2018-05-22,28.519712448120117
2018-05-23,28.75527000427246
2018-05-24,28.973373413085938
2018-05-25,29.112972259521484
2018-05-29,29.147865295410156
2018-05-30,29.4008731842041
2018-05-31,29.4008731842041
2018-06-01,28.973373413085938
2018-06-04,28.79888916015625
2018-06-05,28.580787658691406
2018-06-06,28.02242660522461
2018-06-07,28.135847091674805
2018-06-08,28.144569396972656
2018-06-11,28.004980087280273
2018-06-12,28.336505889892578
2018-06-13,28.257986068725586
2018-06-14,28.624408721923828
2018-06-15,28.792530059814453
2018-06-18,28.93337059020996
2018-06-19,29.241453170776367
2018-06-20,29.25905418395996
2018-06-21,29.355878829956055
2018-06-22,29.531932830810547
2018-06-25,29.980852127075195
2018-06-26,29.98965835571289
2018-06-27,30.121686935424805
2018-06-28,30.121686935424805
2018-06-29,30.14809226989746
2018-07-02,30.359350204467773
2018-07-03,30.47378158569336
2018-07-05,30.641029357910156
2018-07-06,30.878698348999023
2018-07-09,29.928037643432617
2018-07-10,30.227313995361328
2018-07-11,30.50018882751465
2018-07-12,30.482589721679688
2018-07-13,30.50018882751465
2018-07-16,30.47378158569336
2018-07-17,30.429777145385742
2018-07-18,30.2889347076416
2018-07-19,30.588211059570312
2018-07-20,30.36815643310547
2018-07-23,30.183311462402344
2018-07-24,30.253721237182617
2018-07-25,30.297739028930664
2018-07-26,30.65863800048828
2018-07-27,30.517791748046875
2018-07-30,30.350553512573242
2018-07-31,30.676237106323242
2018-08-01,30.447376251220703
2018-08-02,30.570608139038086
2018-08-03,30.861087799072266
2018-08-06,30.91390037536621
2018-08-07,30.887495040893555
2018-08-08,30.746652603149414
2018-08-09,30.887495040893555
2018-08-10,30.75545883178711
2018-08-13,30.781862258911133
2018-08-14,30.887495040893555
2018-08-15,31.089954376220703
2018-08-16,31.486055374145508
2018-08-17,31.61809539794922
2018-08-20,31.503652572631836
2018-08-21,31.310012817382812
2018-08-22,31.07234001159668
2018-08-23,31.063547134399414
2018-08-24,31.16917610168457
2018-08-27,30.966720581054688
2018-08-28,30.878698348999023
2018-08-29,31.1075496673584
2018-08-30,31.160369873046875
2018-08-31,31.03713607788086
2018-09-04,31.151561737060547
2018-09-05,31.538869857788086
2018-09-06,31.723726272583008
2018-09-07,31.354015350341797
2018-09-10,31.53006935119629
2018-09-11,31.45084571838379
2018-09-12,31.433244705200195
2018-09-13,31.670909881591797
2018-09-14,31.51246452331543
2018-09-17,31.61809539794922
2018-09-18,31.565279006958008
2018-09-19,30.91390037536621
2018-09-20,30.984323501586914
2018-09-21,31.09611701965332
2018-09-24,30.838821411132812
2018-09-25,30.483945846557617
2018-09-26,30.146812438964844
2018-09-27,30.448453903198242
2018-09-28,30.892051696777344
2018-10-01,30.80333709716797
2018-10-02,31.167085647583008
2018-10-03,30.812206268310547
2018-10-04,30.971904754638672
2018-10-05,31.406625747680664
2018-10-08,31.690523147583008
2018-10-09,31.805866241455078
2018-10-10,31.64616584777832
2018-10-11,31.007389068603516
2018-10-12,30.945283889770508
2018-10-15,31.069490432739258
2018-10-16,31.442106246948242
2018-10-17,31.415498733520508
2018-10-18,31.43324089050293
2018-10-19,31.876834869384766
2018-10-22,31.69939422607422
2018-10-23,31.49534034729004
2018-10-24,32.15187072753906
2018-10-25,31.690523147583008
2018-10-26,31.15821647644043
2018-10-29,31.530832290649414
2018-10-30,31.628421783447266
2018-10-31,31.273542404174805
2018-11-01,31.149341583251953
2018-11-02,30.998516082763672
2018-11-05,31.42437171936035
2018-11-06,31.726011276245117
2018-11-07,32.08976364135742
2018-11-08,31.992172241210938
2018-11-09,32.04539489746094
2018-11-12,32.063148498535156
2018-11-13,32.18735122680664
2018-11-14,31.850223541259766
2018-11-15,31.63729476928711
2018-11-16,32.08976364135742
2018-11-19,32.26720428466797
2018-11-20,32.08976364135742
2018-11-21,31.663917541503906
2018-11-23,31.690523147583008
2018-11-26,31.876834869384766
2018-11-27,32.08976364135742
2018-11-28,32.072021484375
2018-11-29,31.992172241210938
2018-11-30,32.48012161254883
2018-12-03,32.73741912841797
2018-12-04,32.7640266418457
2018-12-06,32.80838394165039
2018-12-07,32.95034408569336
2018-12-10,33.012447357177734
2018-12-11,33.15439987182617
2018-12-12,32.97694778442383
2018-12-13,33.260860443115234
2018-12-14,33.18100357055664
2018-12-17,32.11637496948242
2018-12-18,31.867963790893555
2018-12-19,31.81473159790039
2018-12-20,31.885711669921875
2018-12-21,31.652538299560547
2018-12-24,30.312461853027344
2018-12-26,30.741287231445312
2018-12-27,31.009300231933594
2018-12-28,31.045034408569336
2018-12-31,31.161178588867188
2019-01-02,30.55367660522461
2019-01-03,30.571542739868164
2019-01-04,31.05396842956543
2019-01-07,30.830617904663086
2019-01-08,31.259449005126953
2019-01-09,31.03610610961914
2019-01-10,31.473859786987305
2019-01-11,31.3398494720459
2019-01-14,30.660879135131836
2019-01-15,31.062904357910156
2019-01-16,31.17011070251465
2019-01-17,31.348783493041992
2019-01-18,31.384523391723633
2019-01-22,31.43812370300293
2019-01-23,31.750810623168945
2019-01-24,31.92949104309082
2019-01-25,31.50066566467285
2019-01-28,31.348783493041992
2019-01-29,31.420259475708008
2019-01-30,31.643604278564453
2019-01-31,32.331504821777344
2019-02-01,32.161766052246094
2019-02-04,32.24216842651367
2019-02-05,32.27790451049805
2019-02-06,32.19750213623047
2019-02-07,32.61738586425781
2019-02-08,32.81393814086914
2019-02-11,32.778202056884766
2019-02-12,32.81393814086914
2019-02-13,32.73352813720703
2019-02-14,32.706729888916016
2019-02-15,32.840728759765625
2019-02-19,33.0194091796875
2019-02-20,33.17128372192383
2019-02-21,33.42143249511719
2019-02-22,33.617984771728516
2019-02-25,33.41249465942383
2019-02-26,33.341033935546875
2019-02-27,33.403568267822266
2019-02-28,33.555442810058594
2019-03-01,33.6358528137207
2019-03-04,33.725181579589844
2019-03-05,33.6358528137207
2019-03-06,33.62690734863281
2019-03-07,33.725181579589844
2019-03-08,33.86812973022461
2019-03-11,34.12721252441406
2019-03-12,34.34161376953125
2019-03-13,34.36842346191406
2019-03-14,34.31482696533203
2019-03-15,34.47779846191406
2019-03-18,34.36974334716797
2019-03-19,33.973548889160156
2019-03-20,34.02758026123047
2019-03-21,34.42376708984375
2019-03-22,34.63086700439453
2019-03-25,34.6758918762207
2019-03-26,34.9370231628418
2019-03-27,34.720924377441406
2019-03-28,34.31571960449219
2019-03-29,34.4868049621582
2019-04-01,34.27069854736328
2019-04-02,34.252689361572266
2019-04-03,34.20766830444336
2019-04-04,34.108619689941406
2019-04-05,34.450782775878906
2019-04-08,34.180641174316406
2019-04-09,34.252689361572266
2019-04-10,34.1356315612793
2019-04-11,34.3337287902832
2019-04-12,34.4868049621582
2019-04-15,34.45978546142578
2019-04-16,34.036582946777344
2019-04-17,33.910518646240234
2019-04-18,33.93752670288086
2019-04-22,33.91952133178711
2019-04-23,34.036582946777344
2019-04-24,34.23468017578125
2019-04-25,34.387752532958984
2019-04-26,34.450782775878906
2019-04-29,34.252689361572266
2019-04-30,34.774940490722656
2019-05-01,34.4417839050293
2019-05-02,34.34273147583008
2019-05-03,34.61286163330078
2019-05-06,34.405765533447266
2019-05-07,34.28871154785156
2019-05-08,33.83848571777344
2019-05-09,33.8294792175293
2019-05-10,34.405765533447266
2019-05-13,34.76593780517578
2019-05-14,34.513816833496094
2019-05-15,34.468788146972656
2019-05-16,34.66688537597656
2019-05-17,34.855979919433594
2019-05-20,34.90100860595703
2019-05-21,34.928016662597656
2019-05-22,35.207157135009766
2019-05-23,35.44126510620117
2019-05-24,35.36922836303711
2019-05-28,34.837974548339844
2019-05-29,34.36073684692383
2019-05-30,34.261688232421875
2019-05-31,34.45978546142578
2019-06-03,34.855979919433594
2019-06-04,34.90100860595703
2019-06-05,35.60334396362305
2019-06-06,35.81044387817383
2019-06-07,35.56732940673828
2019-06-10,35.34221649169922
2019-06-11,35.11711120605469
2019-06-12,35.55832290649414
2019-06-13,35.61234664916992
2019-06-14,35.95452117919922
2019-06-17,35.81044387817383
2019-06-18,35.74740982055664
2019-06-19,36.035560607910156
2019-06-20,36.224647521972656
2019-06-21,36.36885452270508
2019-06-24,36.3507194519043
2019-06-25,36.15118408203125
2019-06-26,35.371212005615234
2019-06-27,35.41655349731445
2019-06-28,35.6160774230957
2019-07-01,35.543521881103516
2019-07-02,35.94258117675781
2019-07-03,36.25095748901367
2019-07-05,36.21467208862305
2019-07-08,36.22373962402344
2019-07-09,36.25095748901367
2019-07-10,36.3507194519043
2019-07-11,36.3507194519043
2019-07-12,36.13304138183594
2019-07-15,36.241878509521484
2019-07-16,36.0786247253418
2019-07-17,36.232810974121094
2019-07-18,36.51396179199219
2019-07-19,35.9516487121582
2019-07-22,35.91537857055664
2019-07-23,35.68863296508789
2019-07-24,35.72491455078125
2019-07-25,35.62514877319336
2019-07-26,35.79747009277344
2019-07-29,35.9516487121582
2019-07-30,35.72491455078125
2019-07-31,35.579803466796875
2019-08-01,35.91537857055664
2019-08-02,35.88816452026367
2019-08-05,35.30771255493164
2019-08-06,35.75212097167969
2019-08-07,35.82467269897461
2019-08-08,36.27815628051758
2019-08-09,36.26001739501953
2019-08-12,36.17839050292969
2019-08-13,36.21467208862305
2019-08-14,35.91537857055664
2019-08-15,36.3779182434082
2019-08-16,36.586524963378906
2019-08-19,36.81325912475586
2019-08-20,36.722564697265625
2019-08-21,36.967437744140625
2019-08-22,36.98558044433594
2019-08-23,36.60466003417969
2019-08-26,37.03093338012695
2019-08-27,37.058143615722656
2019-08-28,36.967437744140625
2019-08-29,37.25767135620117
2019-08-30,37.293941497802734
2019-09-03,37.901607513427734
2019-09-04,37.96509552001953
2019-09-05,37.575103759765625
2019-09-06,37.439056396484375
2019-09-09,37.23046112060547
2019-09-10,37.23046112060547
2019-09-11,37.61137771606445
2019-09-12,37.71113967895508
2019-09-13,37.52975082397461
2019-09-16,37.52975082397461
2019-09-17,37.856258392333984
2019-09-18,38.01951217651367
2019-09-19,38.17369079589844
2019-09-20,38.29149627685547
2019-09-23,38.34629440307617
2019-09-24,38.7207145690918
2019-09-25,38.73897171020508
2019-09-26,38.90336227416992
2019-09-27,38.76637268066406
2019-09-30,38.80290985107422
2019-10-01,38.65679168701172
2019-10-02,38.172767639160156
2019-10-03,38.273231506347656
2019-10-04,38.8211669921875
2019-10-07,38.65679168701172
2019-10-08,38.282371520996094
2019-10-09,38.43761444091797
2019-10-10,38.42848587036133
2019-10-11,38.30976486206055
2019-10-14,38.044918060302734
2019-10-15,37.9536018371582
2019-10-16,38.03579330444336
2019-10-17,38.1362419128418
2019-10-18,38.254966735839844
2019-10-21,38.41021728515625
2019-10-22,38.53807067871094
2019-10-23,38.6841926574707
2019-10-24,38.83943176269531
2019-10-25,38.42848587036133
2019-10-28,37.90793991088867
2019-10-29,37.9536018371582
2019-10-30,38.32801818847656
2019-10-31,38.492408752441406
2019-11-01,38.42848587036133
2019-11-04,37.88968276977539
2019-11-05,37.54265213012695
2019-11-06,37.6157112121582
2019-11-07,37.159095764160156
2019-11-08,36.9764518737793
2019-11-11,36.74814987182617
2019-11-12,36.78467559814453
2019-11-13,37.32347869873047
2019-11-14,37.43306350708008
2019-11-15,37.551780700683594
2019-11-18,37.59744644165039
2019-11-19,37.52438735961914
2019-11-20,37.77095413208008
2019-11-21,37.6065788269043
2019-11-22,37.66136932373047
2019-11-25,37.53351593017578
2019-11-26,37.679630279541016
2019-11-27,37.76182174682617
2019-11-29,37.697898864746094
2019-12-02,37.38740539550781
2019-12-03,37.560909271240234
2019-12-04,37.789222717285156
2019-12-05,37.862274169921875
2019-12-06,37.76182174682617
2019-12-09,37.6065788269043
2019-12-10,37.63397216796875
2019-12-11,37.743560791015625
2019-12-12,37.59744644165039
2019-12-13,37.862274169921875
2019-12-16,38.337158203125
2019-12-17,38.47413635253906
2019-12-18,38.629390716552734
2019-12-19,38.62025833129883
2019-12-20,38.89994812011719
2019-12-23,38.52273178100586
2019-12-24,38.53193283081055
2019-12-26,38.59634017944336
2019-12-27,38.72514343261719
2019-12-30,38.73434066772461
2019-12-31,38.91836166381836
2020-01-02,38.393924713134766
2020-01-03,38.43072509765625
2020-01-06,38.50432205200195
2020-01-07,38.41232681274414
2020-01-08,38.37552261352539
2020-01-09,38.559532165527344
2020-01-10,38.66073989868164
2020-01-13,38.93675994873047
2020-01-14,39.056365966796875
2020-01-15,39.59919738769531
2020-01-16,39.856815338134766
2020-01-17,40.12363052368164
2020-01-21,40.43645095825195
2020-01-22,40.52846145629883
2020-01-23,40.878074645996094
2020-01-24,40.997676849365234
2020-01-27,40.868873596191406
2020-01-28,41.0252799987793
2020-01-29,41.108089447021484
2020-01-30,41.45771026611328
2020-01-31,41.282894134521484
2020-02-03,41.448509216308594
2020-02-04,41.05288314819336
2020-02-05,41.22769546508789
2020-02-06,41.26449966430664
2020-02-07,41.12649154663086
2020-02-10,41.23689651489258
2020-02-11,41.3932991027832
2020-02-12,41.430110931396484
2020-02-13,41.90854263305664
2020-02-14,42.19375228881836
2020-02-18,42.515777587890625
2020-02-19,42.08334732055664
2020-02-20,42.19375228881836
2020-02-21,42.12934875488281
2020-02-24,41.586524963378906
2020-02-25,40.71246337890625
2020-02-26,40.25243377685547
2020-02-27,38.439918518066406
2020-02-28,37.115047454833984
2020-03-02,39.20357131958008
2020-03-03,38.78034973144531
2020-03-04,40.91487121582031
2020-03-05,40.29843521118164
2020-03-06,40.02241897583008
2020-03-09,37.7498779296875
2020-03-10,38.15471267700195
2020-03-11,36.222591400146484
2020-03-12,32.441162109375
2020-03-13,34.27206802368164
2020-03-16,30.444643020629883
2020-03-17,34.244476318359375
2020-03-18,32.89199447631836
2020-03-19,31.171483993530273
2020-03-20,28.649442672729492
2020-03-23,27.023218154907227
2020-03-24,29.959716796875
2020-03-25,30.758888244628906
2020-03-26,33.32368087768555
2020-03-27,33.463069915771484
2020-03-30,34.6897087097168
2020-03-31,33.379432678222656
2020-04-01,31.362916946411133
2020-04-02,32.27360916137695
2020-04-03,31.204944610595703
2020-04-06,33.611751556396484
2020-04-07,33.20287322998047
2020-04-08,34.94990539550781
2020-04-09,36.585418701171875
2020-04-13,35.423824310302734
2020-04-14,36.418155670166016
2020-04-15,35.163639068603516
2020-04-16,35.1357536315918
2020-04-17,36.269466400146484
2020-04-20,34.9127311706543
2020-04-21,34.36446762084961
2020-04-22,35.31232452392578
2020-04-23,34.78264236450195
2020-04-24,34.977783203125
2020-04-27,35.38666534423828
2020-04-28,35.563228607177734
2020-04-29,35.32160949707031
2020-04-30,34.475975036621094
2020-05-01,33.6396369934082
2020-05-04,33.816192626953125
2020-05-05,34.104270935058594
2020-05-06,32.924095153808594
2020-05-07,33.100650787353516
2020-05-08,33.834774017333984
2020-05-11,33.667510986328125
2020-05-12,33.26792526245117
2020-05-13,32.97055435180664
2020-05-14,33.295799255371094
2020-05-15,32.840457916259766
2020-05-18,34.30870056152344
2020-05-19,33.69538497924805
2020-05-20,33.964866638183594
2020-05-21,33.630340576171875
2020-05-22,34.0113410949707
2020-05-26,34.3180046081543
2020-05-27,34.65254592895508
2020-05-28,35.609683990478516
2020-05-29,35.90705871582031
2020-06-01,36.269466400146484
2020-06-02,36.48320007324219
2020-06-03,36.929256439208984
2020-06-04,36.278770446777344
2020-06-05,36.789859771728516
2020-06-08,37.79347229003906
2020-06-09,37.01288604736328
2020-06-10,36.75269317626953
2020-06-11,35.22869110107422
2020-06-12,35.18222427368164
2020-06-15,35.368080139160156
2020-06-16,35.609683990478516
2020-06-17,35.451717376708984
2020-06-18,35.442420959472656
2020-06-19,34.47951126098633
2020-06-22,34.779239654541016
2020-06-23,34.4514045715332
2020-06-24,34.11418914794922
2020-06-25,33.73952102661133
2020-06-26,33.36484146118164
2020-06-29,34.001792907714844
2020-06-30,34.16102981567383
2020-07-01,34.91038131713867
2020-07-02,34.98530960083008
2020-07-06,34.61064529418945
2020-07-07,34.4514045715332
2020-07-08,34.713680267333984
2020-07-09,34.22659683227539
2020-07-10,34.8729133605957
2020-07-13,34.94784927368164
2020-07-14,35.26632308959961
2020-07-15,35.125816345214844
2020-07-16,35.566062927246094
2020-07-17,36.32478713989258
2020-07-20,35.80023193359375
2020-07-21,36.02503967285156
2020-07-22,36.60578918457031
2020-07-23,36.60578918457031
2020-07-24,36.36224365234375
2020-07-27,35.91263961791992
2020-07-28,36.44655227661133
2020-07-29,36.643253326416016
2020-07-30,36.615150451660156
2020-07-31,36.6619873046875
2020-08-03,36.23112106323242
2020-08-04,36.5964241027832
2020-08-05,36.17490768432617
2020-08-06,36.39971160888672
2020-08-07,37.10223388671875
2020-08-10,37.13032150268555
2020-08-11,36.34351348876953
2020-08-12,36.87742614746094
2020-08-13,36.71818923950195
2020-08-14,36.44655227661133
2020-08-17,36.390350341796875
2020-08-18,36.22174072265625
2020-08-19,36.13743591308594
2020-08-20,35.77212905883789
2020-08-21,35.83769989013672
2020-08-24,36.15616989135742
2020-08-25,35.847068786621094
2020-08-26,35.37872314453125
2020-08-27,35.500492095947266
2020-08-28,35.631629943847656
2020-08-31,35.69719696044922
2020-09-01,35.31315994262695
2020-09-02,36.3060417175293
2020-09-03,35.94073486328125
2020-09-04,35.69719696044922
2020-09-08,35.44429016113281
2020-09-09,35.90327453613281
2020-09-10,35.25695037841797
2020-09-11,35.30379104614258
2020-09-14,35.8189697265625
2020-09-15,36.01567459106445
2020-09-16,35.97820281982422
2020-09-17,35.69719696044922
2020-09-18,35.1030158996582
2020-09-21,34.85741424560547
2020-09-22,35.08412551879883
2020-09-23,34.50788879394531
2020-09-24,34.94242858886719
2020-09-25,35.490318298339844
2020-09-28,35.55644226074219
2020-09-29,35.565895080566406
2020-09-30,35.83983612060547
2020-10-01,36.208248138427734
2020-10-02,36.66168212890625
2020-10-05,37.0678825378418
2020-10-06,37.38905715942383
2020-10-07,37.62521743774414
2020-10-08,38.324256896972656
2020-10-09,38.324256896972656
2020-10-12,38.579307556152344
2020-10-13,38.25813293457031
2020-10-14,38.22978973388672
2020-10-15,38.23923873901367
2020-10-16,38.58875274658203
2020-10-19,38.305362701416016
2020-10-20,38.50373840332031
2020-10-21,38.46595001220703
2020-10-22,39.02328872680664
2020-10-23,39.11775588989258
2020-10-26,39.070526123046875
2020-10-27,39.01384353637695
2020-10-28,37.81414794921875
2020-10-29,37.94639587402344
2020-10-30,37.587432861328125
2020-11-02,38.41871643066406
2020-11-03,39.04219436645508
2020-11-04,38.42816925048828
2020-11-05,38.787132263183594
2020-11-06,38.64543533325195
2020-11-09,39.5145149230957
2020-11-10,40.19465255737305
2020-11-11,40.31745529174805
2020-11-12,39.5900764465332
2020-11-13,40.081298828125
2020-11-16,40.51583480834961
2020-11-17,39.769561767578125
2020-11-18,38.97605895996094
2020-11-19,38.607643127441406
2020-11-20,38.664329528808594
2020-11-23,38.73045349121094
2020-11-24,39.23111343383789
2020-11-25,39.2972412109375
2020-11-27,38.900489807128906
2020-11-30,38.27702713012695
2020-12-01,38.579307556152344
2020-12-02,38.81547164916992
2020-12-03,38.45650100708008
2020-12-04,38.13532638549805
2020-12-07,38.31480407714844
2020-12-08,38.201446533203125
2020-12-09,38.144771575927734
2020-12-10,37.955841064453125
2020-12-11,38.00307083129883
2020-12-14,37.785804748535156
2020-12-15,38.607643127441406
2020-12-16,38.144771575927734
2020-12-17,38.37148666381836
2020-12-18,38.093685150146484
2020-12-21,37.53236389160156
2020-12-22,37.57041549682617
2020-12-23,37.522850036621094
2020-12-24,37.76069641113281
2020-12-28,37.903404235839844
2020-12-29,37.846317291259766
2020-12-30,38.10319519042969
2020-12-31,38.60744094848633
2021-01-04,37.73215103149414
2021-01-05,37.741668701171875
2021-01-06,38.71208190917969
2021-01-07,38.20784378051758
2021-01-08,38.540836334228516
2021-01-11,38.22687530517578
2021-01-12,38.06513977050781
2021-01-13,38.664512634277344
2021-01-14,38.540836334228516
2021-01-15,38.91188049316406
2021-01-19,38.72159957885742
2021-01-20,38.959449768066406
2021-01-21,38.71208190917969
2021-01-22,38.75014114379883
2021-01-25,39.378055572509766
2021-01-26,39.01652526855469
2021-01-27,38.0175666809082
2021-01-28,38.4742317199707
2021-01-29,38.28396224975586
2021-02-01,38.4647216796875
2021-02-02,38.769168853759766
2021-02-03,38.68354415893555
2021-02-04,39.007015228271484
2021-02-05,39.2448616027832
2021-02-08,38.94993209838867
2021-02-09,39.01652526855469
2021-02-10,39.18777847290039
2021-02-11,39.02604675292969
2021-02-12,38.702579498291016
2021-02-16,38.36007308959961
2021-02-17,38.37909698486328
2021-02-18,38.616947174072266
2021-02-19,38.07465362548828
2021-02-22,37.399166107177734
2021-02-23,37.66556167602539
2021-02-24,37.313541412353516
2021-02-25,36.86638641357422
2021-02-26,36.10527038574219
2021-03-01,36.89493179321289
2021-03-02,36.73318862915039
2021-03-03,36.34312438964844
2021-03-04,36.352638244628906
2021-03-05,37.009098052978516
2021-03-08,37.551387786865234
2021-03-09,37.97000503540039
2021-03-10,38.23638916015625
2021-03-11,38.150760650634766
2021-03-12,38.664512634277344
2021-03-15,39.159244537353516
2021-03-16,39.18777847290039
2021-03-17,38.540836334228516
2021-03-18,38.341041564941406
2021-03-19,38.47529983520508
2021-03-22,38.38899230957031
2021-03-23,38.87809371948242
2021-03-24,38.906856536865234
2021-03-25,39.32881546020508
2021-03-26,39.530208587646484
2021-03-29,39.88504409790039
2021-03-30,39.57815933227539
2021-03-31,39.78914260864258
2021-04-01,39.77954864501953
2021-04-05,40.191925048828125
2021-04-06,40.36454391479492
2021-04-07,40.32618713378906
2021-04-08,40.268646240234375
2021-04-09,40.287818908691406
2021-04-12,40.345367431640625
2021-04-13,40.79610061645508
2021-04-14,40.9879035949707
2021-04-15,41.40986251831055
2021-04-16,41.72633361816406
2021-04-19,41.49617385864258
2021-04-20,41.95649719238281
2021-04-21,41.6879768371582
2021-04-22,41.390682220458984
2021-04-23,41.33313751220703
2021-04-26,41.06462097167969
2021-04-27,40.75774002075195
2021-04-28,40.728965759277344
2021-04-29,41.083797454833984
2021-04-30,41.342735290527344
2021-05-03,41.4002685546875
2021-05-04,41.19887924194336
2021-05-05,40.54676055908203
2021-05-06,40.86323165893555
2021-05-07,40.99748611450195
2021-05-10,41.352325439453125
2021-05-11,40.8536376953125
2021-05-12,39.85627746582031
2021-05-13,40.67143249511719
2021-05-14,40.882408142089844
2021-05-17,40.51799011230469
2021-05-18,40.498809814453125
2021-05-19,40.45085525512695
2021-05-20,40.7193717956543
2021-05-21,40.95912551879883
2021-05-24,40.90159225463867
2021-05-25,40.43168258666992
2021-05-26,40.460445404052734
2021-05-27,40.20151138305664
2021-05-28,40.40290832519531
2021-06-01,40.21110534667969
2021-06-02,40.41249465942383
2021-06-03,40.652244567871094
2021-06-04,40.575531005859375
2021-06-07,40.67143249511719
2021-06-08,40.3741340637207
2021-06-09,40.7193717956543
2021-06-10,40.99748611450195
2021-06-11,41.14134216308594
2021-06-14,41.17970275878906
2021-06-15,41.29478454589844
2021-06-16,40.73855972290039
2021-06-17,40.882408142089844
2021-06-18,39.807037353515625
2021-06-21,40.367431640625
2021-06-22,40.09689712524414
2021-06-23,39.69110107421875
2021-06-24,39.6524543762207
2021-06-25,40.10655975341797
2021-06-28,40.35776901245117
2021-06-29,39.71042251586914
2021-06-30,39.64278793334961
2021-07-01,40.09689712524414
2021-07-02,40.145206451416016
2021-07-06,40.28046798706055
2021-07-07,40.53168869018555
2021-07-08,40.37709045410156
2021-07-09,40.46405029296875
2021-07-12,40.59931945800781
2021-07-13,40.23216247558594
2021-07-14,40.53168869018555
2021-07-15,40.995452880859375
2021-07-16,41.362606048583984
2021-07-19,40.62830352783203
2021-07-20,40.88917541503906
2021-07-21,40.5026969909668
2021-07-22,40.53168869018555
2021-07-23,41.043766021728516
2021-07-26,41.00511932373047
2021-07-27,41.68144607543945
2021-07-28,41.478546142578125
2021-07-29,41.54618453979492
2021-07-30,41.2080192565918
2021-08-02,41.49787521362305
2021-08-03,41.79738998413086
2021-08-04,41.66212844848633
2021-08-05,42.0969123840332
2021-08-06,42.116233825683594
2021-08-09,42.07758712768555
2021-08-10,42.135562896728516
2021-08-11,42.50271224975586
2021-08-12,42.522037506103516
2021-08-13,42.78290557861328
2021-08-16,43.02445602416992
2021-08-17,42.9954719543457
2021-08-18,42.8118896484375
2021-08-19,42.927833557128906
2021-08-20,43.45923614501953
2021-08-23,42.93749237060547
2021-08-24,42.6862907409668
2021-08-25,42.78290557861328
2021-08-26,42.58967208862305
2021-08-27,42.65730285644531
2021-08-30,42.7442626953125
2021-08-31,42.715274810791016
2021-09-01,43.2660026550293
2021-09-02,43.61383056640625
2021-09-03,43.217689514160156
2021-09-07,42.66696548461914
2021-09-08,43.43025588989258
2021-09-09,43.17904281616211
2021-09-10,42.551021575927734
2021-09-13,42.49304962158203
2021-09-14,42.328800201416016
2021-09-15,42.280487060546875
2021-09-16,41.87468338012695
2021-09-17,41.30052947998047
2021-09-20,41.14482498168945
2021-09-21,41.07670211791992
2021-09-22,41.037776947021484
2021-09-23,40.9112663269043
2021-09-24,40.852882385253906
2021-09-27,40.3954963684082
2021-09-28,39.88946533203125
2021-09-29,40.42469024658203
2021-09-30,40.054893493652344
2021-10-01,40.08408737182617
2021-10-04,40.67770767211914
2021-10-05,40.629051208496094
2021-10-06,41.20321273803711
2021-10-07,41.047508239746094
2021-10-08,40.765289306640625
2021-10-11,40.191131591796875
2021-10-12,40.48307800292969
2021-10-13,40.97938919067383
2021-10-14,41.4756965637207
2021-10-15,41.39784240722656
2021-10-18,40.98912048339844
2021-10-19,41.465965270996094
2021-10-20,42.0985107421875
2021-10-21,42.07904815673828
2021-10-22,42.254207611083984
2021-10-25,42.16663360595703
2021-10-26,42.351531982421875
2021-10-27,42.04985427856445
2021-10-28,42.33207321166992
2021-10-29,42.127708435058594
2021-11-01,42.341800689697266
2021-11-02,42.31260681152344
2021-11-03,42.2347526550293
2021-11-04,42.010929107666016
2021-11-05,42.39046096801758
2021-11-08,41.80656814575195
2021-11-09,42.010929107666016
2021-11-10,42.31260681152344
2021-11-11,42.11796951293945
2021-11-12,42.07904815673828
2021-11-15,42.6240119934082
2021-11-16,42.3807258605957
2021-11-17,42.42938232421875
2021-11-18,42.22501754760742
2021-11-19,42.46831130981445
2021-11-22,42.75052261352539
2021-11-23,42.80891418457031
2021-11-24,42.779720306396484
2021-11-26,42.108245849609375
2021-11-29,42.672672271728516
2021-11-30,41.41730880737305
2021-12-01,41.5048942565918
2021-12-02,42.088783264160156
2021-12-03,42.4099235534668
2021-12-06,43.13005065917969
2021-12-07,43.431732177734375
2021-12-08,43.44145965576172
2021-12-09,43.32468032836914
2021-12-10,43.538780212402344
2021-12-13,44.03508377075195
2021-12-14,43.7723274230957
2021-12-15,44.45353698730469
2021-12-16,44.64816665649414
2021-12-17,44.063331604003906
2021-12-20,44.01435089111328
2021-12-21,44.024147033691406
2021-12-22,44.2298698425293
2021-12-23,44.200477600097656
2021-12-27,44.4257926940918
2021-12-28,44.78824996948242
2021-12-29,45.03316116333008
2021-12-30,45.21928787231445
2021-12-31,45.37602233886719
2022-01-03,44.9645881652832
2022-01-04,44.83723449707031
2022-01-05,44.71968078613281
2022-01-06,44.29844284057617
2022-01-07,44.65110778808594
2022-01-10,44.32783126831055
2022-01-11,43.96537399291992
2022-01-12,44.13190460205078
2022-01-13,44.25925827026367
2022-01-14,44.063331604003906
2022-01-18,43.495155334472656
2022-01-19,43.68128204345703
2022-01-20,43.65189743041992
2022-01-21,43.573524475097656
2022-01-24,43.132694244384766
2022-01-25,42.57430648803711
2022-01-26,42.2706298828125
2022-01-27,42.51553726196289
2022-01-28,43.07392120361328
2022-01-31,43.867408752441406
2022-02-01,43.289432525634766
2022-02-02,43.83802032470703
2022-02-03,43.66168975830078
2022-02-04,43.289432525634766
2022-02-07,43.201271057128906
2022-02-08,43.25025177001953
2022-02-09,43.455970764160156
2022-02-10,42.348995208740234
2022-02-11,42.339202880859375
2022-02-14,42.015926361083984
2022-02-15,41.81020736694336
2022-02-16,41.90816879272461
2022-02-17,41.98653793334961
2022-02-18,41.86898422241211
2022-02-22,41.81020736694336
2022-02-23,41.08528518676758
2022-02-24,41.52611541748047
2022-02-25,42.770233154296875
2022-02-28,43.034732818603516
2022-03-01,42.65268325805664
2022-03-02,43.16208267211914
2022-03-03,43.8772087097168
2022-03-04,44.81764221191406
2022-03-07,45.28785705566406
2022-03-08,44.68049621582031
2022-03-09,44.37681579589844
2022-03-10,44.67070007324219
2022-03-11,44.44538879394531
2022-03-14,44.45518493652344
2022-03-15,44.97438430786133
2022-03-16,44.95478820800781
2022-03-17,45.11152648925781
2022-03-18,44.76626205444336
2022-03-21,45.03260803222656
2022-03-22,45.06220245361328
2022-03-23,45.11152648925781
2022-03-24,45.53571319580078
2022-03-25,46.22624588012695
2022-03-28,46.512325286865234
2022-03-29,46.94636917114258
2022-03-30,47.31136703491211
2022-03-31,47.271907806396484
2022-04-01,47.9328498840332
2022-04-04,47.53825378417969
2022-04-05,47.804603576660156
2022-04-06,48.72202682495117
2022-04-07,48.6135139465332
2022-04-08,48.741756439208984
2022-04-11,48.070953369140625
2022-04-12,48.26824951171875
2022-04-13,48.1893310546875
2022-04-14,48.11041259765625
2022-04-18,47.903255462646484
2022-04-19,48.20906066894531
2022-04-20,48.633243560791016
2022-04-21,47.89339065551758
2022-04-22,47.09434509277344
2022-04-25,46.709617614746094
2022-04-26,46.27556610107422
2022-04-27,46.04867935180664
2022-04-28,46.54191970825195
2022-04-29,45.20030975341797
2022-05-02,44.726802825927734
2022-05-03,44.95368957519531
2022-05-04,45.950035095214844
2022-05-05,45.44692611694336
2022-05-06,45.81192398071289
2022-05-09,45.43706512451172
2022-05-10,44.89450454711914
2022-05-11,45.180580139160156
2022-05-12,44.75639724731445
2022-05-13,45.289093017578125
2022-05-16,45.47652053833008
2022-05-17,45.959896087646484
2022-05-18,45.5653076171875
2022-05-19,45.5159797668457
2022-05-20,45.58503341674805
2022-05-23,46.088138580322266
2022-05-24,46.94636917114258
2022-05-25,47.00556182861328
2022-05-26,47.114070892333984
2022-05-27,47.83420181274414
2022-05-31,47.21272277832031
2022-06-01,47.1338005065918
2022-06-02,47.47907257080078
2022-06-03,47.2916374206543
2022-06-06,47.48893356323242
2022-06-07,47.81447219848633
2022-06-08,46.887184143066406
2022-06-09,45.81192398071289
2022-06-10,45.42720031738281
2022-06-13,43.26681900024414
2022-06-14,42.191558837890625
2022-06-15,42.497371673583984
2022-06-16,41.63913345336914
2022-06-17,41.037384033203125
2022-06-21,41.76737594604492
2022-06-22,42.17182922363281
2022-06-23,43.12871170043945
2022-06-24,43.868568420410156
2022-06-27,44.27302551269531
2022-06-28,44.07572937011719
2022-06-29,44.065860748291016
2022-06-30,44.51964569091797
2022-07-01,45.63435745239258
2022-07-05,44.08559036254883
2022-07-06,44.49991226196289
2022-07-07,44.49991226196289
2022-07-08,44.37166976928711
2022-07-11,44.58869552612305
2022-07-12,44.40126037597656
2022-07-13,44.23356628417969
2022-07-14,44.23356628417969
2022-07-15,44.3519401550293
2022-07-18,43.79951477050781
2022-07-19,44.134918212890625
2022-07-20,43.56275939941406
2022-07-21,43.631813049316406
2022-07-22,44.1941032409668
2022-07-25,44.78599166870117
2022-07-26,45.03260803222656
2022-07-27,45.08193588256836
2022-07-28,46.67015838623047
2022-07-29,47.09434509277344
2022-08-01,47.104209899902344
2022-08-02,47.025291442871094
2022-08-03,47.30150604248047
2022-08-04,47.350826263427734
2022-08-05,47.1338005065918
2022-08-08,47.25218200683594
2022-08-09,47.745418548583984
2022-08-10,47.96244430541992
2022-08-11,47.96244430541992
2022-08-12,48.7713508605957
2022-08-15,49.20540237426758
2022-08-16,49.333641052246094
2022-08-17,49.24485778808594
2022-08-18,49.43229293823242
2022-08-19,49.36323928833008
2022-08-22,48.64311218261719
2022-08-23,48.34716796875
2022-08-24,48.52473449707031
2022-08-25,48.87000274658203
2022-08-26,48.11041259765625
2022-08-29,48.23865509033203
2022-08-30,47.49879837036133
2022-08-31,47.21272277832031
2022-09-01,47.86379623413086
2022-09-02,47.37055969238281
2022-09-06,47.41001892089844
2022-09-07,48.87986373901367
2022-09-08,48.85026931762695
2022-09-09,49.037696838378906
2022-09-12,49.52107238769531
2022-09-13,48.228790283203125
2022-09-14,48.633243560791016
2022-09-15,47.4494743347168
2022-09-16,47.28651809692383
2022-09-19,47.92243957519531
2022-09-20,47.22690200805664
2022-09-21,46.61085510253906
2022-09-22,46.41212844848633
2022-09-23,45.83583068847656
2022-09-26,44.81239700317383
2022-09-27,43.99762725830078
2022-09-28,44.51430892944336
2022-09-29,42.77547073364258
2022-09-30,41.95076370239258
2022-10-03,43.19279479980469
2022-10-04,44.13673400878906
2022-10-05,43.15304946899414
2022-10-06,41.791786193847656
2022-10-07,40.88758850097656
2022-10-10,40.9571418762207
2022-10-11,40.87765121459961
2022-10-12,39.57600784301758
2022-10-13,40.56962966918945
2022-10-14,39.98339080810547
2022-10-17,40.80809783935547
2022-10-18,41.54338073730469
2022-10-19,41.026695251464844
2022-10-20,40.00326156616211
2022-10-21,40.73854446411133
2022-10-24,41.04656982421875
2022-10-25,41.90108108520508
2022-10-26,41.89114761352539
2022-10-27,42.21904373168945
2022-10-28,43.3815803527832
2022-10-31,43.02387619018555
2022-11-01,43.15304946899414
2022-11-02,42.69598388671875
2022-11-03,42.87483596801758
2022-11-04,43.12324142456055
2022-11-07,42.34821319580078
2022-11-08,42.65623474121094
2022-11-09,42.33827590942383
2022-11-10,44.29571533203125
2022-11-11,43.828712463378906
2022-11-14,43.35177230834961
2022-11-15,43.828712463378906
2022-11-16,44.18641662597656
2022-11-17,43.42132568359375
2022-11-18,44.33545684814453
2022-11-21,44.59380340576172
2022-11-22,44.98131561279297
2022-11-23,45.44831848144531
2022-11-25,45.73646545410156
2022-11-28,45.22972106933594
2022-11-29,44.87201690673828
2022-11-30,45.98487091064453
2022-12-01,45.85570526123047
2022-12-02,45.66691207885742
2022-12-05,45.41850662231445
2022-12-06,45.63710403442383
2022-12-07,45.488059997558594
2022-12-08,45.71659469604492
2022-12-09,45.53774642944336
2022-12-12,46.49162292480469
2022-12-13,46.670475006103516
2022-12-14,46.571109771728516
2022-12-15,45.96500015258789
2022-12-16,45.22999954223633
2022-12-19,45.029998779296875
2022-12-20,45.08000183105469
2022-12-21,45.709999084472656
2022-12-22,45.40999984741211
2022-12-23,45.880001068115234
2022-12-27,46.15999984741211
2022-12-28,45.7400016784668
2022-12-29,46.060001373291016
2022-12-30,45.58000183105469
2023-01-03,45.59000015258789
2023-01-04,46.040000915527344
2023-01-05,45.040000915527344
2023-01-06,45.959999084472656
2023-01-09,46.220001220703125
2023-01-10,46.27000045776367
2023-01-11,46.68000030517578
2023-01-12,46.47999954223633
2023-01-13,46.22999954223633
2023-01-17,46.119998931884766
2023-01-18,45.04999923706055
2023-01-19,44.599998474121094
2023-01-20,44.83000183105469
2023-01-23,44.900001525878906
2023-01-24,45.130001068115234
2023-01-25,44.58000183105469
2023-01-26,44.720001220703125
2023-01-27,44.720001220703125
2023-01-30,44.470001220703125
2023-01-31,44.849998474121094
2023-02-01,45.0
2023-02-02,45.13999938964844
2023-02-03,44.25
2023-02-06,44.56999969482422
2023-02-07,44.560001373291016
2023-02-08,43.7599983215332
2023-02-09,43.150001525878906
2023-02-10,44.02000045776367
2023-02-13,44.2599983215332
2023-02-14,44.02000045776367
2023-02-15,44.33000183105469
2023-02-16,44.0099983215332
2023-02-17,44.470001220703125
2023-02-21,43.650001525878906
2023-02-22,43.5099983215332
2023-02-23,43.310001373291016
2023-02-24,43.2599983215332
2023-02-27,42.97999954223633
2023-02-28,42.29999923706055
2023-03-01,41.59000015258789
2023-03-02,42.31999969482422
2023-03-03,43.0099983215332
2023-03-06,43.209999084472656
2023-03-07,42.54999923706055
2023-03-08,42.869998931884766
2023-03-09,42.4900016784668
2023-03-10,41.810001373291016
2023-03-13,42.380001068115234
2023-03-14,43.0
2023-03-15,43.5
2023-03-16,43.79999923706055
2023-03-17,43.0099983215332
2023-03-20,43.36000061035156
2023-03-21,42.54999923706055
2023-03-22,41.68000030517578
2023-03-23,41.2400016784668
2023-03-24,42.52000045776367
