Date,ICF
2013-01-02,29.209453582763672
2013-01-03,29.19106674194336
2013-01-04,29.31244659423828
2013-01-07,29.3529109954834
2013-01-08,29.297733306884766
2013-01-09,29.397052764892578
2013-01-10,29.437515258789062
2013-01-11,29.41544532775879
2013-01-14,29.48900032043457
2013-01-15,29.647174835205078
2013-01-16,29.573610305786133
2013-01-17,29.643508911132812
2013-01-18,29.801666259765625
2013-01-22,29.94512367248535
2013-01-23,29.95982551574707
2013-01-24,29.97455596923828
2013-01-25,30.198928833007812
2013-01-28,30.246734619140625
2013-01-29,30.272489547729492
2013-01-30,29.99294090270996
2013-01-31,29.720752716064453
2013-02-01,29.886260986328125
2013-02-04,29.786958694458008
2013-02-05,29.75752830505371
2013-02-06,29.809030532836914
2013-02-07,29.672929763793945
2013-02-08,29.93041229248047
2013-02-11,30.022371292114258
2013-02-12,30.246734619140625
2013-02-13,30.213638305664062
2013-02-14,30.051790237426758
2013-02-15,30.040754318237305
2013-02-19,30.29088592529297
2013-02-20,30.129030227661133
2013-02-21,29.886260986328125
2013-02-22,30.184192657470703
2013-02-25,29.58832550048828
2013-02-26,29.706045150756836
2013-02-27,29.886260986328125
2013-02-28,29.809030532836914
2013-03-01,29.926727294921875
2013-03-04,30.147430419921875
2013-03-05,30.37548065185547
2013-03-06,30.327661514282227
2013-03-07,30.129030227661133
2013-03-08,30.103294372558594
2013-03-11,30.176847457885742
2013-03-12,30.092254638671875
2013-03-13,30.110647201538086
2013-03-14,30.287214279174805
2013-03-15,30.265134811401367
2013-03-18,30.129030227661133
2013-03-19,29.94512367248535
2013-03-20,30.070178985595703
2013-03-21,29.948802947998047
2013-03-22,30.118000030517578
2013-03-25,30.128751754760742
2013-03-26,30.388071060180664
2013-03-27,30.399168014526367
2013-03-28,30.543643951416016
2013-04-01,30.65108299255371
2013-04-02,30.799251556396484
2013-04-03,30.721473693847656
2013-04-04,31.277145385742188
2013-04-05,31.369747161865234
2013-04-08,31.67352294921875
2013-04-09,31.692039489746094
2013-04-10,31.884687423706055
2013-04-11,32.06249237060547
2013-04-12,32.1365852355957
2013-04-15,31.53645133972168
2013-04-16,32.07361602783203
2013-04-17,31.71426010131836
2013-04-18,31.68463897705078
2013-04-19,32.166229248046875
2013-04-22,32.07361602783203
2013-04-23,32.24772262573242
2013-04-24,32.30329513549805
2013-04-25,32.166229248046875
2013-04-26,32.084712982177734
2013-04-29,32.351463317871094
2013-04-30,32.71819305419922
2013-05-01,32.54408264160156
2013-05-02,32.71448516845703
2013-05-03,32.77005386352539
2013-05-06,32.91453170776367
2013-05-07,33.0553092956543
2013-05-08,32.98121643066406
2013-05-09,32.78858184814453
2013-05-10,32.9367561340332
2013-05-13,33.081233978271484
2013-05-14,33.21459197998047
2013-05-15,33.473915100097656
2013-05-16,33.33314895629883
2013-05-17,33.514671325683594
2013-05-20,33.60355758666992
2013-05-21,33.81473159790039
2013-05-22,32.9589729309082
2013-05-23,32.358856201171875
2013-05-24,32.30329513549805
2013-05-28,31.940248489379883
2013-05-29,31.340110778808594
2013-05-30,31.017826080322266
2013-05-31,30.59549903869629
2013-06-03,30.758512496948242
2013-06-04,30.35101890563965
2013-06-05,30.09170150756836
2013-06-06,30.614032745361328
2013-06-07,30.576980590820312
2013-06-10,30.317663192749023
2013-06-11,29.847192764282227
2013-06-12,29.480449676513672
2013-06-13,30.325088500976562
2013-06-14,30.421405792236328
2013-06-17,30.49178695678711
2013-06-18,30.536239624023438
2013-06-19,29.558246612548828
2013-06-20,28.29871940612793
2013-06-21,28.817354202270508
2013-06-24,28.743257522583008
2013-06-25,29.22484016418457
2013-06-26,29.658275604248047
2013-06-27,30.2420597076416
2013-06-28,30.092750549316406
2013-07-01,29.921056747436523
2013-07-02,30.398822784423828
2013-07-03,30.130077362060547
2013-07-05,30.036767959594727
2013-07-08,30.08902359008789
2013-07-09,30.533205032348633
2013-07-10,30.499616622924805
2013-07-11,31.328269958496094
2013-07-12,31.108041763305664
2013-07-15,31.242414474487305
2013-07-16,31.23868179321289
2013-07-17,31.402925491333008
2013-07-18,31.671667098999023
2013-07-19,31.56341552734375
2013-07-22,31.690351486206055
2013-07-23,31.653011322021484
2013-07-24,30.96992301940918
2013-07-25,30.988601684570312
2013-07-26,31.01099967956543
2013-07-29,30.76463508605957
2013-07-30,30.66012191772461
2013-07-31,30.167402267456055
2013-08-01,30.051694869995117
2013-08-02,29.943452835083008
2013-08-05,29.88372039794922
2013-08-06,29.7904052734375
2013-08-07,29.697086334228516
2013-08-08,29.678430557250977
2013-08-09,29.92477798461914
2013-08-12,29.652299880981445
2013-08-13,29.23050308227539
2013-08-14,29.103595733642578
2013-08-15,28.547426223754883
2013-08-16,27.853160858154297
2013-08-19,27.539609909057617
2013-08-20,28.174163818359375
2013-08-21,28.129377365112305
2013-08-22,28.282405853271484
2013-08-23,28.577287673950195
2013-08-26,28.4989070892334
2013-08-27,28.405595779418945
2013-08-28,28.29361343383789
2013-08-29,28.289873123168945
2013-08-30,28.15177345275879
2013-09-03,27.90540313720703
2013-09-04,28.09577751159668
2013-09-05,27.78597640991211
2013-09-06,28.286151885986328
2013-09-09,28.88337516784668
2013-09-10,28.85723304748535
2013-09-11,29.066274642944336
2013-09-12,28.82737922668457
2013-09-13,28.902048110961914
2013-09-16,29.271570205688477
2013-09-17,29.249170303344727
2013-09-18,30.32418441772461
2013-09-19,30.234590530395508
2013-09-20,29.64856719970703
2013-09-23,29.446998596191406
2013-09-24,29.19377899169922
2013-09-25,29.23892593383789
2013-09-26,29.430822372436523
2013-09-27,29.272802352905273
2013-09-30,28.92664337158203
2013-10-01,29.404478073120117
2013-10-02,29.45340347290039
2013-10-03,28.911582946777344
2013-10-04,28.87020492553711
2013-10-07,28.968027114868164
2013-10-08,28.693359375
2013-10-09,28.70465850830078
2013-10-10,29.44963836669922
2013-10-11,29.75816535949707
2013-10-14,29.728071212768555
2013-10-15,29.6076602935791
2013-10-16,30.2209529876709
2013-10-17,30.65366554260254
2013-10-18,30.540786743164062
2013-10-21,30.318796157836914
2013-10-22,30.65366554260254
2013-10-23,30.597211837768555
2013-10-24,30.540786743164062
2013-10-25,30.9697208404541
2013-10-28,30.683757781982422
2013-10-29,30.476823806762695
2013-10-30,30.172056198120117
2013-10-31,29.9688777923584
2013-11-01,30.251066207885742
2013-11-04,30.299978256225586
2013-11-05,29.739355087280273
2013-11-06,29.784513473510742
2013-11-07,29.37437629699707
2013-11-08,29.039518356323242
2013-11-11,29.06586265563965
2013-11-12,28.85138702392578
2013-11-13,29.01693344116211
2013-11-14,29.26526641845703
2013-11-15,29.333003997802734
2013-11-18,29.14862823486328
2013-11-19,28.900299072265625
2013-11-20,28.59553337097168
2013-11-21,28.817514419555664
2013-11-22,28.629390716552734
2013-11-25,28.44879722595215
2013-11-26,28.335914611816406
2013-11-27,28.58425521850586
2013-11-29,28.28324317932129
2013-12-02,28.11768341064453
2013-12-03,28.080059051513672
2013-12-04,28.196699142456055
2013-12-05,28.335914611816406
2013-12-06,28.60681915283203
2013-12-09,28.712173461914062
2013-12-10,28.70465850830078
2013-12-11,28.042436599731445
2013-12-12,27.858074188232422
2013-12-13,27.944610595703125
2013-12-16,27.98600196838379
2013-12-17,28.102638244628906
2013-12-18,28.61058807373047
2013-12-19,28.181655883789062
2013-12-20,28.31709861755371
2013-12-23,28.394994735717773
2013-12-24,28.42919158935547
2013-12-26,28.467187881469727
2013-12-27,28.46339225769043
2013-12-30,28.51279640197754
2013-12-31,28.391197204589844
2014-01-02,28.32280921936035
2014-01-03,28.53558349609375
2014-01-06,28.721765518188477
2014-01-07,28.828163146972656
2014-01-08,28.744564056396484
2014-01-09,28.7901554107666
2014-01-10,29.196720123291016
2014-01-13,28.976346969604492
2014-01-14,29.204330444335938
2014-01-15,29.375307083129883
2014-01-16,29.424711227416992
2014-01-17,29.268924713134766
2014-01-21,29.527292251586914
2014-01-22,29.656492233276367
2014-01-23,29.489303588867188
2014-01-24,29.12833595275879
2014-01-27,28.949748992919922
2014-01-28,29.2385196685791
2014-01-29,29.07513999938965
2014-01-30,29.54250144958496
2014-01-31,29.705886840820312
2014-02-03,29.25372314453125
2014-02-04,29.648897171020508
2014-02-05,29.626094818115234
2014-02-06,29.930065155029297
2014-02-07,30.139053344726562
2014-02-10,30.488618850708008
2014-02-11,30.572214126586914
2014-02-12,30.54181480407715
2014-02-13,30.671001434326172
2014-02-14,30.762197494506836
2014-02-18,30.887598037719727
2014-02-19,30.895187377929688
2014-02-20,30.762197494506836
2014-02-21,30.81919288635254
2014-02-24,30.94077491760254
2014-02-25,31.01677894592285
2014-02-26,31.054780960083008
2014-02-27,30.974977493286133
2014-02-28,31.210561752319336
2014-03-03,31.221960067749023
2014-03-04,31.696910858154297
2014-03-05,31.613327026367188
2014-03-06,31.370147705078125
2014-03-07,31.009180068969727
2014-03-10,30.85338592529297
2014-03-11,31.08517074584961
2014-03-12,31.149770736694336
2014-03-13,30.99397850036621
2014-03-14,31.07377052307129
2014-03-17,31.1535587310791
2014-03-18,31.271352767944336
2014-03-19,30.625404357910156
2014-03-20,30.72800064086914
2014-03-21,31.01677894592285
2014-03-24,30.81919288635254
2014-03-25,31.12864875793457
2014-03-26,30.81076431274414
2014-03-27,31.02906036376953
2014-03-28,31.26268196105957
2014-03-31,31.49630355834961
2014-04-01,31.637998580932617
2014-04-02,31.664810180664062
2014-04-03,31.572906494140625
2014-04-04,31.756731033325195
2014-04-07,31.925243377685547
2014-04-08,32.170345306396484
2014-04-09,32.05928421020508
2014-04-10,31.749073028564453
2014-04-11,31.622676849365234
2014-04-14,31.768220901489258
2014-04-15,32.181846618652344
2014-04-16,32.40395736694336
2014-04-17,32.223968505859375
2014-04-21,32.346527099609375
2014-04-22,32.361839294433594
2014-04-23,32.23928451538086
2014-04-24,32.42311096191406
2014-04-25,32.304386138916016
2014-04-28,32.64907455444336
2014-04-29,32.65290451049805
2014-04-30,32.72566604614258
2014-05-01,32.94396209716797
2014-05-02,32.86354064941406
2014-05-05,33.005252838134766
2014-05-06,32.886512756347656
2014-05-07,33.29248046875
2014-05-08,33.44950866699219
2014-05-09,33.399715423583984
2014-05-12,33.506954193115234
2014-05-13,33.26950454711914
2014-05-14,33.330780029296875
2014-05-15,33.342254638671875
2014-05-16,33.656314849853516
2014-05-19,33.48396682739258
2014-05-20,33.38821792602539
2014-05-21,33.2005615234375
2014-05-22,33.08183288574219
2014-05-23,33.342254638671875
2014-05-27,33.51460647583008
2014-05-28,33.25035095214844
2014-05-29,33.34610366821289
2014-05-30,33.52226638793945
2014-06-02,33.63715744018555
2014-06-03,33.5567512512207
2014-06-04,33.6218376159668
2014-06-05,34.26907730102539
2014-06-06,34.081417083740234
2014-06-09,33.59504318237305
2014-06-10,33.338436126708984
2014-06-11,33.26950454711914
2014-06-12,33.185245513916016
2014-06-13,33.27716064453125
2014-06-16,33.120140075683594
2014-06-17,33.15077209472656
2014-06-18,33.3958854675293
2014-06-19,33.663970947265625
2014-06-20,33.782691955566406
2014-06-23,33.66014099121094
2014-06-24,33.66780471801758
2014-06-25,33.608375549316406
2014-06-26,33.550498962402344
2014-06-27,33.77043151855469
2014-06-30,33.69712448120117
2014-07-01,33.832176208496094
2014-07-02,33.78587341308594
2014-07-03,33.58522033691406
2014-07-07,33.708702087402344
2014-07-08,33.809024810791016
2014-07-09,33.8823356628418
2014-07-10,34.04054260253906
2014-07-11,34.03281784057617
2014-07-14,34.20260238647461
2014-07-15,34.260467529296875
2014-07-16,34.37238311767578
2014-07-17,34.20260238647461
2014-07-18,34.5074348449707
2014-07-21,34.39553451538086
2014-07-22,34.5653076171875
2014-07-23,34.61161422729492
2014-07-24,34.62319564819336
2014-07-25,34.37238311767578
2014-07-28,34.64248275756836
2014-07-29,34.468841552734375
2014-07-30,34.41482162475586
2014-07-31,33.90162658691406
2014-08-01,33.824466705322266
2014-08-04,34.03281784057617
2014-08-05,33.68169403076172
2014-08-06,33.63153076171875
2014-08-07,33.64696502685547
2014-08-08,33.8823356628418
2014-08-11,34.07140350341797
2014-08-12,34.01353073120117
2014-08-13,34.53831100463867
2014-08-14,34.49971389770508
2014-08-15,34.476566314697266
2014-08-18,34.8238410949707
2014-08-19,34.89715576171875
2014-08-20,35.059200286865234
2014-08-21,35.00904846191406
2014-08-22,34.70806121826172
2014-08-25,34.65020751953125
2014-08-26,34.65791702270508
2014-08-27,34.71580505371094
2014-08-28,34.72738265991211
2014-08-29,34.89329147338867
2014-09-02,34.881717681884766
2014-09-03,34.978179931640625
2014-09-04,34.881717681884766
2014-09-05,35.26371765136719
2014-09-08,35.221275329589844
2014-09-09,35.03606414794922
2014-09-10,34.407100677490234
2014-09-11,34.43798065185547
2014-09-12,33.307411193847656
2014-09-15,33.230247497558594
2014-09-16,33.515769958496094
2014-09-17,33.496482849121094
2014-09-18,33.16850662231445
2014-09-19,33.253395080566406
2014-09-22,33.01028823852539
2014-09-23,32.80579376220703
2014-09-24,32.6984748840332
2014-09-25,32.5623664855957
2014-09-26,32.958988189697266
2014-09-29,32.947330474853516
2014-09-30,32.84623336791992
2014-10-01,32.861785888671875
2014-10-02,32.85013198852539
2014-10-03,33.06010055541992
2014-10-06,33.13397216796875
2014-10-07,32.88511276245117
2014-10-08,33.62004089355469
2014-10-09,33.690040588378906
2014-10-10,33.78725051879883
2014-10-13,33.81446838378906
2014-10-14,34.40553283691406
2014-10-15,34.24998474121094
2014-10-16,34.246097564697266
2014-10-17,34.36662673950195
2014-10-20,34.8371467590332
2014-10-21,35.152122497558594
2014-10-22,35.163780212402344
2014-10-23,35.397090911865234
2014-10-24,35.350433349609375
2014-10-27,35.60319137573242
2014-10-28,35.71596145629883
2014-10-29,35.712059020996094
2014-10-30,35.953155517578125
2014-10-31,36.419769287109375
2014-11-03,36.81639862060547
2014-11-04,36.90972900390625
2014-11-05,36.8125114440918
2014-11-06,36.48198318481445
2014-11-07,36.40032958984375
2014-11-10,36.7580680847168
2014-11-11,36.586978912353516
2014-11-12,36.27589797973633
2014-11-13,36.51699447631836
2014-11-14,36.229225158691406
2014-11-17,36.43920135498047
2014-11-18,36.58309555053711
2014-11-19,36.38088607788086
2014-11-20,36.40809631347656
2014-11-21,36.72308349609375
2014-11-24,36.78916931152344
2014-11-25,36.866947174072266
2014-11-26,37.21302032470703
2014-11-28,37.33745574951172
2014-12-01,37.356903076171875
2014-12-02,37.56689453125
2014-12-03,37.52021026611328
2014-12-04,37.613563537597656
2014-12-05,37.36857223510742
2014-12-08,37.64076614379883
2014-12-09,37.83908462524414
2014-12-10,37.86241912841797
2014-12-11,37.893524169921875
2014-12-12,37.57465744018555
2014-12-15,37.1663703918457
2014-12-16,37.057491302490234
2014-12-17,37.89739990234375
2014-12-18,38.19682312011719
2014-12-19,38.30180740356445
2014-12-22,38.88509750366211
2014-12-23,38.632328033447266
2014-12-24,38.4069709777832
2014-12-26,38.55223846435547
2014-12-29,38.73285675048828
2014-12-30,38.65824890136719
2014-12-31,38.022186279296875
2015-01-02,38.618988037109375
2015-01-05,38.87811279296875
2015-01-06,39.302162170410156
2015-01-07,39.957847595214844
2015-01-08,40.04814147949219
2015-01-09,40.1541633605957
2015-01-12,40.464332580566406
2015-01-13,40.377952575683594
2015-01-14,40.73918151855469
2015-01-15,40.88837432861328
2015-01-16,41.174983978271484
2015-01-20,40.91194152832031
2015-01-21,40.856971740722656
2015-01-22,41.59510803222656
2015-01-23,41.51657485961914
2015-01-26,41.84640121459961
2015-01-27,41.83462142944336
2015-01-28,41.55584716796875
2015-01-29,41.634368896484375
2015-01-30,40.76667404174805
2015-02-02,40.75489044189453
2015-02-03,41.04543685913086
2015-02-04,40.849117279052734
2015-02-05,41.38309860229492
2015-02-06,40.162017822265625
2015-02-09,39.95393753051758
2015-02-10,40.14238739013672
2015-02-11,40.00888442993164
2015-02-12,40.48004150390625
2015-02-13,40.095272064208984
2015-02-17,40.02067565917969
2015-02-18,40.425071716308594
2015-02-19,39.43172836303711
2015-02-20,39.8950309753418
2015-02-23,40.20127868652344
2015-02-24,39.32571792602539
2015-02-25,39.28252410888672
2015-02-26,38.8427734375
2015-02-27,39.18043518066406
2015-03-02,39.39638137817383
2015-03-03,39.34142303466797
2015-03-04,38.9370002746582
2015-03-05,39.18830108642578
2015-03-06,37.89262771606445
2015-03-09,38.25776672363281
2015-03-10,38.23027801513672
2015-03-11,38.21064758300781
2015-03-12,38.854557037353516
2015-03-13,38.862403869628906
2015-03-16,39.33357620239258
2015-03-17,39.23933029174805
2015-03-18,40.09135437011719
2015-03-19,40.07563400268555
2015-03-20,41.03364944458008
2015-03-23,41.02580642700195
2015-03-24,40.707759857177734
2015-03-25,39.96234893798828
2015-03-26,39.72127151489258
2015-03-27,39.79240036010742
2015-03-30,40.40106964111328
2015-03-31,39.97025680541992
2015-04-01,39.81612777709961
2015-04-02,40.14811325073242
2015-04-06,40.582881927490234
2015-04-07,39.899112701416016
2015-04-08,39.96234893798828
2015-04-09,39.14420700073242
2015-04-10,39.096778869628906
2015-04-13,38.970306396484375
2015-04-14,39.13629913330078
2015-04-15,38.843833923339844
2015-04-16,39.013790130615234
2015-04-17,38.843833923339844
2015-04-20,38.8873176574707
2015-04-21,38.982173919677734
2015-04-22,39.02169418334961
2015-04-23,39.096778869628906
2015-04-24,39.191650390625
2015-04-27,39.16396713256836
2015-04-28,39.04145050048828
2015-04-29,38.21146774291992
2015-04-30,37.60675048828125
2015-05-01,37.903175354003906
2015-05-04,37.98617172241211
2015-05-05,37.10874557495117
2015-05-06,37.03364944458008
2015-05-07,37.614646911621094
2015-05-08,38.21146774291992
2015-05-11,37.57512283325195
2015-05-12,37.709510803222656
2015-05-13,37.361698150634766
2015-05-14,38.10868835449219
2015-05-15,38.44860076904297
2015-05-18,38.322120666503906
2015-05-19,38.16008758544922
2015-05-20,38.1363525390625
2015-05-21,37.93874740600586
2015-05-22,37.95060729980469
2015-05-26,37.630455017089844
2015-05-27,38.02965545654297
2015-05-28,37.9268913269043
2015-05-29,37.5197868347168
2015-06-01,37.98617172241211
2015-06-02,37.6027946472168
2015-06-03,37.01784133911133
2015-06-04,36.9427490234375
2015-06-05,36.507991790771484
2015-06-08,36.42103958129883
2015-06-09,36.168094635009766
2015-06-10,36.436851501464844
2015-06-11,36.73721694946289
2015-06-12,36.67399215698242
2015-06-15,36.50404357910156
2015-06-16,36.85184860229492
2015-06-17,37.136409759521484
2015-06-18,37.673946380615234
2015-06-19,37.270790100097656
2015-06-22,36.85184860229492
2015-06-23,36.51195526123047
2015-06-24,36.346580505371094
2015-06-25,35.94807052612305
2015-06-26,36.2349739074707
2015-06-29,35.661155700683594
2015-06-30,35.70896911621094
2015-07-01,36.310707092285156
2015-07-02,36.43424606323242
2015-07-06,36.58566665649414
2015-07-07,37.23120880126953
2015-07-08,37.131591796875
2015-07-09,37.00407409667969
2015-07-10,37.255123138427734
2015-07-13,37.259117126464844
2015-07-14,37.35475158691406
2015-07-15,37.41453552246094
2015-07-16,37.709407806396484
2015-07-17,37.53009033203125
2015-07-20,37.60581588745117
2015-07-21,37.47430419921875
2015-07-22,37.63768005371094
2015-07-23,37.267086029052734
2015-07-24,37.48227310180664
2015-07-27,37.625736236572266
2015-07-28,37.70143508911133
2015-07-29,37.88874435424805
2015-07-30,37.70542526245117
2015-07-31,37.972408294677734
2015-08-03,38.2194938659668
2015-08-04,37.98038101196289
2015-08-05,37.83294677734375
2015-08-06,37.9604606628418
2015-08-07,38.1318244934082
2015-08-10,37.98038101196289
2015-08-11,38.26729202270508
2015-08-12,38.446617126464844
2015-08-13,38.53828048706055
2015-08-14,38.709625244140625
2015-08-17,39.068275451660156
2015-08-18,39.171875
2015-08-19,38.888946533203125
2015-08-20,38.63789749145508
2015-08-21,37.96446228027344
2015-08-24,36.075592041015625
2015-08-25,35.063419342041016
2015-08-26,36.083560943603516
2015-08-27,36.808815002441406
2015-08-28,36.70123291015625
2015-08-31,35.82851791381836
2015-09-01,35.1231803894043
2015-09-02,35.51371765136719
2015-09-03,35.573482513427734
2015-09-04,34.828304290771484
2015-09-08,35.3822021484375
2015-09-09,34.876121520996094
2015-09-10,34.99168395996094
2015-09-11,35.689048767089844
2015-09-14,35.697017669677734
2015-09-15,36.13935470581055
2015-09-16,36.537845611572266
2015-09-17,36.96023941040039
2015-09-18,36.96422576904297
2015-09-21,37.29099655151367
2015-09-22,36.844669342041016
2015-09-23,37.06784439086914
2015-09-24,36.74504852294922
2015-09-25,36.95278549194336
2015-09-28,36.33403015136719
2015-09-29,36.916622161865234
2015-09-30,37.21396255493164
2015-10-01,37.38270568847656
2015-10-02,37.70012664794922
2015-10-05,38.2827033996582
2015-10-06,38.13405990600586
2015-10-07,38.53986358642578
2015-10-08,38.841209411621094
2015-10-09,38.76887893676758
2015-10-12,38.989864349365234
2015-10-13,38.72468948364258
2015-10-14,38.38718032836914
2015-10-15,38.941646575927734
2015-10-16,39.28718948364258
2015-10-19,39.87782669067383
2015-10-20,39.813541412353516
2015-10-21,39.71308898925781
2015-10-22,40.05060958862305
2015-10-23,39.60460662841797
2015-10-26,39.636756896972656
2015-10-27,39.66086196899414
2015-10-28,39.588531494140625
2015-10-29,39.56041717529297
2015-10-30,39.166656494140625
2015-11-02,40.082740783691406
2015-11-03,39.57246398925781
2015-11-04,39.42782211303711
2015-11-05,39.58452224731445
2015-11-06,38.24654769897461
2015-11-09,37.623775482177734
2015-11-10,38.06574630737305
2015-11-11,38.15816116333008
2015-11-12,37.94922637939453
2015-11-13,37.515296936035156
2015-11-16,37.94922637939453
2015-11-17,38.001468658447266
2015-11-18,38.36308288574219
2015-11-19,38.57602310180664
2015-11-20,39.04210662841797
2015-11-23,39.09433364868164
2015-11-24,38.829158782958984
2015-11-25,39.026031494140625
2015-11-27,39.36754608154297
2015-11-30,39.04210662841797
2015-12-01,39.66086196899414
2015-12-02,38.865318298339844
2015-12-03,38.27467727661133
2015-12-04,39.11844253540039
2015-12-07,39.05014419555664
2015-12-08,39.070228576660156
2015-12-09,38.813072204589844
2015-12-10,38.45146560668945
2015-12-11,38.49967956542969
2015-12-14,38.829158782958984
2015-12-15,39.166656494140625
2015-12-16,39.95417022705078
2015-12-17,39.7452392578125
2015-12-18,39.28718948364258
2015-12-21,39.48006057739258
2015-12-22,39.592552185058594
2015-12-23,40.042564392089844
2015-12-24,40.02387619018555
2015-12-28,40.32038116455078
2015-12-29,40.76716613769531
2015-12-30,40.629066467285156
2015-12-31,40.308197021484375
2016-01-04,39.77204513549805
2016-01-05,40.588462829589844
2016-01-06,40.44223403930664
2016-01-07,39.73955154418945
2016-01-08,39.268409729003906
2016-01-11,39.54460525512695
2016-01-12,39.34151077270508
2016-01-13,38.8541145324707
2016-01-14,38.785072326660156
2016-01-15,38.56979751586914
2016-01-19,38.785072326660156
2016-01-20,37.55436706542969
2016-01-21,37.78995132446289
2016-01-22,38.817562103271484
2016-01-25,38.62260437011719
2016-01-26,39.35369873046875
2016-01-27,38.55760192871094
2016-01-28,38.11488723754883
2016-01-29,38.785072326660156
2016-02-01,38.866310119628906
2016-02-02,38.553550720214844
2016-02-03,38.77288055419922
2016-02-04,38.80131912231445
2016-02-05,37.93211364746094
2016-02-08,36.75421905517578
2016-02-09,35.97843933105469
2016-02-10,36.25056457519531
2016-02-11,35.76316452026367
2016-02-12,36.1530876159668
2016-02-16,36.7623405456543
2016-02-17,37.099464416503906
2016-02-18,37.45689010620117
2016-02-19,37.75339126586914
2016-02-22,38.15550231933594
2016-02-23,38.033653259277344
2016-02-24,37.919921875
2016-02-25,38.69976043701172
2016-02-26,38.48856735229492
2016-02-29,38.33420944213867
2016-03-01,39.4511833190918
2016-03-02,39.723323822021484
2016-03-03,39.85327911376953
2016-03-04,39.84922790527344
2016-03-07,39.897972106933594
2016-03-08,39.568965911865234
2016-03-09,39.784236907958984
2016-03-10,39.71925354003906
2016-03-11,40.710304260253906
2016-03-14,40.70217514038086
2016-03-15,40.78342819213867
2016-03-16,41.25862503051758
2016-03-17,41.85163116455078
2016-03-18,41.616050720214844
2016-03-21,41.21396255493164
2016-03-22,41.19770050048828
2016-03-23,41.02362823486328
2016-03-24,40.99077606201172
2016-03-28,41.405452728271484
2016-03-29,42.25120544433594
2016-03-30,42.0952033996582
2016-03-31,42.35386276245117
2016-04-01,42.38669967651367
2016-04-04,42.32101058959961
2016-04-05,42.10341262817383
2016-04-06,42.18552780151367
2016-04-07,41.93096923828125
2016-04-08,42.136253356933594
2016-04-11,41.98024368286133
2016-04-12,42.27174377441406
2016-04-13,41.9925651550293
2016-04-14,41.67643737792969
2016-04-15,41.996673583984375
2016-04-18,42.26353073120117
2016-04-19,42.23891067504883
2016-04-20,41.528629302978516
2016-04-21,40.785499572753906
2016-04-22,41.21659469604492
2016-04-25,41.60253143310547
2016-04-26,41.680519104003906
2016-04-27,41.573787689208984
2016-04-28,41.43418884277344
2016-04-29,41.085208892822266
2016-05-02,41.71748733520508
2016-05-03,41.828330993652344
2016-05-04,42.47291946411133
2016-05-05,42.5755615234375
2016-05-06,42.9779167175293
2016-05-09,43.4500617980957
2016-05-10,43.49933624267578
2016-05-11,42.468814849853516
2016-05-12,42.77262878417969
2016-05-13,42.3415412902832
2016-05-16,42.780845642089844
2016-05-17,41.9925651550293
2016-05-18,41.331546783447266
2016-05-19,40.89635467529297
2016-05-20,41.21659469604492
2016-05-23,41.23301696777344
2016-05-24,41.680519104003906
2016-05-25,41.69695281982422
2016-05-26,41.77908706665039
2016-05-27,41.95560836791992
2016-05-31,41.96792221069336
2016-06-01,41.90223693847656
2016-06-02,42.10341262817383
2016-06-03,42.21015930175781
2016-06-06,41.869388580322266
2016-06-07,42.08699035644531
2016-06-08,42.27174377441406
2016-06-09,42.36616897583008
2016-06-10,42.197837829589844
2016-06-13,42.27174377441406
2016-06-14,42.16089630126953
2016-06-15,42.604305267333984
2016-06-16,42.9122314453125
2016-06-17,42.80548095703125
2016-06-20,42.797264099121094
2016-06-21,43.03055191040039
2016-06-22,42.976783752441406
2016-06-23,43.18775177001953
2016-06-24,42.79478454589844
2016-06-27,42.881649017333984
2016-06-28,43.79579162597656
2016-06-29,44.3459358215332
2016-06-30,44.75542449951172
2016-07-01,44.73059844970703
2016-07-05,45.27246856689453
2016-07-06,45.07392501831055
2016-07-07,44.53618240356445
2016-07-08,45.284881591796875
2016-07-11,45.491703033447266
2016-07-12,45.48756408691406
2016-07-13,45.72746658325195
2016-07-14,45.33864974975586
2016-07-15,45.284881591796875
2016-07-18,45.355186462402344
2016-07-19,45.58268737792969
2016-07-20,45.528926849365234
2016-07-21,45.607513427734375
2016-07-22,46.0294189453125
2016-07-25,45.992191314697266
2016-07-26,45.810203552246094
2016-07-27,45.367610931396484
2016-07-28,45.731597900390625
2016-07-29,46.21554946899414
2016-08-01,46.45131301879883
2016-08-02,45.64060592651367
2016-08-03,45.37588119506836
2016-08-04,45.264198303222656
2016-08-05,45.24765396118164
2016-08-08,45.37173843383789
2016-08-09,45.61991882324219
2016-08-10,45.57442092895508
2016-08-11,45.02016067504883
2016-08-12,45.19800567626953
2016-08-15,45.14010238647461
2016-08-16,44.65614700317383
2016-08-17,44.82161331176758
2016-08-18,44.72646713256836
2016-08-19,44.33350372314453
2016-08-22,44.53618240356445
2016-08-23,44.49482727050781
2016-08-24,44.29215621948242
2016-08-25,44.49482727050781
2016-08-26,44.06051254272461
2016-08-29,44.523780822753906
2016-08-30,44.38728332519531
2016-08-31,44.4493293762207
2016-09-01,44.32110595703125
2016-09-02,44.635467529296875
2016-09-06,44.9829216003418
2016-09-07,45.21456527709961
2016-09-08,44.63959884643555
2016-09-09,42.956111907958984
2016-09-12,43.52692794799805
2016-09-13,42.455604553222656
2016-09-14,42.60450744628906
2016-09-15,42.80719757080078
2016-09-16,42.79478454589844
2016-09-19,43.18775177001953
2016-09-20,43.14638137817383
2016-09-21,43.65928649902344
2016-09-22,44.441062927246094
2016-09-23,44.577552795410156
2016-09-26,44.6779670715332
2016-09-27,44.29050064086914
2016-09-28,44.59463882446289
2016-09-29,43.998870849609375
2016-09-30,43.70307922363281
2016-10-03,42.79069137573242
2016-10-04,42.20742416381836
2016-10-05,41.38669967651367
2016-10-06,41.45335388183594
2016-10-07,41.37002182006836
2016-10-10,41.59499740600586
2016-10-11,41.19087600708008
2016-10-12,41.653324127197266
2016-10-13,41.903297424316406
2016-10-14,41.75748825073242
2016-10-17,41.80330276489258
2016-10-18,42.08660125732422
2016-10-19,42.15743637084961
2016-10-20,42.0699462890625
2016-10-21,41.88663101196289
2016-10-24,41.94078826904297
2016-10-25,41.861629486083984
2016-10-26,41.45335388183594
2016-10-27,40.34514236450195
2016-10-28,40.47430419921875
2016-10-31,41.17837905883789
2016-11-01,40.25349044799805
2016-11-02,39.70355224609375
2016-11-03,39.40359878540039
2016-11-04,39.77854919433594
2016-11-07,40.46180725097656
2016-11-08,40.73677444458008
2016-11-09,39.97852325439453
2016-11-10,39.416099548339844
2016-11-11,39.532745361328125
2016-11-14,40.5867805480957
2016-11-15,40.149349212646484
2016-11-16,39.97019958496094
2016-11-17,39.491085052490234
2016-11-18,39.53690719604492
2016-11-21,39.40359878540039
2016-11-22,40.06601333618164
2016-11-23,39.82854461669922
2016-11-25,39.991024017333984
2016-11-28,40.29515838623047
2016-11-29,40.60760498046875
2016-11-30,40.25349044799805
2016-12-01,39.59107971191406
2016-12-02,39.991024017333984
2016-12-05,40.28266143798828
2016-12-06,40.49929428100586
2016-12-07,41.34919738769531
2016-12-08,41.586666107177734
2016-12-09,41.49917221069336
2016-12-12,41.894962310791016
2016-12-13,41.95745086669922
2016-12-14,41.09504699707031
2016-12-15,40.81175994873047
2016-12-16,41.465850830078125
2016-12-19,41.911617279052734
2016-12-20,41.932456970214844
2016-12-21,41.31169509887695
2016-12-22,41.25666809082031
2016-12-23,41.34556579589844
2016-12-27,41.43022155761719
2016-12-28,41.207740783691406
2016-12-29,41.66541290283203
2016-12-30,42.224788665771484
2017-01-03,42.27988815307617
2017-01-04,42.89436340332031
2017-01-05,43.182518005371094
2017-01-06,43.25456619262695
2017-01-09,42.88589096069336
2017-01-10,42.34345245361328
2017-01-11,42.046810150146484
2017-01-12,42.24599075317383
2017-01-13,42.13579559326172
2017-01-17,42.47482681274414
2017-01-18,42.559574127197266
2017-01-19,42.20359420776367
2017-01-20,42.495994567871094
2017-01-23,42.83079147338867
2017-01-24,42.771453857421875
2017-01-25,42.39006805419922
2017-01-26,42.32650375366211
2017-01-27,41.96628952026367
2017-01-30,41.796783447265625
2017-01-31,42.08917999267578
2017-02-01,41.470481872558594
2017-02-02,42.01290512084961
2017-02-03,42.13579559326172
2017-02-06,42.06800079345703
2017-02-07,41.95782470703125
2017-02-08,42.377357482910156
2017-02-09,42.415496826171875
2017-02-10,42.690948486328125
2017-02-13,42.72060012817383
2017-02-14,42.500247955322266
2017-02-15,42.35615921020508
2017-02-16,42.584999084472656
2017-02-17,42.71213912963867
2017-02-21,43.2164306640625
2017-02-22,43.09353256225586
2017-02-23,43.4071159362793
2017-02-24,43.640193939208984
2017-02-27,43.843605041503906
2017-02-28,43.59781265258789
2017-03-01,43.39863586425781
2017-03-02,43.21218490600586
2017-03-03,43.03843688964844
2017-03-06,42.90283966064453
2017-03-07,42.729087829589844
2017-03-08,42.017147064208984
2017-03-09,41.43657302856445
2017-03-10,41.23316955566406
2017-03-13,41.317909240722656
2017-03-14,41.309444427490234
2017-03-15,42.15276336669922
2017-03-16,42.046810150146484
2017-03-17,42.19090270996094
2017-03-20,42.21631622314453
2017-03-21,42.12308120727539
2017-03-22,42.17817306518555
2017-03-23,42.46635055541992
2017-03-24,42.3770637512207
2017-03-27,41.97983169555664
2017-03-28,42.13787078857422
2017-03-29,42.30873107910156
2017-03-30,42.372802734375
2017-03-31,42.607730865478516
2017-04-03,42.77431869506836
2017-04-04,42.67179489135742
2017-04-05,42.78286361694336
2017-04-06,42.96653366088867
2017-04-07,43.03061294555664
2017-04-10,43.363773345947266
2017-04-11,43.56026840209961
2017-04-12,43.509002685546875
2017-04-13,43.3936767578125
2017-04-17,43.919071197509766
2017-04-18,44.051483154296875
2017-04-19,43.9575080871582
2017-04-20,43.9276123046875
2017-04-21,43.75247573852539
2017-04-24,43.23564147949219
2017-04-25,43.44066619873047
2017-04-26,42.98362731933594
2017-04-27,42.84266662597656
2017-04-28,42.56073760986328
2017-05-01,42.8341178894043
2017-05-02,42.851200103759766
2017-05-03,42.30873107910156
2017-05-04,42.3215446472168
2017-05-05,42.60345458984375
2017-05-08,42.3770637512207
2017-05-09,42.18486022949219
2017-05-10,42.52231216430664
2017-05-11,42.3898811340332
2017-05-12,42.26175308227539
2017-05-15,42.3514404296875
2017-05-16,42.05244064331055
2017-05-17,42.274559020996094
2017-05-18,42.51803970336914
2017-05-19,42.731605529785156
2017-05-22,42.84266662597656
2017-05-23,42.911006927490234
2017-05-24,43.19292068481445
2017-05-25,43.21427917480469
2017-05-26,42.898189544677734
2017-05-30,42.68888854980469
2017-05-31,42.723060607910156
2017-06-01,42.75723648071289
2017-06-02,43.23564147949219
2017-06-05,43.12458038330078
2017-06-06,42.8597412109375
2017-06-07,43.120304107666016
2017-06-08,43.01778030395508
2017-06-09,43.18437576293945
2017-06-12,43.534637451171875
2017-06-13,43.61152267456055
2017-06-14,43.78238296508789
2017-06-15,44.051483154296875
2017-06-16,43.97886276245117
2017-06-19,43.948974609375
2017-06-20,43.90625
2017-06-21,43.88916778564453
2017-06-22,43.90198516845703
2017-06-23,44.034400939941406
2017-06-26,44.28213882446289
2017-06-27,43.93655014038086
2017-06-28,43.970977783203125
2017-06-29,43.53200149536133
2017-06-30,43.51908874511719
2017-07-03,44.07426834106445
2017-07-05,43.433013916015625
2017-07-06,42.57228469848633
2017-07-07,42.79607009887695
2017-07-10,42.40873336791992
2017-07-11,42.35708999633789
2017-07-12,42.86492156982422
2017-07-13,42.93379211425781
2017-07-14,43.33403396606445
2017-07-17,43.62668991088867
2017-07-18,43.57073974609375
2017-07-19,43.91503143310547
2017-07-20,43.72136688232422
2017-07-21,43.708457946777344
2017-07-24,43.64390182495117
2017-07-25,43.6309928894043
2017-07-26,44.0484504699707
2017-07-27,44.02692794799805
2017-07-28,43.992496490478516
2017-07-31,43.95376968383789
2017-08-01,44.138816833496094
2017-08-02,43.82465362548828
2017-08-03,43.6998405456543
2017-08-04,43.80313491821289
2017-08-07,43.76871109008789
2017-08-08,43.605167388916016
2017-08-09,43.57073974609375
2017-08-10,43.21353530883789
2017-08-11,42.877838134765625
2017-08-14,43.63528823852539
2017-08-15,43.53200149536133
2017-08-16,43.63959884643555
2017-08-17,43.394287109375
2017-08-18,42.938087463378906
2017-08-21,43.458839416503906
2017-08-22,43.3082160949707
2017-08-23,43.84617614746094
2017-08-24,43.65250778198242
2017-08-25,43.87630081176758
2017-08-28,43.514801025390625
2017-08-29,43.54061508178711
2017-08-30,43.71275329589844
2017-08-31,43.91503143310547
2017-09-01,44.05705642700195
2017-09-05,43.96669006347656
2017-09-06,44.00971603393555
2017-09-07,44.3540153503418
2017-09-08,44.39274597167969
2017-09-11,44.793006896972656
2017-09-12,44.211997985839844
2017-09-13,44.09148406982422
2017-09-14,44.5218620300293
2017-09-15,44.43147277832031
2017-09-18,44.310977935791016
2017-09-19,43.96669006347656
2017-09-20,43.85908889770508
2017-09-21,43.77301025390625
2017-09-22,43.402896881103516
2017-09-25,43.605167388916016
2017-09-26,43.68927001953125
2017-09-27,43.26006317138672
2017-09-28,43.57221603393555
2017-09-29,43.63725662231445
2017-10-02,43.45948791503906
2017-10-03,43.416133880615234
2017-10-04,43.65459060668945
2017-10-05,43.82367706298828
2017-10-06,43.74564743041992
2017-10-09,43.815006256103516
2017-10-10,43.93206024169922
2017-10-11,44.148841857910156
2017-10-12,44.408973693847656
2017-10-13,44.543373107910156
2017-10-16,44.322269439697266
2017-10-17,44.39162826538086
2017-10-18,44.339599609375
2017-10-19,44.183528900146484
2017-10-20,43.958072662353516
2017-10-23,43.84535217285156
2017-10-24,43.48983383178711
2017-10-25,43.41181182861328
2017-10-26,43.030277252197266
2017-10-27,43.177677154541016
2017-10-30,43.1906852722168
2017-10-31,43.22103500366211
2017-11-01,43.45081329345703
2017-11-02,43.8193359375
2017-11-03,43.828006744384766
2017-11-06,44.10982131958008
2017-11-07,44.526039123535156
2017-11-08,44.755821228027344
2017-11-09,44.78183364868164
2017-11-10,44.786170959472656
2017-11-13,45.1026611328125
2017-11-14,45.020286560058594
2017-11-15,44.57373046875
2017-11-16,44.8858757019043
2017-11-17,44.699462890625
2017-11-20,44.51736068725586
2017-11-21,44.69078826904297
2017-11-22,44.59973907470703
2017-11-24,44.6821174621582
2017-11-27,44.526039123535156
2017-11-28,44.30058288574219
2017-11-29,44.322269439697266
2017-11-30,44.400299072265625
2017-12-01,44.560726165771484
2017-12-04,44.192195892333984
2017-12-05,43.87136459350586
2017-12-06,43.88003921508789
2017-12-07,43.97542190551758
2017-12-08,44.192195892333984
2017-12-11,44.2225456237793
2017-12-12,44.55637741088867
2017-12-13,44.495689392089844
2017-12-14,44.560726165771484
2017-12-15,44.768821716308594
2017-12-18,45.020286560058594
2017-12-19,43.997100830078125
2017-12-20,43.49851989746094
2017-12-21,43.23664855957031
2017-12-22,43.60824203491211
2017-12-26,43.8574333190918
2017-12-27,44.03229522705078
2017-12-28,44.263999938964844
2017-12-29,44.29460525512695
2018-01-02,44.05415725708008
2018-01-03,44.05415725708008
2018-01-04,43.22352981567383
2018-01-05,43.293479919433594
2018-01-08,43.49895477294922
2018-01-09,42.95685577392578
2018-01-10,42.35791778564453
2018-01-11,42.148075103759766
2018-01-12,41.80707931518555
2018-01-16,41.91199493408203
2018-01-17,42.15245056152344
2018-01-18,41.671546936035156
2018-01-19,41.79396438598633
2018-01-22,42.18742752075195
2018-01-23,42.80821228027344
2018-01-24,42.60710906982422
2018-01-25,42.48469924926758
2018-01-26,42.423500061035156
2018-01-29,41.92074203491211
2018-01-30,41.66718292236328
2018-01-31,42.53278732299805
2018-02-01,41.50105285644531
2018-02-02,41.212528228759766
2018-02-05,40.071502685546875
2018-02-06,40.04963684082031
2018-02-07,39.83104705810547
2018-02-08,38.716243743896484
2018-02-09,39.80044174194336
2018-02-12,39.85727310180664
2018-02-13,40.13269805908203
2018-02-14,39.80481719970703
2018-02-15,40.15018081665039
2018-02-16,40.34254455566406
2018-02-20,39.83978271484375
2018-02-21,39.05287170410156
2018-02-22,39.52939987182617
2018-02-23,40.19826889038086
2018-02-26,40.31631851196289
2018-02-27,39.40262222290039
2018-02-28,39.45944595336914
2018-03-01,39.55999755859375
2018-03-02,39.49005126953125
2018-03-05,39.975311279296875
2018-03-06,40.097721099853516
2018-03-07,40.333797454833984
2018-03-08,40.41685485839844
2018-03-09,40.66604995727539
2018-03-12,40.82780456542969
2018-03-13,40.889007568359375
2018-03-14,40.95458221435547
2018-03-15,40.97644805908203
2018-03-16,41.330570220947266
2018-03-19,40.923980712890625
2018-03-20,40.805946350097656
2018-03-21,40.51741027832031
2018-03-22,40.218963623046875
2018-03-23,39.473915100097656
2018-03-26,39.932403564453125
2018-03-27,40.13960266113281
2018-03-28,41.144744873046875
2018-03-29,41.13152313232422
2018-04-02,40.509918212890625
2018-04-03,40.853782653808594
2018-04-04,41.3122673034668
2018-04-05,41.20646286010742
2018-04-06,40.87142562866211
2018-04-09,40.74797439575195
2018-04-10,40.81410598754883
2018-04-11,40.787654876708984
2018-04-12,40.26744842529297
2018-04-13,40.53196334838867
2018-04-16,40.70390319824219
2018-04-17,41.232906341552734
2018-04-18,41.14915466308594
2018-04-19,40.51433181762695
2018-04-20,40.13519287109375
2018-04-23,40.047019958496094
2018-04-24,40.183692932128906
2018-04-25,40.12196731567383
2018-04-26,40.75678634643555
2018-04-27,41.673770904541016
2018-04-30,41.4268913269043
2018-05-01,41.92064666748047
2018-05-02,41.66935729980469
2018-05-03,41.55474090576172
2018-05-04,42.02644729614258
2018-05-07,42.21601486206055
2018-05-08,41.92505645751953
2018-05-09,42.21601486206055
2018-05-10,42.59955596923828
2018-05-11,42.46730041503906
2018-05-14,42.1146125793457
2018-05-15,41.3122673034668
2018-05-16,41.078617095947266
2018-05-17,40.80529022216797
2018-05-18,40.82291793823242
2018-05-21,41.29023742675781
2018-05-22,41.36958312988281
2018-05-23,41.82366180419922
2018-05-24,41.66054916381836
2018-05-25,41.81924819946289
2018-05-29,41.96472930908203
2018-05-30,42.608375549316406
2018-05-31,42.462886810302734
2018-06-01,42.652462005615234
2018-06-04,43.08449935913086
2018-06-05,42.86847686767578
2018-06-06,42.97428512573242
2018-06-07,42.943424224853516
2018-06-08,43.13740158081055
2018-06-11,43.040409088134766
2018-06-12,43.2343864440918
2018-06-13,42.3482780456543
2018-06-14,42.78471374511719
2018-06-15,42.745033264160156
2018-06-18,42.683319091796875
2018-06-19,42.67009735107422
2018-06-20,43.19911575317383
2018-06-21,43.498897552490234
2018-06-22,43.89125442504883
2018-06-25,43.829532623291016
2018-06-26,43.97001647949219
2018-06-27,43.85443115234375
2018-06-28,44.28119659423828
2018-06-29,44.40121841430664
2018-07-02,44.13894271850586
2018-07-03,44.40121841430664
2018-07-05,44.98357009887695
2018-07-06,45.165836334228516
2018-07-09,44.7879753112793
2018-07-10,44.93023681640625
2018-07-11,44.819091796875
2018-07-12,44.943572998046875
2018-07-13,44.752410888671875
2018-07-16,44.51235580444336
2018-07-17,44.13005447387695
2018-07-18,44.001136779785156
2018-07-19,44.45457077026367
2018-07-20,44.03669357299805
2018-07-23,43.978904724121094
2018-07-24,43.82331848144531
2018-07-25,44.22784423828125
2018-07-26,44.33009719848633
2018-07-27,43.974456787109375
2018-07-30,43.93000411987305
2018-07-31,44.81464385986328
2018-08-01,45.1480598449707
2018-08-02,44.9346809387207
2018-08-03,45.53480911254883
2018-08-06,45.51702880859375
2018-08-07,45.40589904785156
2018-08-08,45.20584487915039
2018-08-09,45.17028045654297
2018-08-10,44.743526458740234
2018-08-13,44.77018737792969
2018-08-14,44.8946647644043
2018-08-15,45.330318450927734
2018-08-16,45.703739166259766
2018-08-17,46.157169342041016
2018-08-20,46.1393928527832
2018-08-21,45.73485565185547
2018-08-22,45.42368698120117
2018-08-23,45.339210510253906
2018-08-24,45.62371826171875
2018-08-27,45.561485290527344
2018-08-28,46.11716842651367
2018-08-29,46.06382751464844
2018-08-30,45.850440979003906
2018-08-31,46.02825927734375
2018-09-04,45.588157653808594
2018-09-05,45.926021575927734
2018-09-06,46.07271194458008
2018-09-07,45.53036880493164
2018-09-10,45.788204193115234
2018-09-11,45.774871826171875
2018-09-12,45.801544189453125
2018-09-13,46.03269958496094
2018-09-14,45.68595886230469
2018-09-17,45.926021575927734
2018-09-18,45.64594268798828
2018-09-19,45.15694808959961
2018-09-20,45.5125846862793
2018-09-21,45.543701171875
2018-09-24,44.57014846801758
2018-09-25,44.5745964050293
2018-09-26,44.03513717651367
2018-09-27,44.20988082885742
2018-09-28,44.84163284301758
2018-10-01,44.487674713134766
2018-10-02,44.40254211425781
2018-10-03,43.99481201171875
2018-10-04,43.72148895263672
2018-10-05,43.73942184448242
2018-10-08,44.31293487548828
2018-10-09,44.492156982421875
2018-10-10,43.900718688964844
2018-10-11,42.63271713256836
2018-10-12,42.623748779296875
2018-10-15,42.83881759643555
2018-10-16,43.67220687866211
2018-10-17,43.564674377441406
2018-10-18,43.58707046508789
2018-10-19,43.96343994140625
2018-10-22,43.34960174560547
2018-10-23,43.63188171386719
2018-10-24,44.22332000732422
2018-10-25,44.72065353393555
2018-10-26,43.69013595581055
2018-10-29,44.3039665222168
2018-10-30,44.832672119140625
2018-10-31,44.18299102783203
2018-11-01,44.31293487548828
2018-11-02,43.83799362182617
2018-11-05,44.59968566894531
2018-11-06,44.86852264404297
2018-11-07,45.41962814331055
2018-11-08,45.49131393432617
2018-11-09,45.589900970458984
2018-11-12,45.74671173095703
2018-11-13,45.836326599121094
2018-11-14,45.82288360595703
2018-11-15,45.41962814331055
2018-11-16,45.99762725830078
2018-11-19,46.14548873901367
2018-11-20,45.706382751464844
2018-11-21,45.67053985595703
2018-11-23,45.54060745239258
2018-11-26,45.589900970458984
2018-11-27,45.813926696777344
2018-11-28,46.16789245605469
2018-11-29,46.235107421875
2018-11-30,46.62939453125
2018-12-03,46.97439956665039
2018-12-04,46.33367156982422
2018-12-06,47.51654052734375
2018-12-07,46.94750213623047
2018-12-10,46.638343811035156
2018-12-11,46.71003341674805
2018-12-12,45.73775100708008
2018-12-13,46.00658416748047
2018-12-14,45.93937683105469
2018-12-17,44.288543701171875
2018-12-18,44.74409103393555
2018-12-19,44.3426628112793
2018-12-20,43.778846740722656
2018-12-21,43.26465606689453
2018-12-24,41.49654006958008
2018-12-26,42.79105758666992
2018-12-27,42.9083251953125
2018-12-28,43.03462600708008
2018-12-31,43.16542434692383
2019-01-02,42.08741760253906
2019-01-03,42.25882339477539
2019-01-04,42.64221954345703
2019-01-07,42.94892120361328
2019-01-08,43.81494140625
2019-01-09,43.715702056884766
2019-01-10,44.459930419921875
2019-01-11,44.55465316772461
2019-01-14,44.42836380004883
2019-01-15,44.94256591796875
2019-01-16,45.20417022705078
2019-01-17,45.343997955322266
2019-01-18,45.501869201660156
2019-01-22,45.40713882446289
2019-01-23,45.375572204589844
2019-01-24,45.43871307373047
2019-01-25,45.95290756225586
2019-01-28,46.47611999511719
2019-01-29,46.89560317993164
2019-01-30,47.29253005981445
2019-01-31,47.74808883666992
2019-02-01,47.4052848815918
2019-02-04,47.79770278930664
2019-02-05,48.077354431152344
2019-02-06,47.75259780883789
2019-02-07,48.20364761352539
2019-02-08,48.26228332519531
2019-02-11,48.384063720703125
2019-02-12,47.98714828491211
2019-02-13,48.27581024169922
2019-02-14,48.53742599487305
2019-02-15,48.7764778137207
2019-02-19,48.85315704345703
2019-02-20,48.460750579833984
2019-02-21,48.58704376220703
2019-02-22,48.89826202392578
2019-02-25,48.53291702270508
2019-02-26,48.46976852416992
2019-02-27,48.2261962890625
2019-02-28,48.433677673339844
2019-03-01,48.32543182373047
2019-03-04,48.53742599487305
2019-03-05,48.71784591674805
2019-03-06,48.52840042114258
2019-03-07,48.456233978271484
2019-03-08,48.5058479309082
2019-03-11,49.195953369140625
2019-03-12,49.4801139831543
2019-03-13,49.696617126464844
2019-03-14,49.827430725097656
2019-03-15,49.55228805541992
2019-03-18,49.24105453491211
2019-03-19,49.042606353759766
2019-03-20,49.29098129272461
2019-03-21,50.176448822021484
2019-03-22,50.0038948059082
2019-03-25,50.04022979736328
2019-03-26,50.40803527832031
2019-03-27,50.203697204589844
2019-03-28,50.62599563598633
2019-03-29,50.49430465698242
2019-04-01,50.4398193359375
2019-04-02,50.87574005126953
2019-04-03,50.7622184753418
2019-04-04,50.63053894042969
2019-04-05,50.96202087402344
2019-04-08,50.69411087036133
2019-04-09,50.45344543457031
2019-04-10,50.88936233520508
2019-04-11,50.84849548339844
2019-04-12,51.13003158569336
2019-04-15,50.88936233520508
2019-04-16,49.62700271606445
2019-04-17,49.12297439575195
2019-04-18,49.58613967895508
2019-04-22,49.0003662109375
2019-04-23,49.59068298339844
2019-04-24,50.0538444519043
2019-04-25,50.11741256713867
2019-04-26,50.358089447021484
2019-04-29,49.84042739868164
2019-04-30,50.40349197387695
2019-05-01,50.58512878417969
2019-05-02,50.63053894042969
2019-05-03,50.99380111694336
2019-05-06,50.7622184753418
2019-05-07,49.80410385131836
2019-05-08,49.74506759643555
2019-05-09,49.94032287597656
2019-05-10,50.489768981933594
2019-05-13,50.50339126586914
2019-05-14,50.70319366455078
2019-05-15,51.07099914550781
2019-05-16,51.370704650878906
2019-05-17,51.32074737548828
2019-05-20,50.70319366455078
2019-05-21,51.08916473388672
2019-05-22,51.27533721923828
2019-05-23,51.47060012817383
2019-05-24,51.59320068359375
2019-05-28,51.080074310302734
2019-05-29,50.42165756225586
2019-05-30,50.6032829284668
2019-05-31,50.971099853515625
2019-06-03,51.09369659423828
2019-06-04,50.7122688293457
2019-06-05,51.9473876953125
2019-06-06,52.04727554321289
2019-06-07,52.19712829589844
2019-06-10,52.024574279785156
2019-06-11,52.06998825073242
2019-06-12,52.23799133300781
2019-06-13,52.41963195800781
2019-06-14,52.564937591552734
2019-06-17,53.08671569824219
2019-06-18,52.84456253051758
2019-06-19,53.19180679321289
2019-06-20,53.45680236816406
2019-06-21,52.79429626464844
2019-06-24,52.524742126464844
2019-06-25,51.84852600097656
2019-06-26,50.788536071777344
2019-06-27,51.259132385253906
2019-06-28,51.46930694580078
2019-07-01,51.373355865478516
2019-07-02,52.296287536621094
2019-07-03,53.05473709106445
2019-07-05,52.766883850097656
2019-07-08,53.004478454589844
2019-07-09,53.33344268798828
2019-07-10,53.64411926269531
2019-07-11,53.01361083984375
2019-07-12,52.84456253051758
2019-07-15,52.81714630126953
2019-07-16,52.776031494140625
2019-07-17,52.6024055480957
2019-07-18,52.66180419921875
2019-07-19,51.73887634277344
2019-07-22,51.61094284057617
2019-07-23,52.15007400512695
2019-07-24,52.0587043762207
2019-07-25,51.76628494262695
2019-07-26,51.84852600097656
2019-07-29,52.145503997802734
2019-07-30,52.43335723876953
2019-07-31,52.278011322021484
2019-08-01,52.26887512207031
2019-08-02,52.62067794799805
2019-08-05,51.62464904785156
2019-08-06,52.177486419677734
2019-08-07,52.693782806396484
2019-08-08,53.484214782714844
2019-08-09,53.52076721191406
2019-08-12,53.40196990966797
2019-08-13,53.415679931640625
2019-08-14,52.71662902832031
2019-08-15,53.3699836730957
2019-08-16,53.78119659423828
2019-08-19,54.21067428588867
2019-08-20,53.76292419433594
2019-08-21,53.950252532958984
2019-08-22,54.22438049316406
2019-08-23,53.53447723388672
2019-08-26,53.94110870361328
2019-08-27,53.83145523071289
2019-08-28,53.94110870361328
2019-08-29,54.375160217285156
2019-08-30,54.42084884643555
2019-09-03,55.074214935302734
2019-09-04,55.471710205078125
2019-09-05,54.905155181884766
2019-09-06,55.09248352050781
2019-09-09,54.6812744140625
2019-09-10,53.931968688964844
2019-09-11,53.790340423583984
2019-09-12,54.10102462768555
2019-09-13,53.52076721191406
2019-09-16,54.0964469909668
2019-09-17,54.790931701660156
2019-09-18,54.61274337768555
2019-09-19,54.749820709228516
2019-09-20,54.663002014160156
2019-09-23,54.85947036743164
2019-09-24,54.78778839111328
2019-09-25,54.82454299926758
2019-09-26,55.31166458129883
2019-09-27,55.068111419677734
2019-09-30,55.155418395996094
2019-10-01,54.61774826049805
2019-10-02,54.355804443359375
2019-10-03,55.04053497314453
2019-10-04,55.38978958129883
2019-10-07,55.178401947021484
2019-10-08,54.88429260253906
2019-10-09,55.08648681640625
2019-10-10,55.1462287902832
2019-10-11,54.96700668334961
2019-10-14,55.04053497314453
2019-10-15,55.13704299926758
2019-10-16,55.08189392089844
2019-10-17,55.31166458129883
2019-10-18,55.739051818847656
2019-10-21,56.106685638427734
2019-10-22,55.95044708251953
2019-10-23,56.074527740478516
2019-10-24,55.99639129638672
2019-10-25,55.31626510620117
2019-10-28,54.74642562866211
2019-10-29,54.83833312988281
2019-10-30,55.205970764160156
2019-10-31,55.03593826293945
2019-11-01,54.819950103759766
2019-11-04,54.286869049072266
2019-11-05,53.37236404418945
2019-11-06,53.5837516784668
2019-11-07,53.00471878051758
2019-11-08,52.899024963378906
2019-11-11,53.013912200927734
2019-11-12,52.61410140991211
2019-11-13,53.17475128173828
2019-11-14,53.5975456237793
2019-11-15,53.88246154785156
2019-11-18,54.139808654785156
2019-11-19,54.337425231933594
2019-11-20,54.25469970703125
2019-11-21,53.473453521728516
2019-11-22,53.30802536010742
2019-11-25,53.34938430786133
2019-11-26,54.08007049560547
2019-11-27,54.36499786376953
2019-11-29,54.112247467041016
2019-12-02,53.23448944091797
2019-12-03,53.533199310302734
2019-12-04,53.84111022949219
2019-12-05,53.84111022949219
2019-12-06,53.864078521728516
2019-12-09,53.95140075683594
2019-12-10,53.68025588989258
2019-12-11,53.078250885009766
2019-12-12,52.269439697265625
2019-12-13,52.34296417236328
2019-12-16,52.6925163269043
2019-12-17,52.08600616455078
2019-12-18,52.61381530761719
2019-12-19,53.14161682128906
2019-12-20,53.391632080078125
2019-12-23,53.10920715332031
2019-12-24,53.23884963989258
2019-12-26,53.56293869018555
2019-12-27,53.748130798339844
2019-12-30,53.73887252807617
2019-12-31,54.164817810058594
2020-01-02,53.437931060791016
2020-01-03,53.933319091796875
2020-01-06,54.030540466308594
2020-01-07,53.363853454589844
2020-01-08,53.60923767089844
2020-01-09,53.56293869018555
2020-01-10,54.035179138183594
2020-01-13,54.67872619628906
2020-01-14,54.4287223815918
2020-01-15,54.79447937011719
2020-01-16,55.28525161743164
2020-01-17,55.37321853637695
2020-01-21,55.97046661376953
2020-01-22,55.4565544128418
2020-01-23,55.97046661376953
2020-01-24,55.85934829711914
2020-01-27,55.56304168701172
2020-01-28,55.706565856933594
2020-01-29,55.48433303833008
2020-01-30,55.60933303833008
2020-01-31,54.89170455932617
2020-02-03,54.98430252075195
2020-02-04,55.60933303833008
2020-02-05,55.544525146484375
2020-02-06,55.78527069091797
2020-02-07,55.80842590332031
2020-02-10,56.45197296142578
2020-02-11,56.89181137084961
2020-02-12,57.20201110839844
2020-02-13,57.512210845947266
2020-02-14,58.2205810546875
2020-02-18,58.23447036743164
2020-02-19,57.336280822753906
2020-02-20,58.01686477661133
2020-02-21,58.32243728637695
2020-02-24,57.641841888427734
2020-02-25,56.12324905395508
2020-02-26,55.54915237426758
2020-02-27,52.53047561645508
2020-02-28,51.243370056152344
2020-03-02,53.55367660522461
2020-03-03,53.35921859741211
2020-03-04,55.47043991088867
2020-03-05,54.16944885253906
2020-03-06,53.17402267456055
2020-03-09,49.40994644165039
2020-03-10,51.77580261230469
2020-03-11,48.9099235534668
2020-03-12,44.75693130493164
2020-03-13,48.41914749145508
2020-03-16,40.1270637512207
2020-03-17,42.63182067871094
2020-03-18,39.0946044921875
2020-03-19,38.719573974609375
2020-03-20,36.6500244140625
2020-03-23,34.8629035949707
2020-03-24,38.103816986083984
2020-03-25,39.83007049560547
2020-03-26,42.55944061279297
2020-03-27,43.04933166503906
2020-03-30,43.893795013427734
2020-03-31,42.72740173339844
2020-04-01,39.99337387084961
2020-04-02,40.24064636230469
2020-04-03,39.932716369628906
2020-04-06,42.76939010620117
2020-04-07,42.99801254272461
2020-04-08,46.02596664428711
2020-04-09,48.45206832885742
2020-04-13,46.24524688720703
2020-04-14,47.756900787353516
2020-04-15,45.88599395751953
2020-04-16,45.466094970703125
2020-04-17,46.93108367919922
2020-04-20,45.03685760498047
2020-04-21,44.3370246887207
2020-04-22,45.120845794677734
2020-04-23,44.62162780761719
2020-04-24,44.7849235534668
2020-04-27,46.179931640625
2020-04-28,46.34322738647461
2020-04-29,46.73979949951172
2020-04-30,46.33389663696289
2020-05-01,44.962215423583984
2020-05-04,44.789588928222656
2020-05-05,45.07884979248047
2020-05-06,44.2763786315918
2020-05-07,44.69628143310547
2020-05-08,45.45676803588867
2020-05-11,44.85490036010742
2020-05-12,42.89069747924805
2020-05-13,42.162872314453125
2020-05-14,42.22817611694336
2020-05-15,42.03223419189453
2020-05-18,44.18772506713867
2020-05-19,43.562538146972656
2020-05-20,43.91712188720703
2020-05-21,43.68851089477539
2020-05-22,44.351016998291016
2020-05-26,45.900001525878906
2020-05-27,46.800445556640625
2020-05-28,47.201690673828125
2020-05-29,46.75379943847656
2020-06-01,47.81754684448242
2020-06-02,48.064823150634766
2020-06-03,49.34785461425781
2020-06-04,48.67136001586914
2020-06-05,50.61689758300781
2020-06-08,51.666656494140625
2020-06-09,51.008811950683594
2020-06-10,49.78642654418945
2020-06-11,46.847110748291016
2020-06-12,48.36808776855469
2020-06-15,48.898738861083984
2020-06-16,49.794883728027344
2020-06-17,49.23186492919922
2020-06-18,48.664146423339844
2020-06-19,47.73515701293945
2020-06-22,47.81022644042969
2020-06-23,47.5897102355957
2020-06-24,46.351051330566406
2020-06-25,46.92815017700195
2020-06-26,46.13053512573242
2020-06-29,46.69824981689453
2020-06-30,47.3316535949707
2020-07-01,48.75798034667969
2020-07-02,48.57499694824219
2020-07-06,48.43893814086914
2020-07-07,47.52871322631836
2020-07-08,47.42549133300781
2020-07-09,47.251888275146484
2020-07-10,47.28942108154297
2020-07-13,46.71232604980469
2020-07-14,47.12990188598633
2020-07-15,47.420799255371094
2020-07-16,46.801475524902344
2020-07-17,47.43956756591797
2020-07-20,46.78739547729492
2020-07-21,46.83900451660156
2020-07-22,47.65070343017578
2020-07-23,47.40672302246094
2020-07-24,47.1721305847168
2020-07-27,47.61316680908203
2020-07-28,48.69698715209961
2020-07-29,49.59313201904297
2020-07-30,49.33039093017578
2020-07-31,49.43830490112305
2020-08-03,48.72983169555664
2020-08-04,49.42892074584961
2020-08-05,49.0864143371582
2020-08-06,49.18494415283203
2020-08-07,49.776119232177734
2020-08-10,49.79957580566406
2020-08-11,48.9034423828125
2020-08-12,49.43361282348633
2020-08-13,48.80021286010742
2020-08-14,48.93157958984375
2020-08-17,49.405460357666016
2020-08-18,49.264705657958984
2020-08-19,48.24657440185547
2020-08-20,48.80489730834961
2020-08-21,48.950355529785156
2020-08-24,49.278778076171875
2020-08-25,49.39607620239258
2020-08-26,48.90812683105469
2020-08-27,49.60252380371094
2020-08-28,49.89341354370117
2020-08-31,49.550907135009766
2020-09-01,49.4523811340332
2020-09-02,50.42829132080078
2020-09-03,49.82773208618164
2020-09-04,49.71512985229492
2020-09-08,49.0535774230957
2020-09-09,49.56968688964844
2020-09-10,48.81897735595703
2020-09-11,48.58906936645508
2020-09-14,49.83711242675781
2020-09-15,50.34852981567383
2020-09-16,50.62065505981445
2020-09-17,49.60721206665039
2020-09-18,48.654754638671875
2020-09-21,47.162750244140625
2020-09-22,47.7961540222168
2020-09-23,46.39215850830078
2020-09-24,46.51961898803711
2020-09-25,47.397708892822266
2020-09-28,48.34659957885742
2020-09-29,47.99253463745117
2020-09-30,48.157772064208984
2020-10-01,49.09722137451172
2020-10-02,50.003631591796875
2020-10-05,50.362422943115234
2020-10-06,50.003631591796875
2020-10-07,50.046119689941406
2020-10-08,50.89588165283203
2020-10-09,50.683441162109375
2020-10-12,50.86283493041992
2020-10-13,49.98003387451172
2020-10-14,49.389915466308594
2020-10-15,49.545711517333984
2020-10-16,49.229408264160156
2020-10-19,48.43157196044922
2020-10-20,48.743160247802734
2020-10-21,48.634578704833984
2020-10-22,48.5968132019043
2020-10-23,48.90838623046875
2020-10-26,48.28050994873047
2020-10-27,47.534610748291016
2020-10-28,46.37799072265625
2020-10-29,46.85008239746094
2020-10-30,46.57154846191406
2020-11-02,47.7895393371582
2020-11-03,48.71010971069336
2020-11-04,48.677066802978516
2020-11-05,48.743160247802734
2020-11-06,48.46462631225586
2020-11-09,50.29160690307617
2020-11-10,51.179134368896484
2020-11-11,51.30659484863281
2020-11-12,50.5795783996582
2020-11-13,51.84477996826172
2020-11-16,52.331031799316406
2020-11-17,52.39240646362305
2020-11-18,51.1838493347168
2020-11-19,51.33492660522461
2020-11-20,51.131927490234375
2020-11-23,50.95726013183594
2020-11-24,51.042232513427734
2020-11-25,51.070556640625
2020-11-27,50.820343017578125
2020-11-30,50.24911880493164
2020-12-01,50.886436462402344
2020-12-02,50.48044204711914
2020-12-03,50.94780731201172
2020-12-04,51.783409118652344
2020-12-07,51.35380935668945
2020-12-08,51.03278732299805
2020-12-09,50.560699462890625
2020-12-10,50.164146423339844
2020-12-11,50.0886116027832
2020-12-14,49.789127349853516
2020-12-15,50.84442901611328
2020-12-16,50.81590270996094
2020-12-17,51.38633728027344
2020-12-18,50.26449203491211
2020-12-21,49.88420486450195
2020-12-22,50.283504486083984
2020-12-23,49.84617614746094
2020-12-24,50.26449203491211
2020-12-28,50.73985290527344
2020-12-29,50.283504486083984
2020-12-30,50.57822799682617
2020-12-31,51.2247200012207
2021-01-04,49.484901428222656
2021-01-05,49.313777923583984
2021-01-06,49.35179901123047
2021-01-07,49.21870803833008
2021-01-08,49.713077545166016
2021-01-11,48.95250701904297
2021-01-12,49.076087951660156
2021-01-13,49.874691009521484
2021-01-14,50.05533218383789
2021-01-15,50.75886535644531
2021-01-19,50.321537017822266
2021-01-20,51.424373626708984
2021-01-21,51.17718505859375
2021-01-22,51.33880615234375
2021-01-25,51.62401580810547
2021-01-26,52.108882904052734
2021-01-27,51.2247200012207
2021-01-28,51.538455963134766
2021-01-29,50.996543884277344
2021-02-01,52.06135177612305
2021-02-02,52.2705078125
2021-02-03,52.137413024902344
2021-02-04,52.47966384887695
2021-02-05,52.71734619140625
2021-02-08,52.8409423828125
2021-02-09,53.11664581298828
2021-02-10,53.50643539428711
2021-02-11,53.630035400390625
2021-02-12,53.430381774902344
2021-02-16,52.9930534362793
2021-02-17,52.9930534362793
2021-02-18,52.93600845336914
2021-02-19,52.983543395996094
2021-02-22,53.27827072143555
2021-02-23,53.4874267578125
2021-02-24,53.677574157714844
2021-02-25,52.93600845336914
2021-02-26,52.032833099365234
2021-03-01,52.042335510253906
2021-03-02,51.747615814208984
2021-03-03,51.2247200012207
2021-03-04,50.83492660522461
2021-03-05,51.38633728027344
2021-03-08,51.73810577392578
2021-03-09,52.213462829589844
2021-03-10,52.74586868286133
2021-03-11,53.325801849365234
2021-03-12,54.26702117919922
2021-03-15,55.00857925415039
2021-03-16,54.99906921386719
2021-03-17,54.81842803955078
2021-03-18,54.466670989990234
2021-03-19,53.73461151123047
2021-03-22,54.3050422668457
2021-03-23,54.457157135009766
2021-03-24,54.24800491333008
2021-03-25,54.59579849243164
2021-03-26,55.86658477783203
2021-03-29,55.74236297607422
2021-03-30,55.51304626464844
2021-03-31,55.2359619140625
2021-04-01,56.162776947021484
2021-04-05,56.344322204589844
2021-04-06,56.525856018066406
2021-04-07,56.6691780090332
2021-04-08,56.411197662353516
2021-04-09,56.382537841796875
2021-04-12,56.74561309814453
2021-04-13,57.16602325439453
2021-04-14,56.63095474243164
2021-04-15,57.758419036865234
2021-04-16,57.84440994262695
2021-04-19,58.083274841308594
2021-04-20,58.79032897949219
2021-04-21,59.02919387817383
2021-04-22,58.78076934814453
2021-04-23,59.10563659667969
2021-04-26,59.15340805053711
2021-04-27,59.2298469543457
2021-04-28,58.981422424316406
2021-04-29,59.44004821777344
2021-04-30,59.84135437011719
2021-05-03,59.52604293823242
2021-05-04,59.096073150634766
2021-05-05,58.207489013671875
2021-05-06,58.513240814208984
2021-05-07,59.19163131713867
2021-05-10,59.363616943359375
2021-05-11,58.69477844238281
2021-05-12,57.38578414916992
2021-05-13,58.0450553894043
2021-05-14,58.6756706237793
2021-05-17,58.69477844238281
2021-05-18,58.83810806274414
2021-05-19,58.608787536621094
2021-05-20,59.373172760009766
2021-05-21,59.26806640625
2021-05-24,59.95600891113281
2021-05-25,60.137542724609375
2021-05-26,60.261756896972656
2021-05-27,60.08977508544922
2021-05-28,60.548404693603516
2021-06-01,61.55165100097656
2021-06-02,62.44979476928711
2021-06-03,62.41157913208008
2021-06-04,62.478458404541016
2021-06-07,63.147281646728516
2021-06-08,63.52947998046875
2021-06-09,63.62502670288086
2021-06-10,64.28932189941406
2021-06-11,63.93413543701172
2021-06-14,64.36613464355469
2021-06-15,63.63654708862305
2021-06-16,63.12776184082031
2021-06-17,63.33895492553711
2021-06-18,62.39818572998047
2021-06-21,63.58853530883789
2021-06-22,63.38695526123047
2021-06-23,63.21415710449219
2021-06-24,62.83977508544922
2021-06-25,63.30055236816406
2021-06-28,63.29096221923828
2021-06-29,63.21415710449219
2021-06-30,62.73418045043945
2021-07-01,62.964561462402344
2021-07-02,63.310157775878906
2021-07-06,63.982139587402344
2021-07-07,64.25094604492188
2021-07-08,64.16453552246094
2021-07-09,65.04771423339844
2021-07-12,65.63329315185547
2021-07-13,64.81731414794922
2021-07-14,65.40289306640625
2021-07-15,65.55648803710938
2021-07-16,65.6524887084961
2021-07-19,64.57730865478516
2021-07-20,65.92127990722656
2021-07-21,65.6524887084961
2021-07-22,65.1532974243164
2021-07-23,65.73888397216797
2021-07-26,65.6524887084961
2021-07-27,66.20928192138672
2021-07-28,65.84447479248047
2021-07-29,65.48929595947266
2021-07-30,65.7677001953125
2021-08-02,65.70049285888672
2021-08-03,65.94048309326172
2021-08-04,65.72929382324219
2021-08-05,66.2668685913086
2021-08-06,66.05567169189453
2021-08-09,65.85408020019531
2021-08-10,65.0381088256836
2021-08-11,65.35488891601562
2021-08-12,65.57568359375
2021-08-13,66.06526947021484
2021-08-16,66.15167999267578
2021-08-17,66.34366607666016
2021-08-18,65.64287567138672
2021-08-19,66.19967651367188
2021-08-20,66.46846771240234
2021-08-23,66.1324691772461
2021-08-24,65.73888397216797
2021-08-25,65.57568359375
2021-08-26,65.6908950805664
2021-08-27,66.21887969970703
2021-08-30,66.94844818115234
2021-08-31,67.3996353149414
2021-09-01,68.56119537353516
2021-09-02,68.83959197998047
2021-09-03,68.83959197998047
2021-09-07,68.00440979003906
2021-09-08,68.51321411132812
2021-09-09,66.96765899658203
2021-09-10,66.08447265625
2021-09-13,66.36286926269531
2021-09-14,66.324462890625
2021-09-15,66.5068588256836
2021-09-16,66.62205505371094
2021-09-17,65.873291015625
2021-09-20,65.62368774414062
2021-09-21,65.63329315185547
2021-09-22,66.18048095703125
2021-09-23,65.85408020019531
2021-09-24,65.01812744140625
2021-09-27,63.83351516723633
2021-09-28,63.47718811035156
2021-09-29,63.97798156738281
2021-09-30,63.005271911621094
2021-10-01,63.669803619384766
2021-10-04,63.70832443237305
2021-10-05,63.16898727416992
2021-10-06,63.881690979003906
2021-10-07,63.96835708618164
2021-10-08,63.294193267822266
2021-10-11,63.3808708190918
2021-10-12,64.28617858886719
2021-10-13,64.67141723632812
2021-10-14,65.53819274902344
2021-10-15,65.50929260253906
2021-10-18,65.65376281738281
2021-10-19,65.86564636230469
2021-10-20,66.90576934814453
2021-10-21,67.09839630126953
2021-10-22,67.50289154052734
2021-10-25,67.62809753417969
2021-10-26,67.96517944335938
2021-10-27,67.4932632446289
2021-10-28,68.494873046875
2021-10-29,67.76292419433594
2021-11-01,67.90739440917969
2021-11-02,68.56230163574219
2021-11-03,68.78379821777344
2021-11-04,67.97480773925781
2021-11-05,68.10963439941406
2021-11-08,68.09037017822266
2021-11-09,68.35041809082031
2021-11-10,68.10963439941406
2021-11-11,68.16741943359375
2021-11-12,68.17706298828125
2021-11-15,68.66822814941406
2021-11-16,68.3118896484375
2021-11-17,68.86084747314453
2021-11-18,68.88973236083984
2021-11-19,68.41783142089844
2021-11-22,67.98442840576172
2021-11-23,68.68748474121094
2021-11-24,69.61205291748047
2021-11-26,67.8399658203125
2021-11-29,68.65860748291016
2021-11-30,67.2139663696289
2021-12-01,66.17383575439453
2021-12-02,67.90739440917969
2021-12-03,67.66661834716797
2021-12-06,68.64896392822266
2021-12-07,69.74688720703125
2021-12-08,70.22842407226562
2021-12-09,69.2557144165039
2021-12-10,69.46759796142578
2021-12-13,70.48393249511719
2021-12-14,69.62970733642578
2021-12-15,70.66836547851562
2021-12-16,70.80426788330078
2021-12-17,70.70719909667969
2021-12-20,70.31891632080078
2021-12-21,70.69749450683594
2021-12-22,71.38670349121094
2021-12-23,71.22168731689453
2021-12-27,72.56127166748047
2021-12-28,72.8621826171875
2021-12-29,73.32814025878906
2021-12-30,73.60964965820312
2021-12-31,73.85234069824219
2022-01-03,73.11458587646484
2022-01-04,72.92044830322266
2022-01-05,70.70719909667969
2022-01-06,70.77515411376953
2022-01-07,70.30921173095703
2022-01-10,69.84325408935547
2022-01-11,69.78501892089844
2022-01-12,69.95003509521484
2022-01-13,69.72677612304688
2022-01-14,69.04727172851562
2022-01-18,68.59102630615234
2022-01-19,67.76591491699219
2022-01-20,67.05728912353516
2022-01-21,66.96993255615234
2022-01-24,66.94081115722656
2022-01-25,66.81462097167969
2022-01-26,65.6303482055664
2022-01-27,64.611083984375
2022-01-28,66.68841552734375
2022-01-31,67.54265594482422
2022-02-01,67.05728912353516
2022-02-02,68.12508392333984
2022-02-03,67.38734436035156
2022-02-04,66.62046813964844
2022-02-07,66.43604278564453
2022-02-08,65.76624298095703
2022-02-09,67.36792755126953
2022-02-10,65.5235595703125
2022-02-11,64.74697875976562
2022-02-14,64.21309661865234
2022-02-15,64.4072265625
2022-02-16,64.53343200683594
2022-02-17,63.99952697753906
2022-02-18,63.63066101074219
2022-02-22,63.46563720703125
2022-02-23,62.67935562133789
2022-02-24,63.73743438720703
2022-02-25,65.24205017089844
2022-02-28,64.0674819946289
2022-03-01,63.99952697753906
2022-03-02,65.18379974365234
2022-03-03,65.91185760498047
2022-03-04,66.6010513305664
2022-03-07,65.41677856445312
2022-03-08,64.90231323242188
2022-03-09,65.79535675048828
2022-03-10,66.02833557128906
2022-03-11,65.40707397460938
2022-03-14,64.93142700195312
2022-03-15,65.36824035644531
2022-03-16,66.1156997680664
2022-03-17,67.04759216308594
2022-03-18,67.17377471923828
2022-03-21,66.7563705444336
2022-03-22,66.85343933105469
2022-03-23,66.10599517822266
2022-03-24,66.60167694091797
2022-03-25,67.4391860961914
2022-03-28,68.3448715209961
2022-03-29,70.34127044677734
2022-03-30,69.94198608398438
2022-03-31,69.1531753540039
2022-04-01,70.5847396850586
2022-04-04,70.32179260253906
2022-04-05,70.33153533935547
2022-04-06,71.44171905517578
2022-04-07,70.83792877197266
2022-04-08,71.11060333251953
2022-04-11,70.11727905273438
2022-04-12,69.97119903564453
2022-04-13,70.32179260253906
2022-04-14,70.02963256835938
2022-04-18,69.77644348144531
2022-04-19,71.24695587158203
2022-04-20,72.53244018554688
2022-04-21,72.1136703491211
2022-04-22,70.8087158203125
2022-04-25,70.49708557128906
2022-04-26,69.47453308105469
2022-04-27,68.89022827148438
2022-04-28,70.04911041259766
2022-04-29,66.63089752197266
2022-05-02,64.95586395263672
2022-05-03,65.7154769897461
2022-05-04,66.36795806884766
2022-05-05,64.79032135009766
2022-05-06,64.05992126464844
2022-05-09,61.021514892578125
2022-05-10,59.73603057861328
2022-05-11,59.7652473449707
2022-05-12,60.19374465942383
2022-05-13,61.79085922241211
2022-05-16,61.352622985839844
2022-05-17,61.917457580566406
2022-05-18,60.23269271850586
2022-05-19,60.10609436035156
2022-05-20,60.81700897216797
2022-05-23,61.537654876708984
2022-05-24,62.316734313964844
2022-05-25,62.73548889160156
2022-05-26,62.55046081542969
2022-05-27,64.29364776611328
2022-05-31,63.456138610839844
2022-06-01,62.91078567504883
2022-06-02,63.787254333496094
2022-06-03,62.92052459716797
2022-06-06,62.67706298828125
2022-06-07,63.43666458129883
2022-06-08,61.888240814208984
2022-06-09,60.51385498046875
2022-06-10,59.234230041503906
2022-06-13,56.440528869628906
2022-06-14,55.99119567871094
2022-06-15,57.30012512207031
2022-06-16,56.069339752197266
2022-06-17,56.440528869628906
2022-06-21,57.36850357055664
2022-06-22,58.276947021484375
2022-06-23,59.49796676635742
2022-06-24,60.67015075683594
2022-06-27,60.55293273925781
2022-06-28,59.80078125
2022-06-29,59.351444244384766
2022-06-30,59.3612174987793
2022-07-01,60.40640640258789
2022-07-05,60.08406066894531
2022-07-06,60.13290023803711
2022-07-07,60.15243911743164
2022-07-08,59.810546875
2022-07-11,59.77147674560547
2022-07-12,59.3319091796875
2022-07-13,59.03886413574219
2022-07-14,58.4527702331543
2022-07-15,59.458892822265625
2022-07-18,58.90210723876953
2022-07-19,60.357566833496094
2022-07-20,60.113365173339844
2022-07-21,60.67015075683594
2022-07-22,61.12925338745117
2022-07-25,61.16832733154297
2022-07-26,61.38322830200195
2022-07-27,61.7055778503418
2022-07-28,64.02063751220703
2022-07-29,64.22576904296875
2022-08-01,63.63967514038086
2022-08-02,62.84844970703125
2022-08-03,63.073123931884766
2022-08-04,63.17080307006836
2022-08-05,63.26848220825195
2022-08-08,63.73735809326172
2022-08-09,64.22576904296875
2022-08-10,65.15373992919922
2022-08-11,64.76301574707031
2022-08-12,65.87659454345703
2022-08-15,66.16963195800781
2022-08-16,65.94496154785156
2022-08-17,65.7691421508789
2022-08-18,65.16350555419922
2022-08-19,64.62626647949219
2022-08-22,63.28801727294922
2022-08-23,62.33074188232422
2022-08-24,62.721466064453125
2022-08-25,63.69828414916992
2022-08-26,62.1744499206543
2022-08-29,61.588356018066406
2022-08-30,60.748294830322266
2022-08-31,60.50408935546875
2022-09-01,60.67015075683594
2022-09-02,59.75193786621094
2022-09-06,60.44548034667969
2022-09-07,61.62742614746094
2022-09-08,61.7153434753418
2022-09-09,62.23305892944336
2022-09-12,62.809383392333984
2022-09-13,60.484554290771484
2022-09-14,59.76171112060547
2022-09-15,58.4332389831543
2022-09-16,58.403934478759766
2022-09-19,58.19880294799805
2022-09-20,56.870330810546875
2022-09-21,56.0498046875
2022-09-22,55.5418586730957
2022-09-23,54.89715576171875
2022-09-26,53.54568862915039
2022-09-27,52.79597473144531
2022-09-28,53.81203842163086
2022-09-29,52.35205841064453
2022-09-30,52.93407440185547
2022-10-03,53.83176803588867
2022-10-04,54.63080978393555
2022-10-05,53.54568862915039
2022-10-06,51.8884162902832
2022-10-07,50.61587142944336
2022-10-10,50.05358123779297
2022-10-11,50.586273193359375
2022-10-12,49.87601852416992
2022-10-13,50.744110107421875
2022-10-14,49.47156524658203
2022-10-17,51.395179748535156
2022-10-18,51.97719955444336
2022-10-19,50.65532302856445
2022-10-20,50.4678955078125
2022-10-21,50.75397491455078
2022-10-24,50.704654693603516
2022-10-25,52.73678207397461
2022-10-26,52.618404388427734
2022-10-27,52.578948974609375
2022-10-28,53.91068649291992
2022-10-31,53.851497650146484
2022-11-01,53.742984771728516
2022-11-02,52.302734375
2022-11-03,52.371788024902344
2022-11-04,53.01300048828125
2022-11-07,52.92421340942383
2022-11-08,53.23988342285156
2022-11-09,52.7269172668457
2022-11-10,56.613616943359375
2022-11-11,56.46564865112305
2022-11-14,55.025394439697266
2022-11-15,55.7060661315918
2022-11-16,55.26215362548828
2022-11-17,54.8182373046875
2022-11-18,55.59755325317383
2022-11-21,55.982276916503906
2022-11-22,56.22889709472656
2022-11-23,56.337406158447266
2022-11-25,56.62348556518555
2022-11-28,55.10431671142578
2022-11-29,56.03159713745117
2022-11-30,57.24496078491211
2022-12-01,57.096988677978516
2022-12-02,56.83064270019531
2022-12-05,55.883628845214844
2022-12-06,55.48904037475586
2022-12-07,55.646873474121094
2022-12-08,56.02173614501953
2022-12-09,55.91322326660156
2022-12-12,56.35713577270508
2022-12-13,57.4853515625
2022-12-14,56.95805358886719
2022-12-15,56.26162338256836
2022-12-16,54.72947692871094
2022-12-19,54.082794189453125
2022-12-20,53.92361068725586
2022-12-21,54.431007385253906
2022-12-22,54.21213150024414
2022-12-23,54.69963073730469
2022-12-27,54.66978454589844
2022-12-28,53.844017028808594
2022-12-29,55.03789520263672
2022-12-30,54.56034469604492
2023-01-03,54.62998580932617
2023-01-04,55.87361145019531
2023-01-05,54.24197769165039
2023-01-06,55.73432922363281
2023-01-09,55.6646842956543
2023-01-10,55.87361145019531
2023-01-11,57.95295715332031
2023-01-12,58.59964370727539
2023-01-13,58.18178176879883
2023-01-17,58.311119079589844
2023-01-18,57.346065521240234
2023-01-19,57.13713836669922
2023-01-20,57.85346603393555
2023-01-23,57.92311096191406
2023-01-24,58.221580505371094
2023-01-25,58.191734313964844
2023-01-26,58.79861831665039
2023-01-27,59.33586502075195
2023-01-30,58.59964370727539
2023-01-31,59.823368072509766
2023-02-01,60.22132873535156
2023-02-02,61.59429168701172
2023-02-03,60.36061477661133
2023-02-06,59.99250030517578
2023-02-07,59.773624420166016
2023-02-08,59.65423583984375
2023-02-09,59.00755310058594
2023-02-10,59.1667366027832
2023-02-13,59.634334564208984
2023-02-14,59.07719421386719
2023-02-15,59.23637771606445
2023-02-16,58.738929748535156
2023-02-17,58.50014877319336
2023-02-21,57.395809173583984
2023-02-22,56.83866882324219
2023-02-23,57.22667694091797
2023-02-24,56.251678466796875
2023-02-27,56.321319580078125
2023-02-28,56.19198226928711
2023-03-01,55.326419830322266
2023-03-02,56.022850036621094
2023-03-03,56.96800231933594
2023-03-06,56.77897262573242
2023-03-07,55.386112213134766
2023-03-08,56.11239242553711
2023-03-09,54.8886604309082
2023-03-10,52.97845458984375
2023-03-13,53.99325180053711
2023-03-14,54.54044723510742
2023-03-15,54.62004089355469
2023-03-16,54.450904846191406
2023-03-17,53.30677032470703
2023-03-20,53.814170837402344
2023-03-21,53.46595764160156
2023-03-22,51.50600051879883
2023-03-23,51.209999084472656
2023-03-24,52.630001068115234
