Date,RYU
2013-01-02,43.68699645996094
2013-01-03,43.71658706665039
2013-01-04,44.0125732421875
2013-01-07,43.664794921875
2013-01-08,43.4354133605957
2013-01-09,43.4354133605957
2013-01-10,43.63520431518555
2013-01-11,43.64999008178711
2013-01-14,43.701812744140625
2013-01-15,43.575992584228516
2013-01-16,43.34661865234375
2013-01-17,43.63520431518555
2013-01-18,43.83498764038086
2013-01-22,44.33075714111328
2013-01-23,44.1309700012207
2013-01-24,44.286354064941406
2013-01-25,44.32335662841797
2013-01-28,44.42695999145508
2013-01-29,44.77473831176758
2013-01-30,44.737728118896484
2013-01-31,44.826534271240234
2013-02-01,45.063316345214844
2013-02-04,44.826534271240234
2013-02-05,44.989315032958984
2013-02-06,44.9005241394043
2013-02-07,45.018917083740234
2013-02-08,44.907928466796875
2013-02-11,45.18910598754883
2013-02-12,45.381492614746094
2013-02-13,45.32969665527344
2013-02-14,44.57494354248047
2013-02-15,44.61935043334961
2013-02-19,44.9967155456543
2013-02-20,44.9005241394043
2013-02-21,44.671138763427734
2013-02-22,45.070709228515625
2013-02-25,44.96712112426758
2013-02-26,44.65633773803711
2013-02-27,45.32230758666992
2013-02-28,45.49248504638672
2013-03-01,45.49989318847656
2013-03-04,45.93646240234375
2013-03-05,46.32863998413086
2013-03-06,46.1954460144043
2013-03-07,46.12145233154297
2013-03-08,46.15843963623047
2013-03-11,46.31383514404297
2013-03-12,46.165855407714844
2013-03-13,46.39523696899414
2013-03-14,46.42483139038086
2013-03-15,46.639617919921875
2013-03-18,46.490455627441406
2013-03-19,46.52775573730469
2013-03-20,46.7514762878418
2013-03-21,46.542667388916016
2013-03-22,46.65452575683594
2013-03-25,46.609779357910156
2013-03-26,46.93790054321289
2013-03-27,46.98265075683594
2013-03-28,47.64637756347656
2013-04-01,47.55689239501953
2013-04-02,47.713504791259766
2013-04-03,47.57926940917969
2013-04-04,48.07145690917969
2013-04-05,48.317562103271484
2013-04-08,48.6083984375
2013-04-09,48.63078689575195
2013-04-10,49.04839324951172
2013-04-11,49.23483657836914
2013-04-12,49.33926010131836
2013-04-15,48.78738784790039
2013-04-16,49.190101623535156
2013-04-17,48.929080963134766
2013-04-18,49.13788604736328
2013-04-19,49.51823425292969
2013-04-22,49.79415512084961
2013-04-23,49.988059997558594
2013-04-24,50.0626335144043
2013-04-25,50.301273345947266
2013-04-26,50.263980865478516
2013-04-29,50.62195587158203
2013-04-30,50.7934684753418
2013-05-01,50.263980865478516
2013-05-02,50.17448425292969
2013-05-03,50.2192268371582
2013-05-06,49.69721603393555
2013-05-07,49.995513916015625
2013-05-08,49.853824615478516
2013-05-09,48.96638107299805
2013-05-10,49.18263244628906
2013-05-13,48.929080963134766
2013-05-14,49.34670639038086
2013-05-15,49.809078216552734
2013-05-16,49.637542724609375
2013-05-17,49.644996643066406
2013-05-20,49.73450469970703
2013-05-21,49.809078216552734
2013-05-22,48.86195755004883
2013-05-23,48.66061019897461
2013-05-24,48.317562103271484
2013-05-28,47.83282470703125
2013-05-29,47.042320251464844
2013-05-30,47.325714111328125
2013-05-31,46.818599700927734
2013-06-03,46.79621887207031
2013-06-04,46.63216018676758
2013-06-05,46.23689651489258
2013-06-06,46.766380310058594
2013-06-07,47.07961654663086
2013-06-10,47.01994323730469
2013-06-11,46.81113052368164
2013-06-12,46.49791717529297
2013-06-13,47.176544189453125
2013-06-14,47.288414001464844
2013-06-17,47.24365997314453
2013-06-18,47.57926940917969
2013-06-19,46.47554016113281
2013-06-20,45.06605529785156
2013-06-21,45.674415588378906
2013-06-24,45.65931701660156
2013-06-25,46.20207214355469
2013-06-26,46.66945266723633
2013-06-27,46.89560317993164
2013-06-28,47.09913635253906
2013-07-01,46.48853302001953
2013-07-02,46.4583854675293
2013-07-03,46.428226470947266
2013-07-05,46.17947006225586
2013-07-08,46.865447998046875
2013-07-09,47.212215423583984
2013-07-10,47.43081283569336
2013-07-11,48.25251007080078
2013-07-12,48.17710876464844
2013-07-15,49.02893829345703
2013-07-16,48.810325622558594
2013-07-17,48.74248123168945
2013-07-18,49.22492218017578
2013-07-19,49.17217254638672
2013-07-22,49.25508499145508
2013-07-23,49.37569046020508
2013-07-24,48.56157302856445
2013-07-25,49.14200973510742
2013-07-26,48.94601058959961
2013-07-29,49.25508499145508
2013-07-30,49.420936584472656
2013-07-31,49.194766998291016
2013-08-01,49.533992767333984
2013-08-02,49.49631881713867
2013-08-05,49.31538391113281
2013-08-06,48.99125289916992
2013-08-07,49.202308654785156
2013-08-08,49.27769470214844
2013-08-09,48.91585922241211
2013-08-12,48.667091369628906
2013-08-13,48.39570999145508
2013-08-14,48.21480178833008
2013-08-15,47.60420608520508
2013-08-16,47.084068298339844
2013-08-19,46.6468391418457
2013-08-20,47.09160232543945
2013-08-21,46.61669921875
2013-08-22,46.90313720703125
2013-08-23,47.22728729248047
2013-08-26,47.00114059448242
2013-08-27,46.85791015625
2013-08-28,46.87298583984375
2013-08-29,46.74483108520508
2013-08-30,46.699615478515625
2013-09-03,46.224693298339844
2013-09-04,46.29252624511719
2013-09-05,46.05131530761719
2013-09-06,46.33024215698242
2013-09-09,46.57899856567383
2013-09-10,46.80513000488281
2013-09-11,46.496070861816406
2013-09-12,46.39053726196289
2013-09-13,46.65437316894531
2013-09-16,46.81266784667969
2013-09-17,47.02375411987305
2013-09-18,48.17710876464844
2013-09-19,48.064029693603516
2013-09-20,47.3851432800293
2013-09-23,47.955963134765625
2013-09-24,47.91029739379883
2013-09-25,47.613468170166016
2013-09-26,47.49930953979492
2013-09-27,47.24815368652344
2013-09-30,47.11115264892578
2013-10-01,47.392765045166016
2013-10-02,47.2938232421875
2013-10-03,46.89805221557617
2013-10-04,46.9437141418457
2013-10-07,46.82955551147461
2013-10-08,47.19486999511719
2013-10-09,47.28619384765625
2013-10-10,47.83419418334961
2013-10-11,48.070125579833984
2013-10-14,47.902679443359375
2013-10-15,47.33948516845703
2013-10-16,47.69718551635742
2013-10-17,48.648536682128906
2013-10-18,48.80837631225586
2013-10-21,48.557212829589844
2013-10-22,49.234588623046875
2013-10-23,49.20414352416992
2013-10-24,49.12803268432617
2013-10-25,49.706459045410156
2013-10-28,49.653175354003906
2013-10-29,49.75212478637695
2013-10-30,49.424861907958984
2013-10-31,49.20414352416992
2013-11-01,49.43247604370117
2013-11-04,49.554237365722656
2013-11-05,49.295467376708984
2013-11-06,49.767337799072266
2013-11-07,49.32591247558594
2013-11-08,48.95298385620117
2013-11-11,49.112815856933594
2013-11-12,48.67137145996094
2013-11-13,48.77791976928711
2013-11-14,49.36396789550781
2013-11-15,49.554237365722656
2013-11-18,49.60751724243164
2013-11-19,49.348751068115234
2013-11-20,49.006248474121094
2013-11-21,48.86164474487305
2013-11-22,48.89970016479492
2013-11-25,48.61049270629883
2013-11-26,48.12339401245117
2013-11-27,48.12339401245117
2013-11-29,48.11578369140625
2013-12-02,47.971187591552734
2013-12-03,48.16145706176758
2013-12-04,48.16905212402344
2013-12-05,47.925533294677734
2013-12-06,48.48111343383789
2013-12-09,48.359344482421875
2013-12-10,47.963565826416016
2013-12-11,47.53736114501953
2013-12-12,47.567806243896484
2013-12-13,47.461246490478516
2013-12-16,47.681976318359375
2013-12-17,47.75807571411133
2013-12-18,48.359344482421875
2013-12-19,48.01685333251953
2013-12-20,48.3687629699707
2013-12-23,48.391807556152344
2013-12-24,48.46095275878906
2013-12-26,48.29960632324219
2013-12-27,48.49937057495117
2013-12-30,48.54547882080078
2013-12-31,48.60695266723633
2014-01-02,47.961517333984375
2014-01-03,47.83090591430664
2014-01-06,47.892372131347656
2014-01-07,48.145931243896484
2014-01-08,47.99226760864258
2014-01-09,48.03835678100586
2014-01-10,48.62232208251953
2014-01-13,48.17667007446289
2014-01-14,48.35338592529297
2014-01-15,48.26886749267578
2014-01-16,48.560855865478516
2014-01-17,48.530113220214844
2014-01-21,48.92198181152344
2014-01-22,48.96807861328125
2014-01-23,48.7606315612793
2014-01-24,48.26118087768555
2014-01-27,48.414859771728516
2014-01-28,48.3841438293457
2014-01-29,48.26118087768555
2014-01-30,48.98344802856445
2014-01-31,49.30616760253906
2014-02-03,48.46095275878906
2014-02-04,48.314964294433594
2014-02-05,48.1920280456543
2014-02-06,48.530113220214844
2014-02-07,48.86052703857422
2014-02-10,49.12175750732422
2014-02-11,49.690345764160156
2014-02-12,49.72876739501953
2014-02-13,50.3127326965332
2014-02-14,50.58934020996094
2014-02-18,50.819854736328125
2014-02-19,50.58934020996094
2014-02-20,51.073421478271484
2014-02-21,51.058048248291016
2014-02-24,51.234771728515625
2014-02-25,50.91206359863281
2014-02-26,50.78142166137695
2014-02-27,50.743019104003906
2014-02-28,51.14257049560547
2014-03-03,50.743019104003906
2014-03-04,50.996585845947266
2014-03-05,50.71228790283203
2014-03-06,50.5662841796875
2014-03-07,50.54323959350586
2014-03-10,50.474098205566406
2014-03-11,50.305030822753906
2014-03-12,50.842899322509766
2014-03-13,51.33466720581055
2014-03-14,51.603599548339844
2014-03-17,51.903255462646484
2014-03-18,52.056922912597656
2014-03-19,51.38843536376953
2014-03-20,51.449913024902344
2014-03-21,51.8211555480957
2014-03-24,52.006797790527344
2014-03-25,52.20014953613281
2014-03-26,52.13827896118164
2014-03-27,52.47861099243164
2014-03-28,52.50953674316406
2014-03-31,53.16697692871094
2014-04-01,52.865325927734375
2014-04-02,52.94266891479492
2014-04-03,53.12830352783203
2014-04-04,53.4067497253418
2014-04-07,53.25204086303711
2014-04-08,53.801204681396484
2014-04-09,53.72385787963867
2014-04-10,53.623321533203125
2014-04-11,53.43769073486328
2014-04-14,53.863067626953125
2014-04-15,54.5205192565918
2014-04-16,55.03873825073242
2014-04-17,54.5823860168457
2014-04-21,54.39677429199219
2014-04-22,54.5205192565918
2014-04-23,54.5205192565918
2014-04-24,54.76028823852539
2014-04-25,55.1237907409668
2014-04-28,55.48731994628906
2014-04-29,55.317161560058594
2014-04-30,55.788963317871094
2014-05-01,55.93592834472656
2014-05-02,55.000057220458984
2014-05-05,55.43318557739258
2014-05-06,55.21662521362305
2014-05-07,55.982330322265625
2014-05-08,55.6342658996582
2014-05-09,54.97685241699219
2014-05-12,54.512779235839844
2014-05-13,54.636531829833984
2014-05-14,54.99230194091797
2014-05-15,54.82987594604492
2014-05-16,55.04644775390625
2014-05-19,54.38129806518555
2014-05-20,54.24207305908203
2014-05-21,53.9868278503418
2014-05-22,54.59785079956055
2014-05-23,54.543704986572266
2014-05-27,54.860836029052734
2014-05-28,55.255287170410156
2014-05-29,55.239830017089844
2014-05-30,55.68843078613281
2014-06-02,55.54146194458008
2014-06-03,55.71935272216797
2014-06-04,55.71935272216797
2014-06-05,56.129295349121094
2014-06-06,55.982330322265625
2014-06-09,55.665218353271484
2014-06-10,55.502784729003906
2014-06-11,55.07738494873047
2014-06-12,55.06965255737305
2014-06-13,55.355831146240234
2014-06-16,55.82763671875
2014-06-17,55.79671096801758
2014-06-18,56.73257064819336
2014-06-19,57.273990631103516
2014-06-20,57.0265998840332
2014-06-23,57.003257751464844
2014-06-24,57.11994934082031
2014-06-25,57.306671142578125
2014-06-26,57.47781753540039
2014-06-27,57.64121627807617
2014-06-30,58.03020477294922
2014-07-01,57.61008071899414
2014-07-02,56.6453742980957
2014-07-03,56.233036041259766
2014-07-07,56.47421646118164
2014-07-08,56.785423278808594
2014-07-09,56.68427276611328
2014-07-10,57.03436279296875
2014-07-11,56.71541213989258
2014-07-14,56.19413375854492
2014-07-15,56.435340881347656
2014-07-16,56.6142578125
2014-07-17,56.077449798583984
2014-07-18,56.66093444824219
2014-07-21,56.590919494628906
2014-07-22,56.637596130371094
2014-07-23,56.520912170410156
2014-07-24,56.75429153442383
2014-07-25,56.2641716003418
2014-07-28,57.042152404785156
2014-07-29,57.166629791259766
2014-07-30,56.21748733520508
2014-07-31,55.276123046875
2014-08-01,55.45505905151367
2014-08-04,55.19832992553711
2014-08-05,54.692626953125
2014-08-06,53.961326599121094
2014-08-07,54.3114013671875
2014-08-08,55.20608901977539
2014-08-11,55.128299713134766
2014-08-12,55.17497253417969
2014-08-13,55.35392379760742
2014-08-14,55.781803131103516
2014-08-15,55.98408889770508
2014-08-18,55.836273193359375
2014-08-19,56.4664421081543
2014-08-20,56.6142578125
2014-08-21,56.71541213989258
2014-08-22,56.637596130371094
2014-08-25,56.909889221191406
2014-08-26,56.365299224853516
2014-08-27,56.785423278808594
2014-08-28,57.25999450683594
2014-08-29,57.67232894897461
2014-09-02,56.99546813964844
2014-09-03,57.376686096191406
2014-09-04,57.32221221923828
2014-09-05,57.967960357666016
2014-09-08,57.7267951965332
2014-09-09,57.01881408691406
2014-09-10,56.7932014465332
2014-09-11,57.29890441894531
2014-09-12,56.2641716003418
2014-09-15,56.41976547241211
2014-09-16,57.088836669921875
2014-09-17,57.01881408691406
2014-09-18,56.66093444824219
2014-09-19,57.15058135986328
2014-09-22,56.796329498291016
2014-09-23,56.55230712890625
2014-09-24,56.33189010620117
2014-09-25,56.064247131347656
2014-09-26,56.017024993896484
2014-09-29,56.36336135864258
2014-09-30,56.4656982421875
2014-10-01,56.5916748046875
2014-10-02,56.56804656982422
2014-10-03,56.98527526855469
2014-10-06,56.89080810546875
2014-10-07,56.69398880004883
2014-10-08,57.827552795410156
2014-10-09,56.80422592163086
2014-10-10,56.95379638671875
2014-10-13,56.796329498291016
2014-10-14,57.339500427246094
2014-10-15,56.67826843261719
2014-10-16,56.709739685058594
2014-10-17,57.02462387084961
2014-10-20,57.86693572998047
2014-10-21,58.07947540283203
2014-10-22,58.42587661743164
2014-10-23,58.44159698486328
2014-10-24,59.02410888671875
2014-10-27,58.96113586425781
2014-10-28,59.39408493041992
2014-10-29,59.18943405151367
2014-10-30,60.27576446533203
2014-10-31,60.393836975097656
2014-11-03,60.80317687988281
2014-11-04,60.22064971923828
2014-11-05,61.558868408203125
2014-11-06,60.23640060424805
2014-11-07,60.90553283691406
2014-11-10,61.1810417175293
2014-11-11,60.999961853027344
2014-11-12,60.29938888549805
2014-11-13,59.98448181152344
2014-11-14,59.84280014038086
2014-11-17,60.51189422607422
2014-11-18,60.724456787109375
2014-11-19,60.56699752807617
2014-11-20,60.441043853759766
2014-11-21,60.77168655395508
2014-11-24,60.228546142578125
2014-11-25,60.19704055786133
2014-11-26,60.55913543701172
2014-11-28,61.094425201416016
2014-12-01,61.007835388183594
2014-12-02,61.354217529296875
2014-12-03,61.15742492675781
2014-12-04,61.086570739746094
2014-12-05,60.724456787109375
2014-12-08,60.96849822998047
2014-12-09,61.070823669433594
2014-12-10,60.181297302246094
2014-12-11,60.73232650756836
2014-12-12,59.937252044677734
2014-12-15,59.51216506958008
2014-12-16,59.55939865112305
2014-12-17,60.6614990234375
2014-12-18,61.65336608886719
2014-12-19,61.81905746459961
2014-12-22,62.0965461730957
2014-12-23,62.34236145019531
2014-12-24,63.309635162353516
2014-12-26,64.05491638183594
2014-12-29,64.6336898803711
2014-12-30,64.42755889892578
2014-12-31,62.294776916503906
2015-01-02,62.70703887939453
2015-01-05,61.70012283325195
2015-01-06,61.58911895751953
2015-01-07,62.160003662109375
2015-01-08,62.73876953125
2015-01-09,62.13620376586914
2015-01-12,62.24721145629883
2015-01-13,62.35819625854492
2015-01-14,62.94490051269531
2015-01-15,63.269996643066406
2015-01-16,63.88840866088867
2015-01-20,63.896358489990234
2015-01-21,64.52267456054688
2015-01-22,64.29273986816406
2015-01-23,64.356201171875
2015-01-26,64.42755889892578
2015-01-27,64.30069732666016
2015-01-28,63.71397018432617
2015-01-29,64.41963195800781
2015-01-30,63.269996643066406
2015-02-02,63.85670852661133
2015-02-03,64.36414337158203
2015-02-04,63.77739715576172
2015-02-05,64.37998962402344
2015-02-06,62.31856155395508
2015-02-09,61.882484436035156
2015-02-10,63.15898513793945
2015-02-11,61.985565185546875
2015-02-12,61.70805358886719
2015-02-13,60.9389762878418
2015-02-17,60.87553405761719
2015-02-18,61.85869216918945
2015-02-19,61.2878303527832
2015-02-20,61.367130279541016
2015-02-23,61.620849609375
2015-02-24,61.78733444213867
2015-02-25,60.97071075439453
2015-02-26,60.59806823730469
2015-02-27,60.52669143676758
2015-03-02,59.55940628051758
2015-03-03,59.987552642822266
2015-03-04,59.527706146240234
2015-03-05,59.987552642822266
2015-03-06,58.32256317138672
2015-03-09,58.39391326904297
2015-03-10,58.17192459106445
2015-03-11,57.82306671142578
2015-03-12,58.845848083496094
2015-03-13,58.25913619995117
2015-03-16,59.06784439086914
2015-03-17,59.099571228027344
2015-03-18,60.629783630371094
2015-03-19,59.9954719543457
2015-03-20,60.74861145019531
2015-03-23,60.77271270751953
2015-03-24,59.98585891723633
2015-03-25,59.26323318481445
2015-03-26,58.885833740234375
2015-03-27,59.11067581176758
2015-03-30,59.857383728027344
2015-03-31,59.616512298583984
2015-04-01,59.87343978881836
2015-04-02,60.07417297363281
2015-04-06,60.75663757324219
2015-04-07,60.21868896484375
2015-04-08,60.009918212890625
2015-04-09,59.777095794677734
2015-04-10,60.298988342285156
2015-04-13,59.664703369140625
2015-04-14,59.92160415649414
2015-04-15,60.0902214050293
2015-04-16,59.70482635498047
2015-04-17,59.399715423583984
2015-04-20,60.258872985839844
2015-04-21,59.82527542114258
2015-04-22,60.00189208984375
2015-04-23,60.3792724609375
2015-04-24,60.844966888427734
2015-04-27,60.210670471191406
2015-04-28,60.62015151977539
2015-04-29,60.62015151977539
2015-04-30,59.71285629272461
2015-05-01,59.92160415649414
2015-05-04,60.44350814819336
2015-05-05,59.17490768432617
2015-05-06,58.612876892089844
2015-05-07,58.79753112792969
2015-05-08,59.239139556884766
2015-05-11,58.885833740234375
2015-05-12,58.74131774902344
2015-05-13,58.09901428222656
2015-05-14,58.70119857788086
2015-05-15,59.496070861816406
2015-05-18,59.777095794677734
2015-05-19,59.761024475097656
2015-05-20,59.96979522705078
2015-05-21,59.90555191040039
2015-05-22,59.777095794677734
2015-05-26,59.30338668823242
2015-05-27,59.63256072998047
2015-05-28,59.769073486328125
2015-05-29,59.624542236328125
2015-06-01,59.624542236328125
2015-06-02,58.901912689208984
2015-06-03,58.28366470336914
2015-06-04,57.962520599365234
2015-06-05,57.24791717529297
2015-06-08,56.99900436401367
2015-06-09,56.94279479980469
2015-06-10,57.21579360961914
2015-06-11,57.60921096801758
2015-06-12,57.09535217285156
2015-06-15,56.91067123413086
2015-06-16,57.20777130126953
2015-06-17,57.69753646850586
2015-06-18,58.35592269897461
2015-06-19,57.992271423339844
2015-06-22,57.902976989746094
2015-06-23,57.34286117553711
2015-06-24,56.928871154785156
2015-06-25,56.59602355957031
2015-06-26,56.80709457397461
2015-06-29,56.29568099975586
2015-06-30,56.30379867553711
2015-07-01,56.53107833862305
2015-07-02,57.01005172729492
2015-07-06,57.10744094848633
2015-07-07,58.268253326416016
2015-07-08,57.878623962402344
2015-07-09,57.375343322753906
2015-07-10,57.65131759643555
2015-07-13,57.78121566772461
2015-07-14,57.70814514160156
2015-07-15,57.75685119628906
2015-07-16,59.03131866455078
2015-07-17,58.58484649658203
2015-07-20,58.25201416015625
2015-07-21,57.58637237548828
2015-07-22,57.72438049316406
2015-07-23,56.93697738647461
2015-07-24,56.88015365600586
2015-07-27,57.440277099609375
2015-07-28,57.78121566772461
2015-07-29,57.91109085083008
2015-07-30,58.243900299072266
2015-07-31,58.942020416259766
2015-08-03,59.06378936767578
2015-08-04,58.25201416015625
2015-08-05,58.43062210083008
2015-08-06,58.633541107177734
2015-08-07,59.169307708740234
2015-08-10,59.153079986572266
2015-08-11,59.34791946411133
2015-08-12,60.4032096862793
2015-08-13,60.175907135009766
2015-08-14,60.71977996826172
2015-08-17,61.06072235107422
2015-08-18,60.744144439697266
2015-08-19,60.97953796386719
2015-08-20,60.42755889892578
2015-08-21,59.55896759033203
2015-08-24,57.80555725097656
2015-08-25,56.21450424194336
2015-08-26,57.00192642211914
2015-08-27,57.82991027832031
2015-08-28,57.73249816894531
2015-08-31,57.17238235473633
2015-09-01,55.73556900024414
2015-09-02,55.71121597290039
2015-09-03,56.336265563964844
2015-09-04,55.483924865722656
2015-09-08,56.82331085205078
2015-09-09,56.328155517578125
2015-09-10,56.27132034301758
2015-09-11,56.62037658691406
2015-09-14,56.66097640991211
2015-09-15,57.131805419921875
2015-09-16,57.48086166381836
2015-09-17,58.308841705322266
2015-09-18,57.690673828125
2015-09-21,57.64973449707031
2015-09-22,56.92921447753906
2015-09-23,57.00291061401367
2015-09-24,57.28129196166992
2015-09-25,57.83806610107422
2015-09-28,57.33041000366211
2015-09-29,57.37136459350586
2015-09-30,58.10005187988281
2015-10-01,57.879005432128906
2015-10-02,58.09187698364258
2015-10-05,59.54110336303711
2015-10-06,59.18903350830078
2015-10-07,59.229957580566406
2015-10-08,59.81129837036133
2015-10-09,59.63116455078125
2015-10-12,59.925941467285156
2015-10-13,59.85223388671875
2015-10-14,59.860435485839844
2015-10-15,60.77745819091797
2015-10-16,60.85114288330078
2015-10-19,60.859317779541016
2015-10-20,61.12132263183594
2015-10-21,60.957584381103516
2015-10-22,61.63715362548828
2015-10-23,60.859317779541016
2015-10-26,60.6628303527832
2015-10-27,60.228878021240234
2015-10-28,60.08148956298828
2015-10-29,59.713050842285156
2015-10-30,60.024173736572266
2015-11-02,60.1224250793457
2015-11-03,60.16337203979492
2015-11-04,60.376243591308594
2015-11-05,59.95048141479492
2015-11-06,58.2556266784668
2015-11-09,58.329322814941406
2015-11-10,58.763267517089844
2015-11-11,59.20539093017578
2015-11-12,58.49308395385742
2015-11-13,58.19831848144531
2015-11-16,59.09895324707031
2015-11-17,58.33751678466797
2015-11-18,58.5913200378418
2015-11-19,59.156280517578125
2015-11-20,59.35279083251953
2015-11-23,58.918846130371094
2015-11-24,58.84513473510742
2015-11-25,58.4848747253418
2015-11-27,58.65682601928711
2015-11-30,58.796016693115234
2015-12-01,59.229957580566406
2015-12-02,58.034549713134766
2015-12-03,57.53510665893555
2015-12-04,58.33751678466797
2015-12-07,58.419376373291016
2015-12-08,58.51765060424805
2015-12-09,58.4848747253418
2015-12-10,57.72343444824219
2015-12-11,57.232177734375
2015-12-14,57.22397994995117
2015-12-15,57.84625244140625
2015-12-16,59.23817443847656
2015-12-17,59.270904541015625
2015-12-18,58.54804992675781
2015-12-21,58.481964111328125
2015-12-22,59.027198791503906
2015-12-23,60.1176872253418
2015-12-24,60.15073013305664
2015-12-28,60.1672477722168
2015-12-29,60.47291946411133
2015-12-30,60.373802185058594
2015-12-31,59.77072525024414
2016-01-04,59.19243240356445
2016-01-05,60.05161666870117
2016-01-06,59.76244354248047
2016-01-07,59.30809783935547
2016-01-08,59.20894241333008
2016-01-11,59.30809783935547
2016-01-12,58.76283264160156
2016-01-13,58.57283020019531
2016-01-14,59.745948791503906
2016-01-15,58.8702392578125
2016-01-19,59.622005462646484
2016-01-20,58.19281005859375
2016-01-21,58.448909759521484
2016-01-22,59.6385612487793
2016-01-25,58.91979217529297
2016-01-26,59.6385612487793
2016-01-27,59.8203010559082
2016-01-28,60.73728561401367
2016-01-29,61.82778549194336
2016-02-01,62.50521469116211
2016-02-02,62.51347351074219
2016-02-03,63.53788375854492
2016-02-04,63.40568923950195
2016-02-05,63.546146392822266
2016-02-08,62.835670471191406
2016-02-09,62.93480682373047
2016-02-10,62.81089401245117
2016-02-11,61.91865158081055
2016-02-12,62.009521484375
2016-02-16,62.463924407958984
2016-02-17,62.66219711303711
2016-02-18,63.6535530090332
2016-02-19,63.083499908447266
2016-02-22,63.90965270996094
2016-02-23,63.984012603759766
2016-02-24,64.61188507080078
2016-02-25,65.1571044921875
2016-02-26,63.7774658203125
2016-02-29,64.01702880859375
2016-03-01,63.7774658203125
2016-03-02,64.43009948730469
2016-03-03,64.81015014648438
2016-03-04,65.52887725830078
2016-03-07,65.90888214111328
2016-03-08,66.16499328613281
2016-03-09,66.23934173583984
2016-03-10,66.52021789550781
2016-03-11,66.62760925292969
2016-03-14,66.74327087402344
2016-03-15,66.55329132080078
2016-03-16,67.48680114746094
2016-03-17,67.98249053955078
2016-03-18,67.6081314086914
2016-03-21,67.56652069091797
2016-03-22,67.3335952758789
2016-03-23,67.79945373535156
2016-03-24,68.11558532714844
2016-03-28,68.03238677978516
2016-03-29,68.98074340820312
2016-03-30,68.88926696777344
2016-03-31,69.24693298339844
2016-04-01,69.33014678955078
2016-04-04,69.08058166503906
2016-04-05,67.89096069335938
2016-04-06,67.88263702392578
2016-04-07,67.7412109375
2016-04-08,67.97416687011719
2016-04-11,67.85769653320312
2016-04-12,68.3568344116211
2016-04-13,68.02407836914062
2016-04-14,67.91593170166016
2016-04-15,68.37346649169922
2016-04-18,68.58145904541016
2016-04-19,68.92253112792969
2016-04-20,67.55821228027344
2016-04-21,66.06913757324219
2016-04-22,66.60984802246094
2016-04-25,66.6764144897461
2016-04-26,66.91766357421875
2016-04-27,67.83272552490234
2016-04-28,67.57486724853516
2016-04-29,67.96585083007812
2016-05-02,68.3568344116211
2016-05-03,68.06566619873047
2016-05-04,68.77277374267578
2016-05-05,68.36515808105469
2016-05-06,68.24036407470703
2016-05-09,68.53152465820312
2016-05-10,68.88091278076172
2016-05-11,68.93917083740234
2016-05-12,69.18872833251953
2016-05-13,68.7894058227539
2016-05-16,68.93917083740234
2016-05-17,67.83272552490234
2016-05-18,66.726318359375
2016-05-19,67.20050048828125
2016-05-20,67.40015411376953
2016-05-23,66.79285430908203
2016-05-24,67.62477111816406
2016-05-25,67.49999237060547
2016-05-26,68.06566619873047
2016-05-27,68.3568344116211
2016-05-31,68.70622253417969
2016-06-01,68.88091278076172
2016-06-02,68.97245788574219
2016-06-03,69.99567413330078
2016-06-06,69.92910766601562
2016-06-07,69.97073364257812
2016-06-08,70.27851867675781
2016-06-09,70.65287017822266
2016-06-10,70.2535400390625
2016-06-13,70.05390167236328
2016-06-14,70.27851867675781
2016-06-15,69.87086486816406
2016-06-16,70.34508514404297
2016-06-17,70.68917846679688
2016-06-20,70.56358337402344
2016-06-21,70.80638122558594
2016-06-22,70.44636535644531
2016-06-23,70.82313537597656
2016-06-24,70.52172088623047
2016-06-27,70.79803466796875
2016-06-28,71.36735534667969
2016-06-29,71.90318298339844
2016-06-30,73.3265151977539
2016-07-01,73.40184783935547
2016-07-05,73.66140747070312
2016-07-06,73.82049560546875
2016-07-07,72.59810638427734
2016-07-08,73.44373321533203
2016-07-11,73.41861724853516
2016-07-12,72.79067993164062
2016-07-13,73.41861724853516
2016-07-14,72.98323822021484
2016-07-15,73.17578887939453
2016-07-18,73.34327697753906
2016-07-19,72.98323822021484
2016-07-20,72.77392578125
2016-07-21,73.05860137939453
2016-07-22,73.96281433105469
2016-07-25,73.74514770507812
2016-07-26,73.16744232177734
2016-07-27,72.26321411132812
2016-07-28,72.43063354492188
2016-07-29,72.97488403320312
2016-08-01,72.64833068847656
2016-08-02,72.19623565673828
2016-08-03,71.82783508300781
2016-08-04,71.81108856201172
2016-08-05,70.78126525878906
2016-08-08,70.82313537597656
2016-08-09,70.68080139160156
2016-08-10,70.72266387939453
2016-08-11,70.83989715576172
2016-08-12,70.91522979736328
2016-08-15,70.03611755371094
2016-08-16,69.06489562988281
2016-08-17,69.84355926513672
2016-08-18,70.59707641601562
2016-08-19,69.76818084716797
2016-08-22,69.99422454833984
2016-08-23,69.74307250976562
2016-08-24,69.59237670898438
2016-08-25,69.72632598876953
2016-08-26,68.46208190917969
2016-08-29,68.98956298828125
2016-08-30,68.29463958740234
2016-08-31,68.53742980957031
2016-09-01,68.11883544921875
2016-09-02,68.96443939208984
2016-09-06,69.81005096435547
2016-09-07,69.9272689819336
2016-09-08,70.1365737915039
2016-09-09,67.52436828613281
2016-09-12,68.5709228515625
2016-09-13,67.50761413574219
2016-09-14,67.70856475830078
2016-09-15,68.07695007324219
2016-09-16,68.74864196777344
2016-09-19,69.32315063476562
2016-09-20,69.24710845947266
2016-09-21,70.55669403076172
2016-09-22,71.012939453125
2016-09-23,71.0213851928711
2016-09-26,70.84396362304688
2016-09-27,69.982177734375
2016-09-28,69.92302703857422
2016-09-29,68.90069580078125
2016-09-30,68.50360107421875
2016-10-03,67.62493133544922
2016-10-04,66.18016052246094
2016-10-05,65.94359588623047
2016-10-06,65.90980529785156
2016-10-07,65.90980529785156
2016-10-10,66.44209289550781
2016-10-11,65.61408996582031
2016-10-12,66.1717300415039
2016-10-13,66.75470733642578
2016-10-14,66.40827941894531
2016-10-17,66.77159881591797
2016-10-18,67.53199005126953
2016-10-19,67.54887390136719
2016-10-20,67.32923126220703
2016-10-21,66.9489974975586
2016-10-24,67.0504150390625
2016-10-25,67.27851867675781
2016-10-26,67.253173828125
2016-10-27,67.46440124511719
2016-10-28,67.55734252929688
2016-10-31,68.52898406982422
2016-11-01,67.22783660888672
2016-11-02,66.06190490722656
2016-11-03,66.05345916748047
2016-11-04,66.09569549560547
2016-11-07,67.27851867675781
2016-11-08,67.94599151611328
2016-11-09,66.15483856201172
2016-11-10,64.5579833984375
2016-11-11,64.3636703491211
2016-11-14,64.4734878540039
2016-11-15,65.5042495727539
2016-11-16,65.12406158447266
2016-11-17,65.10714721679688
2016-11-18,65.00576782226562
2016-11-21,65.8337631225586
2016-11-22,66.19705963134766
2016-11-23,65.55494689941406
2016-11-25,66.50122833251953
2016-11-28,67.76012420654297
2016-11-29,67.76856231689453
2016-11-30,65.74927520751953
2016-12-01,65.20008850097656
2016-12-02,65.7408218383789
2016-12-05,65.8591079711914
2016-12-06,65.92671203613281
2016-12-07,66.77159881591797
2016-12-08,67.0419692993164
2016-12-09,67.70942687988281
2016-12-12,68.10651397705078
2016-12-13,68.75707244873047
2016-12-14,67.5742416381836
2016-12-15,67.90374755859375
2016-12-16,68.61336517333984
2016-12-19,69.02178955078125
2016-12-20,69.0047607421875
2016-12-21,68.62188720703125
2016-12-22,68.85160827636719
2016-12-23,68.91967010498047
2016-12-27,68.96221923828125
2016-12-28,68.32408142089844
2016-12-29,69.09834289550781
2016-12-30,68.73250579833984
2017-01-03,68.98774719238281
2017-01-04,69.3536148071289
2017-01-05,69.47272491455078
2017-01-06,69.65140533447266
2017-01-09,68.70696258544922
2017-01-10,68.57933044433594
2017-01-11,69.14939880371094
2017-01-12,69.10686492919922
2017-01-13,69.17493438720703
2017-01-17,69.97474670410156
2017-01-18,69.85562133789062
2017-01-19,69.27702331542969
2017-01-20,69.48973846435547
2017-01-23,69.260009765625
2017-01-24,69.2344970703125
2017-01-25,69.0387954711914
2017-01-26,69.13238525390625
2017-01-27,69.10686492919922
2017-01-30,68.9537124633789
2017-01-31,70.04280853271484
2017-02-01,68.9792251586914
2017-02-02,69.50675964355469
2017-02-03,69.78755950927734
2017-02-06,69.48973846435547
2017-02-07,69.48123168945312
2017-02-08,70.05982208251953
2017-02-09,69.49826049804688
2017-02-10,70.00875854492188
2017-02-13,70.19597625732422
2017-02-14,69.74502563476562
2017-02-15,69.78755950927734
2017-02-16,70.29808044433594
2017-02-17,70.2555160522461
2017-02-21,71.00428009033203
2017-02-22,71.21699523925781
2017-02-23,71.94023132324219
2017-02-24,72.73153686523438
2017-02-27,72.19549560546875
2017-02-28,72.55282592773438
2017-03-01,72.11039733886719
2017-03-02,72.45075225830078
2017-03-03,72.3741683959961
2017-03-06,72.13593292236328
2017-03-07,71.79558563232422
2017-03-08,70.87664794921875
2017-03-09,70.85963439941406
2017-03-10,71.48076629638672
2017-03-13,71.6594467163086
2017-03-14,71.30206298828125
2017-03-15,72.62090301513672
2017-03-16,71.9572525024414
2017-03-17,72.36902618408203
2017-03-20,71.83714294433594
2017-03-21,72.6778564453125
2017-03-22,72.77223205566406
2017-03-23,72.48912048339844
2017-03-24,72.97810363769531
2017-03-27,72.59204864501953
2017-03-28,72.6778564453125
2017-03-29,72.48912048339844
2017-03-30,72.1202392578125
2017-03-31,72.19744873046875
2017-04-03,72.33470153808594
2017-04-04,72.62638854980469
2017-04-05,72.94377136230469
2017-04-06,72.96952056884766
2017-04-07,72.68641662597656
2017-04-10,72.84085845947266
2017-04-11,72.84941864013672
2017-04-12,73.42417907714844
2017-04-13,73.1410903930664
2017-04-17,73.50995635986328
2017-04-18,73.58718872070312
2017-04-19,73.05530548095703
2017-04-20,72.75505065917969
2017-04-21,73.02098846435547
2017-04-24,73.36412811279297
2017-04-25,73.42417907714844
2017-04-26,73.20114135742188
2017-04-27,73.35555267333984
2017-04-28,72.97810363769531
2017-05-01,72.4376449584961
2017-05-02,72.41191101074219
2017-05-03,72.02587890625
2017-05-04,71.89718627929688
2017-05-05,72.36042785644531
2017-05-08,72.53202056884766
2017-05-09,71.88861083984375
2017-05-10,71.98297119140625
2017-05-11,71.93151092529297
2017-05-12,72.27465057373047
2017-05-15,72.63494873046875
2017-05-16,72.06876373291016
2017-05-17,72.05159759521484
2017-05-18,72.41191101074219
2017-05-19,72.57488250732422
2017-05-22,73.2783432006836
2017-05-23,73.58718872070312
2017-05-24,74.09333038330078
2017-05-25,74.55657196044922
2017-05-26,74.30776977539062
2017-05-30,74.80534362792969
2017-05-31,75.08843231201172
2017-06-01,75.8519287109375
2017-06-02,75.95487976074219
2017-06-05,75.61173248291016
2017-06-06,75.51734924316406
2017-06-07,75.74898529052734
2017-06-08,75.16561889648438
2017-06-09,75.26000213623047
2017-06-12,75.29430389404297
2017-06-13,75.42298126220703
2017-06-14,75.80045318603516
2017-06-15,76.25511169433594
2017-06-16,76.24300384521484
2017-06-19,76.01837158203125
2017-06-20,75.94925689697266
2017-06-21,75.35303497314453
2017-06-22,75.18888854980469
2017-06-23,74.85191345214844
2017-06-26,75.54314422607422
2017-06-27,74.66183471679688
2017-06-28,74.18659973144531
2017-06-29,73.30526733398438
2017-06-30,73.21888732910156
2017-07-03,73.02015686035156
2017-07-05,72.69180297851562
2017-07-06,72.44123077392578
2017-07-07,72.44987487792969
2017-07-10,72.19929504394531
2017-07-11,72.11289978027344
2017-07-12,73.0547103881836
2017-07-13,73.10655212402344
2017-07-14,73.64227294921875
2017-07-17,73.84098052978516
2017-07-18,73.95330047607422
2017-07-19,74.36805725097656
2017-07-20,75.0160903930664
2017-07-21,75.29257202148438
2017-07-24,75.15433502197266
2017-07-25,74.60997009277344
2017-07-26,75.17160034179688
2017-07-27,75.6900405883789
2017-07-28,75.52587890625
2017-07-31,75.86283111572266
2017-08-01,76.24300384521484
2017-08-02,76.33806610107422
2017-08-03,76.4417495727539
2017-08-04,76.1998291015625
2017-08-07,76.5108871459961
2017-08-08,76.64047241210938
2017-08-09,76.34671783447266
2017-08-10,76.6318359375
2017-08-11,76.11341094970703
2017-08-14,76.6664047241211
2017-08-15,76.86512756347656
2017-08-16,77.18482208251953
2017-08-17,76.34671783447266
2017-08-18,76.79598999023438
2017-08-21,77.05521392822266
2017-08-22,77.33171844482422
2017-08-23,77.60820007324219
2017-08-24,77.5477066040039
2017-08-25,77.63412475585938
2017-08-28,77.70326232910156
2017-08-29,77.70326232910156
2017-08-30,77.3057861328125
2017-08-31,77.3057861328125
2017-09-01,77.15890502929688
2017-09-05,77.13298797607422
2017-09-06,76.7095947265625
2017-09-07,76.84784698486328
2017-09-08,77.27123260498047
2017-09-11,77.85877990722656
2017-09-12,76.84784698486328
2017-09-13,76.43311309814453
2017-09-14,76.86512756347656
2017-09-15,77.0340347290039
2017-09-18,76.2765884399414
2017-09-19,76.607421875
2017-09-20,76.00668334960938
2017-09-21,75.85867309570312
2017-09-22,75.4668960571289
2017-09-25,76.18080139160156
2017-09-26,76.10245513916016
2017-09-27,75.18830108642578
2017-09-28,75.16217803955078
2017-09-29,75.0228500366211
2017-10-02,75.25794982910156
2017-10-03,75.40594482421875
2017-10-04,76.04150390625
2017-10-05,75.9283218383789
2017-10-06,75.69324493408203
2017-10-09,75.86737823486328
2017-10-10,76.51165008544922
2017-10-11,76.79025268554688
2017-10-12,76.92085266113281
2017-10-13,76.69448852539062
2017-10-16,76.52035522460938
2017-10-17,76.62483978271484
2017-10-18,76.45942687988281
2017-10-19,77.13850402832031
2017-10-20,77.24299621582031
2017-10-23,77.3126449584961
2017-10-24,77.15592193603516
2017-10-25,76.68578338623047
2017-10-26,76.79896545410156
2017-10-27,76.90343475341797
2017-10-30,76.89474487304688
2017-10-31,77.05145263671875
2017-11-01,76.59872436523438
2017-11-02,76.9905014038086
2017-11-03,77.13850402832031
2017-11-06,77.06015014648438
2017-11-07,77.70441436767578
2017-11-08,77.7740707397461
2017-11-09,77.70441436767578
2017-11-10,77.46063995361328
2017-11-13,78.15715789794922
2017-11-14,78.93202209472656
2017-11-15,78.47057342529297
2017-11-16,78.27033233642578
2017-11-17,77.86113739013672
2017-11-20,77.61734771728516
2017-11-21,77.72183990478516
2017-11-22,77.72183990478516
2017-11-24,77.7740707397461
2017-11-27,78.14845275878906
2017-11-28,78.39220428466797
2017-11-29,78.6882553100586
2017-11-30,79.16710662841797
2017-12-01,78.9494400024414
2017-12-04,78.53153228759766
2017-12-05,77.42582702636719
2017-12-06,77.58255004882812
2017-12-07,77.75666046142578
2017-12-08,77.95691680908203
2017-12-11,78.56635284423828
2017-12-12,77.66089630126953
2017-12-13,77.98302459716797
2017-12-14,77.81759643554688
2017-12-15,78.05438995361328
2017-12-18,77.54576110839844
2017-12-19,76.20408630371094
2017-12-20,75.52884674072266
2017-12-21,74.64317321777344
2017-12-22,75.02901458740234
2017-12-26,74.6957778930664
2017-12-27,74.80103302001953
2017-12-28,75.26577758789062
2017-12-29,75.2131576538086
2018-01-02,74.83606719970703
2018-01-03,74.73086547851562
2018-01-04,74.05562591552734
2018-01-05,73.89779663085938
2018-01-08,74.56425476074219
2018-01-09,73.8802490234375
2018-01-10,73.13487243652344
2018-01-11,72.95948791503906
2018-01-12,72.71395874023438
2018-01-16,72.38951873779297
2018-01-17,72.67012023925781
2018-01-18,72.68765258789062
2018-01-19,72.33686828613281
2018-01-22,72.62626647949219
2018-01-23,73.08224487304688
2018-01-24,72.82794189453125
2018-01-25,73.77501678466797
2018-01-26,74.0030288696289
2018-01-29,73.05594635009766
2018-01-30,72.96826171875
2018-01-31,73.17872619628906
2018-02-01,72.68765258789062
2018-02-02,71.9510498046875
2018-02-05,70.26734924316406
2018-02-06,69.55705261230469
2018-02-07,69.88152313232422
2018-02-08,67.96984100341797
2018-02-09,69.47811889648438
2018-02-12,70.19721221923828
2018-02-13,70.4427490234375
2018-02-14,69.8902816772461
2018-02-15,71.51258087158203
2018-02-16,72.09134674072266
2018-02-20,70.89872741699219
2018-02-21,70.69705963134766
2018-02-22,70.46025848388672
2018-02-23,71.9598159790039
2018-02-26,72.19657897949219
2018-02-27,71.38102722167969
2018-02-28,70.7584228515625
2018-03-01,70.4427490234375
2018-03-02,70.53919982910156
2018-03-05,71.86333465576172
2018-03-06,71.31964874267578
2018-03-07,70.86366271972656
2018-03-08,71.144287109375
2018-03-09,71.09165954589844
2018-03-12,71.48626708984375
2018-03-13,71.69673919677734
2018-03-14,72.10887908935547
2018-03-15,72.24920654296875
2018-03-16,72.97200012207031
2018-03-19,72.12162780761719
2018-03-20,71.85588073730469
2018-03-21,71.6255874633789
2018-03-22,71.74075317382812
2018-03-23,70.86380767822266
2018-03-26,71.37754821777344
2018-03-27,72.42280578613281
2018-03-28,72.61767578125
2018-03-29,73.14029693603516
2018-04-02,72.59109497070312
2018-04-03,72.92770385742188
2018-04-04,73.20230865478516
2018-04-05,73.62748718261719
2018-04-06,73.07830047607422
2018-04-09,73.70721435546875
2018-04-10,72.92770385742188
2018-04-11,72.76828002929688
2018-04-12,71.8913345336914
2018-04-13,72.30764770507812
2018-04-16,73.27317810058594
2018-04-17,74.07036590576172
2018-04-18,74.01724243164062
2018-04-19,73.56547546386719
2018-04-20,72.8833999633789
2018-04-23,72.95428466796875
2018-04-24,73.37061309814453
2018-04-25,73.73377990722656
2018-04-26,74.39811706542969
2018-04-27,75.10676574707031
2018-04-30,74.94732666015625
2018-05-01,74.61072540283203
2018-05-02,74.21209716796875
2018-05-03,74.46898651123047
2018-05-04,75.08905792236328
2018-05-07,74.55757141113281
2018-05-08,72.76828002929688
2018-05-09,72.00648498535156
2018-05-10,73.36175537109375
2018-05-11,73.60977172851562
2018-05-14,73.17573547363281
2018-05-15,72.47594451904297
2018-05-16,72.2367935180664
2018-05-17,71.60785675048828
2018-05-18,71.52814483642578
2018-05-21,71.84703826904297
2018-05-22,72.28993225097656
2018-05-23,72.76828002929688
2018-05-24,73.31743621826172
2018-05-25,73.54776000976562
2018-05-29,73.4503402709961
2018-05-30,74.0438003540039
2018-05-31,74.0438003540039
2018-06-01,73.00743865966797
2018-06-04,72.7062759399414
2018-06-05,72.29879760742188
2018-06-06,70.828369140625
2018-06-07,71.26241302490234
2018-06-08,71.08525848388672
2018-06-11,71.06754302978516
2018-06-12,71.38641357421875
2018-06-13,71.40414428710938
2018-06-14,72.21021270751953
2018-06-15,72.75489044189453
2018-06-18,72.88882446289062
2018-06-19,73.63888549804688
2018-06-20,73.71923828125
2018-06-21,73.68350982666016
2018-06-22,74.37999725341797
2018-06-25,75.50507354736328
2018-06-26,75.4604263305664
2018-06-27,76.00511169433594
2018-06-28,76.29084014892578
2018-06-29,76.1479721069336
2018-07-02,76.34442901611328
2018-07-03,77.00517272949219
2018-07-05,77.3355484008789
2018-07-06,78.04096221923828
2018-07-09,75.68366241455078
2018-07-10,76.44263458251953
2018-07-11,77.00517272949219
2018-07-12,77.03195190429688
2018-07-13,76.84444427490234
2018-07-16,76.82660675048828
2018-07-17,76.88909149169922
2018-07-18,76.36226654052734
2018-07-19,76.85337829589844
2018-07-20,76.317626953125
2018-07-23,75.88903045654297
2018-07-24,76.2640609741211
2018-07-25,76.255126953125
2018-07-26,77.13018798828125
2018-07-27,77.06769561767578
2018-07-30,76.73728942871094
2018-07-31,77.4784164428711
2018-08-01,76.57656860351562
2018-08-02,77.37128448486328
2018-08-03,78.08560180664062
2018-08-06,78.29097747802734
2018-08-07,78.13916015625
2018-08-08,77.88023376464844
2018-08-09,78.4516830444336
2018-08-10,78.22846984863281
2018-08-13,78.18380737304688
2018-08-14,78.52313232421875
2018-08-15,78.9606704711914
2018-08-16,80.08573913574219
2018-08-17,80.58577728271484
2018-08-20,80.35360717773438
2018-08-21,79.88037872314453
2018-08-22,79.04995727539062
2018-08-23,79.08567810058594
2018-08-24,79.46961975097656
2018-08-27,79.1571044921875
2018-08-28,78.90709686279297
2018-08-29,79.31784057617188
2018-08-30,79.37139892578125
2018-08-31,78.8981704711914
2018-09-04,79.1571044921875
2018-09-05,80.26431274414062
2018-09-06,80.59468841552734
2018-09-07,79.78214263916016
2018-09-10,80.22859954833984
2018-09-11,80.21967315673828
2018-09-12,80.27323913574219
2018-09-13,80.67507934570312
2018-09-14,80.2553939819336
2018-09-17,80.52327728271484
2018-09-18,80.33576202392578
2018-09-19,78.73743438720703
2018-09-20,78.8356704711914
2018-09-21,79.45177459716797
2018-09-24,78.59193420410156
2018-09-25,77.70057678222656
2018-09-26,76.99830627441406
2018-09-27,77.79064178466797
2018-09-28,78.97908782958984
2018-10-01,78.73597717285156
2018-10-02,79.84342956542969
2018-10-03,78.71798706054688
2018-10-04,79.18617248535156
2018-10-05,80.50068664550781
2018-10-08,81.17597198486328
2018-10-09,81.49108123779297
2018-10-10,81.0678939819336
2018-10-11,79.35723876953125
2018-10-12,79.40225219726562
2018-10-15,80.05050659179688
2018-10-16,80.80680847167969
2018-10-17,80.74378204345703
2018-10-18,80.83380126953125
2018-10-19,82.07630920410156
2018-10-22,81.15795135498047
2018-10-23,81.18495178222656
2018-10-24,82.61650848388672
2018-10-25,81.21197509765625
2018-10-26,80.02349090576172
2018-10-29,80.47366333007812
2018-10-30,81.26598358154297
2018-10-31,80.73477172851562
2018-11-01,80.54570770263672
2018-11-02,79.92444610595703
2018-11-05,81.0678939819336
2018-11-06,81.90523529052734
2018-11-07,82.52647399902344
2018-11-08,82.35541534423828
2018-11-09,82.29238891601562
2018-11-12,82.40943145751953
2018-11-13,82.90460968017578
2018-11-14,81.70716094970703
2018-11-15,81.18495178222656
2018-11-16,82.34640502929688
2018-11-19,82.71556091308594
2018-11-20,82.03128814697266
2018-11-21,81.02288818359375
2018-11-23,81.29299926757812
2018-11-26,81.8241958618164
2018-11-27,82.55348205566406
2018-11-28,82.47245788574219
2018-11-29,82.31939697265625
2018-11-30,83.32779693603516
2018-12-03,84.14712524414062
2018-12-04,84.33618927001953
2018-12-06,84.26414489746094
2018-12-07,85.02945709228516
2018-12-10,85.28156280517578
2018-12-11,85.5696792602539
2018-12-12,85.29957580566406
2018-12-13,86.02886199951172
2018-12-14,85.67772674560547
2018-12-17,82.97666931152344
2018-12-18,82.3824234008789
2018-12-19,82.1483154296875
2018-12-20,82.1123046875
2018-12-21,82.0132827758789
2018-12-24,78.29595184326172
2018-12-26,79.41911315917969
2018-12-27,79.93541717529297
2018-12-28,80.21620178222656
2018-12-31,80.39737701416016
2019-01-02,78.86659240722656
2019-01-03,78.99340057373047
2019-01-04,80.17996978759766
2019-01-07,79.42816925048828
2019-01-08,80.3883056640625
2019-01-09,79.9444808959961
2019-01-10,81.23973846435547
2019-01-11,80.94083404541016
2019-01-14,78.55863189697266
2019-01-15,79.37382507324219
2019-01-16,79.79955291748047
2019-01-17,80.09847259521484
2019-01-18,80.06222534179688
2019-01-22,80.18903350830078
2019-01-23,81.07669067382812
2019-01-24,81.49337005615234
2019-01-25,80.56039428710938
2019-01-28,80.15279388427734
2019-01-29,80.31583404541016
2019-01-30,81.01329040527344
2019-01-31,82.77051544189453
2019-02-01,82.39915466308594
2019-02-04,82.3629150390625
2019-02-05,82.48067474365234
2019-02-06,82.42630767822266
2019-02-07,83.47704315185547
2019-02-08,83.94803619384766
2019-02-11,83.8846435546875
2019-02-12,84.04768371582031
2019-02-13,83.8846435546875
2019-02-14,83.83028411865234
2019-02-15,84.07484436035156
2019-02-19,84.52772521972656
2019-02-20,84.88099670410156
2019-02-21,85.52408599853516
2019-02-22,85.96793365478516
2019-02-25,85.39729309082031
2019-02-26,85.27953338623047
2019-02-27,85.4516372680664
2019-02-28,85.70525360107422
2019-03-01,85.89546966552734
2019-03-04,86.0947494506836
2019-03-05,85.99510192871094
2019-03-06,85.97698211669922
2019-03-07,86.1309814453125
2019-03-08,86.50234985351562
2019-03-11,87.25413513183594
2019-03-12,87.90631103515625
2019-03-13,88.08747100830078
2019-03-14,87.91535949707031
2019-03-15,88.34107971191406
2019-03-18,87.96615600585938
2019-03-19,87.02658081054688
2019-03-20,87.28199005126953
2019-03-21,88.39491271972656
2019-03-22,88.7962875366211
2019-03-25,89.006103515625
2019-03-26,89.57168579101562
2019-03-27,88.92399597167969
2019-03-28,87.93881225585938
2019-03-29,88.3675537109375
2019-04-01,87.64688110351562
2019-04-02,87.74724578857422
2019-04-03,87.65599060058594
2019-04-04,87.26374816894531
2019-04-05,88.08474731445312
2019-04-08,87.43706512451172
2019-04-09,87.61951446533203
2019-04-10,87.33673095703125
2019-04-11,87.84757995605469
2019-04-12,88.24894714355469
2019-04-15,88.23983001708984
2019-04-16,87.0083236694336
2019-04-17,86.67992401123047
2019-04-18,86.68904876708984
2019-04-22,86.66168975830078
2019-04-23,86.93534088134766
2019-04-24,87.46442413330078
2019-04-25,87.76547241210938
2019-04-26,87.81108856201172
2019-04-29,87.31846618652344
2019-04-30,88.67769622802734
2019-05-01,87.72897338867188
2019-05-02,87.54653930664062
2019-05-03,88.18511199951172
2019-05-06,87.7198486328125
2019-05-07,87.51005554199219
2019-05-08,86.18732452392578
2019-05-09,86.15083312988281
2019-05-10,87.55565643310547
2019-05-13,88.65032196044922
2019-05-14,87.8840560913086
2019-05-15,87.78372955322266
2019-05-16,88.32191467285156
2019-05-17,88.75068664550781
2019-05-20,88.8783950805664
2019-05-21,88.86927795410156
2019-05-22,89.51693725585938
2019-05-23,90.18287658691406
2019-05-24,89.99130249023438
2019-05-28,88.49525451660156
2019-05-29,87.27286529541016
2019-05-30,87.1907730102539
2019-05-31,87.72897338867188
2019-06-03,88.6594467163086
2019-06-04,88.74154663085938
2019-06-05,90.6572265625
2019-06-06,91.17719268798828
2019-06-07,90.53865051269531
2019-06-10,89.93656921386719
2019-06-11,89.3344955444336
2019-06-12,90.45655059814453
2019-06-13,90.68460845947266
2019-06-14,91.52384185791016
2019-06-17,91.16808319091797
2019-06-18,91.03123474121094
2019-06-19,91.81576538085938
2019-06-20,92.36309814453125
2019-06-21,92.63677215576172
2019-06-24,92.46500396728516
2019-06-25,91.99657440185547
2019-06-26,90.0401840209961
2019-06-27,90.0677261352539
2019-06-28,90.73822784423828
2019-07-01,90.4443359375
2019-07-02,91.46385192871094
2019-07-03,92.39152526855469
2019-07-05,92.25374603271484
2019-07-08,92.30887603759766
2019-07-09,92.43745422363281
2019-07-10,92.64871215820312
2019-07-11,92.58441925048828
2019-07-12,92.1527099609375
2019-07-15,92.40989685058594
2019-07-16,91.8955307006836
2019-07-17,92.3456039428711
2019-07-18,93.12633514404297
2019-07-19,91.77613067626953
2019-07-22,91.57405853271484
2019-07-23,91.17910766601562
2019-07-24,91.16992950439453
2019-07-25,90.98622131347656
2019-07-26,91.3628158569336
2019-07-29,91.77613067626953
2019-07-30,91.15155792236328
2019-07-31,90.91275024414062
2019-08-01,91.85879516601562
2019-08-02,91.65672302246094
2019-08-05,90.18714141845703
2019-08-06,91.1240005493164
2019-08-07,91.28933715820312
2019-08-08,92.40989685058594
2019-08-09,92.2905044555664
2019-08-12,92.06086730957031
2019-08-13,92.29966735839844
2019-08-14,91.30770874023438
2019-08-15,92.53849029541016
2019-08-16,93.12633514404297
2019-08-19,93.76008605957031
2019-08-20,93.47535705566406
2019-08-21,94.16423797607422
2019-08-22,94.29281616210938
2019-08-23,93.00692749023438
2019-08-26,94.07237243652344
2019-08-27,94.17340850830078
2019-08-28,93.9897232055664
2019-08-29,94.69693756103516
2019-08-30,94.84391021728516
2019-09-03,96.37779235839844
2019-09-04,96.57067108154297
2019-09-05,95.56033325195312
2019-09-06,95.07353973388672
2019-09-09,94.39384460449219
2019-09-10,94.43977355957031
2019-09-11,95.52359771728516
2019-09-12,95.67974090576172
2019-09-13,95.36744689941406
2019-09-16,95.51441192626953
2019-09-17,96.23082733154297
2019-09-18,96.64417266845703
2019-09-19,97.07585906982422
2019-09-20,97.48917388916016
2019-09-23,97.59549713134766
2019-09-24,98.53844451904297
2019-09-25,98.65862274169922
2019-09-26,99.0284194946289
2019-09-27,98.59391784667969
2019-09-30,98.58466339111328
2019-10-01,98.2888412475586
2019-10-02,96.90215301513672
2019-10-03,97.01309204101562
2019-10-04,98.48296356201172
2019-10-07,98.00225830078125
2019-10-08,96.96686553955078
2019-10-09,97.27192687988281
2019-10-10,97.21647644042969
2019-10-11,97.05007934570312
2019-10-14,96.37520599365234
2019-10-15,96.0516357421875
2019-10-16,96.3012466430664
2019-10-17,96.504638671875
2019-10-18,96.86517333984375
2019-10-21,97.25343322753906
2019-10-22,97.7064437866211
2019-10-23,98.03923797607422
2019-10-24,98.46448516845703
2019-10-25,97.32740783691406
2019-10-28,96.02391052246094
2019-10-29,96.1625747680664
2019-10-30,96.91139221191406
2019-10-31,97.40137481689453
2019-11-01,97.34590148925781
2019-11-04,96.13484191894531
2019-11-05,95.0994644165039
2019-11-06,95.45075225830078
2019-11-07,94.30441284179688
2019-11-08,93.90689849853516
2019-11-11,93.35223388671875
2019-11-12,93.64804077148438
2019-11-13,94.90531158447266
2019-11-14,95.15491485595703
2019-11-15,95.31206512451172
2019-11-18,95.3028335571289
2019-11-19,95.11793518066406
2019-11-20,95.58016204833984
2019-11-21,95.25660705566406
2019-11-22,95.41375732421875
2019-11-25,94.9792709350586
2019-11-26,95.27510070800781
2019-11-27,95.48772430419922
2019-11-29,95.40451049804688
2019-12-02,94.76664733886719
2019-12-03,95.16415405273438
2019-12-04,95.79280090332031
2019-12-05,95.811279296875
2019-12-06,95.59866333007812
2019-12-09,95.27510070800781
2019-12-10,95.3582992553711
2019-12-11,95.58940887451172
2019-12-12,95.15491485595703
2019-12-13,95.99616241455078
2019-12-16,97.23495483398438
2019-12-17,97.40137481689453
2019-12-18,97.98375701904297
2019-12-19,97.9930191040039
2019-12-20,98.88048553466797
2019-12-23,97.86216735839844
2019-12-24,97.93656921386719
2019-12-26,98.01097106933594
2019-12-27,98.27134704589844
2019-12-30,98.28995513916016
2019-12-31,98.83865356445312
2020-01-02,97.42508697509766
2020-01-03,97.56459045410156
2020-01-06,97.58316802978516
2020-01-07,97.45297241210938
2020-01-08,97.45297241210938
2020-01-09,98.020263671875
2020-01-10,98.29924774169922
2020-01-13,98.82933807373047
2020-01-14,99.0897445678711
2020-01-15,100.50331115722656
2020-01-16,101.17291259765625
2020-01-17,101.82389831542969
2020-01-21,102.57717895507812
2020-01-22,102.7724838256836
2020-01-23,103.8233642578125
2020-01-24,103.9256591796875
2020-01-27,103.45137023925781
2020-01-28,103.83265686035156
2020-01-29,104.15814971923828
2020-01-30,104.8928451538086
2020-01-31,104.55805206298828
2020-02-03,105.06024169921875
2020-02-04,104.09306335449219
2020-02-05,104.64173889160156
2020-02-06,104.50225067138672
2020-02-07,104.29764556884766
2020-02-10,104.64173889160156
2020-02-11,105.08814239501953
2020-02-12,105.11603546142578
2020-02-13,106.04600524902344
2020-02-14,106.76211547851562
2020-02-18,107.41310119628906
2020-02-19,106.56681060791016
2020-02-20,106.5482177734375
2020-02-21,106.31571960449219
2020-02-24,105.03234100341797
2020-02-25,102.55857849121094
2020-02-26,101.27519226074219
2020-02-27,97.33208465576172
2020-02-28,93.40753936767578
2020-03-02,98.77354431152344
2020-03-03,97.58316802978516
2020-03-04,102.83757781982422
2020-03-05,101.23800659179688
2020-03-06,100.49402618408203
2020-03-09,94.43052673339844
2020-03-10,95.78829956054688
2020-03-11,91.19417572021484
2020-03-12,82.23844909667969
2020-03-13,86.5721664428711
2020-03-16,76.13775634765625
2020-03-17,85.57706451416016
2020-03-18,81.59674835205078
2020-03-19,76.9189453125
2020-03-20,71.2553482055664
2020-03-23,67.83229064941406
2020-03-24,75.02191162109375
2020-03-25,77.21821594238281
2020-03-26,83.4129638671875
2020-03-27,84.00428009033203
2020-03-30,86.9983901977539
2020-03-31,83.02813720703125
2020-04-01,78.38208770751953
2020-04-02,81.15093994140625
2020-04-03,77.47166442871094
2020-04-06,84.04181671142578
2020-04-07,82.99058532714844
2020-04-08,87.68356323242188
2020-04-09,91.86031341552734
2020-04-13,89.12899017333984
2020-04-14,91.44733428955078
2020-04-15,88.21856689453125
2020-04-16,88.64093017578125
2020-04-17,91.29715728759766
2020-04-20,87.66480255126953
2020-04-21,86.26629638671875
2020-04-22,88.37814331054688
2020-04-23,87.01715850830078
2020-04-24,87.62725067138672
2020-04-27,88.86620330810547
2020-04-28,89.31672668457031
2020-04-29,88.92251586914062
2020-04-30,86.84822082519531
2020-05-01,84.32337951660156
2020-05-04,84.85839080810547
2020-05-05,85.8063735961914
2020-05-06,82.58699035644531
2020-05-07,82.9718246459961
2020-05-08,84.86778259277344
2020-05-11,84.39848327636719
2020-05-12,83.60067749023438
2020-05-13,82.15523529052734
2020-05-14,82.99058532714844
2020-05-15,82.19278717041016
2020-05-18,86.08794403076172
2020-05-19,84.91471862792969
2020-05-20,85.0555191040039
2020-05-21,84.33277893066406
2020-05-22,85.02733612060547
2020-05-26,85.75944519042969
2020-05-27,86.50096130371094
2020-05-28,89.11023712158203
2020-05-29,89.5325927734375
2020-06-01,90.27409362792969
2020-06-02,91.0718994140625
2020-06-03,92.30146789550781
2020-06-04,90.70584869384766
2020-06-05,92.25453186035156
2020-06-08,94.76997375488281
2020-06-09,92.3577880859375
2020-06-10,91.5881118774414
2020-06-11,87.58031463623047
2020-06-12,87.70233154296875
2020-06-15,88.25611114501953
2020-06-16,88.78172302246094
2020-06-17,88.71602630615234
2020-06-18,88.61279296875
2020-06-19,86.24751281738281
2020-06-22,87.1490249633789
2020-06-23,86.31570434570312
2020-06-24,85.52024841308594
2020-06-25,84.63009643554688
2020-06-26,83.91041564941406
2020-06-29,85.7191162109375
2020-06-30,86.1168441772461
2020-07-01,88.01077270507812
2020-07-02,88.24750518798828
2020-07-06,87.74562072753906
2020-07-07,87.13954162597656
2020-07-08,87.71720123291016
2020-07-09,86.4766845703125
2020-07-10,88.05811309814453
2020-07-13,88.35166931152344
2020-07-14,89.15657806396484
2020-07-15,88.88196563720703
2020-07-16,89.51644134521484
2020-07-17,91.55240631103516
2020-07-20,90.21717834472656
2020-07-21,90.18878173828125
2020-07-22,91.78913116455078
2020-07-23,91.91224670410156
2020-07-24,91.32514190673828
2020-07-27,90.16984558105469
2020-07-28,91.43875885009766
2020-07-29,91.79862213134766
2020-07-30,91.8270263671875
2020-07-31,92.18685913085938
2020-08-03,91.268310546875
2020-08-04,91.8459701538086
2020-08-05,90.63384246826172
2020-08-06,91.58081817626953
2020-08-07,93.1906509399414
2020-08-10,93.6357192993164
2020-08-11,91.5429458618164
2020-08-12,92.6319351196289
2020-08-13,92.55616760253906
2020-08-14,91.87437438964844
2020-08-17,91.6660385131836
2020-08-18,91.2304458618164
2020-08-19,90.91793060302734
2020-08-20,90.14143371582031
2020-08-21,90.1130142211914
2020-08-24,90.89900207519531
2020-08-25,90.12248992919922
2020-08-26,88.9009017944336
2020-08-27,89.38385772705078
2020-08-28,89.63007354736328
2020-08-31,89.91415405273438
2020-09-01,88.7493896484375
2020-09-02,91.41036224365234
2020-09-03,90.40657806396484
2020-09-04,89.96150970458984
2020-09-08,89.09030151367188
2020-09-09,90.13196563720703
2020-09-10,88.67363739013672
2020-09-11,88.73045349121094
2020-09-14,89.79105377197266
2020-09-15,89.6679458618164
2020-09-16,90.2645263671875
2020-09-17,89.51644134521484
2020-09-18,87.92552947998047
2020-09-21,86.50509643554688
2020-09-22,87.09220886230469
2020-09-23,85.74752044677734
2020-09-24,86.78916931152344
2020-09-25,88.27591705322266
2020-09-28,88.34220886230469
2020-09-29,88.41796112060547
2020-09-30,89.35546112060547
2020-10-01,89.93309783935547
2020-10-02,91.315673828125
2020-10-05,92.16793060302734
2020-10-06,93.1906509399414
2020-10-07,93.52208709716797
2020-10-08,95.20767211914062
2020-10-09,94.99935913085938
2020-10-12,95.69064331054688
2020-10-13,95.08458709716797
2020-10-14,95.09404754638672
2020-10-15,95.20767211914062
2020-10-16,96.0788803100586
2020-10-19,95.416015625
2020-10-20,96.11676788330078
2020-10-21,96.16411590576172
2020-10-22,97.55614471435547
2020-10-23,97.9349365234375
2020-10-26,97.78341674804688
2020-10-27,97.75501251220703
2020-10-28,94.39329528808594
2020-10-29,94.72472381591797
2020-10-30,93.6546630859375
2020-11-02,95.77586364746094
2020-11-03,97.5088119506836
2020-11-04,96.04100799560547
2020-11-05,96.86487579345703
2020-11-06,96.16411590576172
2020-11-09,98.64514923095703
2020-11-10,100.19818878173828
2020-11-11,100.13188934326172
2020-11-12,98.27584075927734
2020-11-13,99.68681335449219
2020-11-16,100.81371307373047
2020-11-17,99.0050048828125
2020-11-18,96.79857635498047
2020-11-19,95.77586364746094
2020-11-20,95.71904754638672
2020-11-23,96.0883560180664
2020-11-24,97.35728454589844
2020-11-25,97.28153991699219
2020-11-27,96.33457946777344
2020-11-30,94.89518737792969
2020-12-01,95.61488342285156
2020-12-02,96.12623596191406
2020-12-03,95.1982192993164
2020-12-04,94.76260375976562
2020-12-07,95.18875122070312
2020-12-08,94.82888793945312
2020-12-09,94.75313568115234
2020-12-10,94.02396392822266
2020-12-11,94.09026336669922
2020-12-14,93.48422241210938
2020-12-15,95.4444351196289
2020-12-16,94.15655517578125
2020-12-17,94.62056732177734
2020-12-18,93.92928314208984
2020-12-21,92.32132720947266
2020-12-22,92.19741821289062
2020-12-23,92.33085632324219
2020-12-24,92.8836898803711
2020-12-28,93.33164978027344
2020-12-29,93.35072326660156
2020-12-30,93.86542510986328
2020-12-31,95.36185455322266
2021-01-04,93.15055847167969
2021-01-05,93.18869018554688
2021-01-06,95.10449981689453
2021-01-07,93.22679901123047
2021-01-08,93.79869842529297
2021-01-11,93.24588012695312
2021-01-12,92.97899627685547
2021-01-13,94.73277282714844
2021-01-14,94.14183044433594
2021-01-15,95.48575592041016
2021-01-19,94.94247436523438
2021-01-20,95.25700378417969
2021-01-21,94.5040283203125
2021-01-22,94.70417785644531
2021-01-25,95.97186279296875
2021-01-26,95.094970703125
2021-01-27,93.11243438720703
2021-01-28,94.30386352539062
2021-01-29,93.90353393554688
2021-02-01,94.33245849609375
2021-02-02,94.8662109375
2021-02-03,94.66606140136719
2021-02-04,95.34278869628906
2021-02-05,95.93374633789062
2021-02-08,95.02824401855469
2021-02-09,95.3046646118164
2021-02-10,95.75263977050781
2021-02-11,95.17122650146484
2021-02-12,94.8662109375
2021-02-16,94.0560531616211
2021-02-17,94.27527618408203
2021-02-18,94.72323608398438
2021-02-19,93.8177719116211
2021-02-22,91.81616973876953
2021-02-23,92.95039367675781
2021-02-24,92.14976501464844
2021-02-25,90.79630279541016
2021-02-26,89.01392364501953
2021-03-01,90.84395599365234
2021-03-02,90.68191528320312
2021-03-03,90.00519561767578
2021-03-04,90.24348449707031
2021-03-05,92.2546157836914
2021-03-08,93.40790557861328
2021-03-09,94.38011169433594
2021-03-10,94.78997039794922
2021-03-11,94.68511199951172
2021-03-12,96.029052734375
2021-03-15,97.77330017089844
2021-03-16,97.81143188476562
2021-03-17,96.0099868774414
2021-03-18,95.94327545166016
2021-03-19,96.42938232421875
2021-03-22,95.85124206542969
2021-03-23,96.96524047851562
2021-03-24,97.35897827148438
2021-03-25,98.43455505371094
2021-03-26,98.42495727539062
2021-03-29,99.60617065429688
2021-03-30,98.70344543457031
2021-03-31,99.34687805175781
2021-04-01,99.06838989257812
2021-04-05,100.23039245605469
2021-04-06,100.6241226196289
2021-04-07,100.5088882446289
2021-04-08,100.35523986816406
2021-04-09,100.24958801269531
2021-04-12,100.46087646484375
2021-04-13,101.45001220703125
2021-04-14,101.93019104003906
2021-04-15,103.10179138183594
2021-04-16,103.96609497070312
2021-04-19,103.46672821044922
2021-04-20,105.1185073852539
2021-04-21,104.49427795410156
2021-04-22,103.6491928100586
2021-04-23,103.36107635498047
2021-04-26,102.8136978149414
2021-04-27,101.98780059814453
2021-04-28,101.92057037353516
2021-04-29,102.9769515991211
2021-04-30,103.71641540527344
2021-05-03,103.8220443725586
2021-05-04,103.6491928100586
2021-05-05,102.1894760131836
2021-05-06,102.87132263183594
2021-05-07,103.22663879394531
2021-05-10,104.36945343017578
2021-05-11,102.68885040283203
2021-05-12,100.53770446777344
2021-05-13,102.4007568359375
2021-05-14,102.9577407836914
2021-05-17,102.1894760131836
2021-05-18,102.2182846069336
2021-05-19,101.94939422607422
2021-05-20,102.60242462158203
2021-05-21,103.14981842041016
2021-05-24,103.14022064208984
2021-05-25,101.94939422607422
2021-05-26,101.93019104003906
2021-05-27,101.29635620117188
2021-05-28,101.82454681396484
2021-06-01,101.29635620117188
2021-06-02,101.73812103271484
2021-06-03,102.57361602783203
2021-06-04,102.41996002197266
2021-06-07,102.68885040283203
2021-06-08,101.97820281982422
2021-06-09,102.8617172241211
2021-06-10,103.36107635498047
2021-06-11,103.7740249633789
2021-06-14,103.84125518798828
2021-06-15,104.26380157470703
2021-06-16,102.59281921386719
2021-06-17,102.87132263183594
2021-06-18,99.98069763183594
2021-06-21,101.3678207397461
2021-06-22,100.64334869384766
2021-06-23,99.59044647216797
2021-06-24,99.64840698242188
2021-06-25,100.7592544555664
2021-06-28,101.34849548339844
2021-06-29,99.74500274658203
2021-06-30,99.76432037353516
2021-07-01,100.7013168334961
2021-07-02,100.87517547607422
2021-07-06,101.16497039794922
2021-07-07,101.8701171875
2021-07-08,101.49339294433594
2021-07-09,101.89908599853516
2021-07-12,102.11161041259766
2021-07-13,101.14563751220703
2021-07-14,101.94739532470703
2021-07-15,103.01960754394531
2021-07-16,104.08216857910156
2021-07-19,102.00535583496094
2021-07-20,102.63321685791016
2021-07-21,101.64794921875
2021-07-22,101.87977600097656
2021-07-23,103.03893280029297
2021-07-26,103.09689331054688
2021-07-27,104.89356231689453
2021-07-28,104.1690902709961
2021-07-29,104.3139877319336
2021-07-30,103.23212432861328
2021-08-02,103.93726348876953
2021-08-03,104.52650451660156
2021-08-04,104.18842315673828
2021-08-05,105.56007385253906
2021-08-06,105.75328826904297
2021-08-09,105.71463775634766
2021-08-10,105.6953125
2021-08-11,106.4487533569336
2021-08-12,106.46808624267578
2021-08-13,107.12493896484375
2021-08-16,107.63689422607422
2021-08-17,107.63689422607422
2021-08-18,107.07664489746094
2021-08-19,107.2988052368164
2021-08-20,108.55455780029297
2021-08-23,107.42438507080078
2021-08-24,106.75787353515625
2021-08-25,107.00901794433594
2021-08-26,106.58399963378906
2021-08-27,106.63228607177734
2021-08-30,106.62263488769531
2021-08-31,106.63228607177734
2021-09-01,107.91702270507812
2021-09-02,108.74775695800781
2021-09-03,107.9556655883789
2021-09-07,106.46808624267578
2021-09-08,108.25511169433594
2021-09-09,107.5789566040039
2021-09-10,105.99476623535156
2021-09-13,105.81122589111328
2021-09-14,105.2316665649414
2021-09-15,104.99982452392578
2021-09-16,104.14978790283203
2021-09-17,102.90369415283203
2021-09-20,101.88943481445312
2021-09-21,101.60930633544922
2021-09-22,101.39680480957031
2021-09-23,100.97178649902344
2021-09-24,101.02972412109375
2021-09-27,100.07343292236328
2021-09-28,98.97223663330078
2021-09-29,100.11206817626953
2021-09-30,99.17508697509766
2021-10-01,99.0591812133789
2021-10-04,100.49845886230469
2021-10-05,100.35356140136719
2021-10-06,101.62862396240234
2021-10-07,100.96212005615234
2021-10-08,100.32456970214844
2021-10-11,99.31031799316406
2021-10-12,99.78364562988281
2021-10-13,100.83654022216797
2021-10-14,101.90875244140625
2021-10-15,101.82181549072266
2021-10-18,100.66266632080078
2021-10-19,101.65760040283203
2021-10-20,103.17415618896484
2021-10-21,103.00028991699219
2021-10-22,103.628173828125
2021-10-25,103.21279907226562
2021-10-26,103.60884857177734
2021-10-27,102.94232940673828
2021-10-28,103.39632415771484
2021-10-29,102.8360824584961
2021-11-01,103.32872009277344
2021-11-02,103.32872009277344
2021-11-03,103.08723449707031
2021-11-04,102.36274719238281
2021-11-05,103.26110076904297
2021-11-08,101.5899887084961
2021-11-09,101.99568939208984
2021-11-10,102.93266296386719
2021-11-11,102.49798583984375
2021-11-12,102.33377838134766
2021-11-15,103.74407958984375
2021-11-16,103.29973602294922
2021-11-17,103.27075958251953
2021-11-18,102.60424041748047
2021-11-19,103.31905364990234
2021-11-22,104.24636840820312
2021-11-23,104.3139877319336
2021-11-24,104.2850112915039
2021-11-26,102.52696990966797
2021-11-29,103.78272247314453
2021-11-30,100.74960327148438
2021-12-01,100.71096801757812
2021-12-02,101.96671295166016
2021-12-03,103.31905364990234
2021-12-06,105.10607147216797
2021-12-07,105.82088470458984
2021-12-08,105.73394775390625
2021-12-09,105.65666961669922
2021-12-10,106.17829895019531
2021-12-13,107.33744812011719
2021-12-14,106.76752471923828
2021-12-15,108.52557373046875
2021-12-16,109.15345001220703
2021-12-17,107.60791778564453
2021-12-20,107.68367004394531
2021-12-21,107.53799438476562
2021-12-22,108.13040161132812
2021-12-23,108.16925048828125
2021-12-27,108.62570190429688
2021-12-28,109.6065902709961
2021-12-29,110.38353729248047
2021-12-30,110.56804656982422
2021-12-31,110.86913299560547
2022-01-03,110.00476837158203
2022-01-04,109.8785171508789
2022-01-05,109.75227355957031
2022-01-06,109.21812438964844
2022-01-07,109.91737365722656
2022-01-10,109.38320922851562
2022-01-11,108.40233612060547
2022-01-12,108.70340728759766
2022-01-13,109.26668548583984
2022-01-14,108.89762878417969
2022-01-18,107.73223876953125
2022-01-19,107.97502899169922
2022-01-20,107.7905044555664
2022-01-21,107.96530151367188
2022-01-24,106.68335723876953
2022-01-25,106.12979888916016
2022-01-26,105.74132537841797
2022-01-27,106.55711364746094
2022-01-28,108.1109848022461
2022-01-31,109.29581451416016
2022-02-01,107.94589233398438
2022-02-02,109.58716583251953
2022-02-03,109.33465576171875
2022-02-04,108.37319946289062
2022-02-07,108.25666046142578
2022-02-08,108.55772399902344
2022-02-09,108.96562194824219
2022-02-10,106.4017105102539
2022-02-11,106.333740234375
2022-02-14,105.100341796875
2022-02-15,104.43995666503906
2022-02-16,104.86727142333984
2022-02-17,104.925537109375
2022-02-18,104.7701416015625
2022-02-22,104.67302703857422
2022-02-23,103.0608901977539
2022-02-24,103.43964385986328
2022-02-25,106.59596252441406
2022-02-28,106.95528411865234
2022-03-01,105.7219009399414
2022-03-02,107.37289428710938
2022-03-03,109.30553436279297
2022-03-04,111.66548919677734
2022-03-07,112.49097442626953
2022-03-08,110.78170776367188
2022-03-09,110.19900512695312
2022-03-10,111.13134002685547
2022-03-11,110.83026885986328
2022-03-14,110.6943130493164
2022-03-15,111.8499984741211
2022-03-16,111.7043228149414
2022-03-17,112.15106964111328
2022-03-18,111.17990112304688
2022-03-21,111.96330261230469
2022-03-22,111.94376373291016
2022-03-23,112.1879653930664
2022-03-24,113.28201293945312
2022-03-25,115.14773559570312
2022-03-28,115.98780822753906
2022-03-29,117.17953491210938
2022-03-30,118.1563491821289
2022-03-31,118.13682556152344
2022-04-01,119.84626007080078
2022-04-04,118.88896179199219
2022-04-05,119.50435638427734
2022-04-06,122.10271453857422
2022-04-07,121.65337371826172
2022-04-08,122.21015930175781
2022-04-11,120.67655181884766
2022-04-12,121.32125854492188
2022-04-13,121.11611938476562
2022-04-14,121.20403289794922
2022-04-18,120.79376983642578
2022-04-19,121.87804412841797
2022-04-20,123.15767669677734
2022-04-21,121.58499908447266
2022-04-22,119.61182403564453
2022-04-25,118.54707336425781
2022-04-26,117.11114501953125
2022-04-27,116.45668029785156
2022-04-28,117.755859375
2022-04-29,114.24906158447266
2022-05-02,113.203857421875
2022-05-03,113.68250274658203
2022-05-04,116.18318176269531
2022-05-05,114.96215057373047
2022-05-06,115.81197357177734
2022-05-09,115.21611785888672
2022-05-10,113.87787628173828
2022-05-11,114.71794128417969
2022-05-12,113.48715209960938
2022-05-13,114.98168182373047
2022-05-16,115.37240600585938
2022-05-17,116.67158508300781
2022-05-18,115.54823303222656
2022-05-19,115.5677719116211
2022-05-20,115.71429443359375
2022-05-23,116.99393463134766
2022-05-24,119.2601547241211
2022-05-25,119.2210922241211
2022-05-26,119.82672119140625
2022-05-27,121.4384765625
2022-05-31,119.80718231201172
2022-06-01,119.58251190185547
2022-06-02,119.94393920898438
2022-06-03,119.50435638427734
2022-06-06,120.04161834716797
2022-06-07,120.80354309082031
2022-06-08,118.32240295410156
2022-06-09,115.27472686767578
2022-06-10,114.30767059326172
2022-06-13,108.75932312011719
2022-06-14,105.71163940429688
2022-06-15,106.26844024658203
2022-06-16,104.28548431396484
2022-06-17,103.30867004394531
2022-06-21,105.14643859863281
2022-06-22,105.97196197509766
2022-06-23,108.1930160522461
2022-06-24,110.36494445800781
2022-06-27,111.50495910644531
2022-06-28,111.25926208496094
2022-06-29,111.21012878417969
2022-06-30,112.2715072631836
2022-07-01,114.86602020263672
2022-07-05,110.5123519897461
2022-07-06,111.7211685180664
2022-07-07,111.53443145751953
2022-07-08,111.19046020507812
2022-07-11,111.71133422851562
2022-07-12,111.29856872558594
2022-07-13,110.6597671508789
2022-07-14,110.49270629882812
2022-07-15,110.85633087158203
2022-07-18,109.50010681152344
2022-07-19,110.05046081542969
2022-07-20,108.61560821533203
2022-07-21,108.73355102539062
2022-07-22,110.01114654541016
2022-07-25,111.44599151611328
2022-07-26,112.45824432373047
2022-07-27,112.68428802490234
2022-07-28,116.71363067626953
2022-07-29,118.02070617675781
2022-08-01,117.85364532470703
2022-08-02,117.60794830322266
2022-08-03,118.29588317871094
2022-08-04,118.32537078857422
2022-08-05,118.0895004272461
2022-08-08,118.4334716796875
2022-08-09,119.67176055908203
2022-08-10,120.19263458251953
2022-08-11,120.47763061523438
2022-08-12,122.66920471191406
2022-08-15,123.7109375
2022-08-16,124.13352966308594
2022-08-17,123.9271469116211
2022-08-18,124.50698852539062
2022-08-19,124.47750091552734
2022-08-22,122.61024475097656
2022-08-23,121.88298797607422
2022-08-24,122.24661254882812
2022-08-25,123.19989776611328
2022-08-26,121.2933349609375
2022-08-29,121.77488708496094
2022-08-30,119.8093490600586
2022-08-31,119.32779693603516
2022-09-01,120.82160949707031
2022-09-02,119.76020812988281
2022-09-06,119.52434539794922
2022-09-07,123.2883529663086
2022-09-08,123.38662719726562
2022-09-09,124.13352966308594
2022-09-12,125.20474243164062
2022-09-13,121.84368133544922
2022-09-14,122.95420837402344
2022-09-15,120.16314697265625
2022-09-16,119.8290023803711
2022-09-19,121.16439819335938
2022-09-20,119.39376831054688
2022-09-21,117.87044525146484
2022-09-22,117.49454498291016
2022-09-23,116.00088500976562
2022-09-26,113.05313873291016
2022-09-27,110.97586822509766
2022-09-28,112.12330627441406
2022-09-29,107.52363586425781
2022-09-30,105.42657470703125
2022-10-03,108.56227111816406
2022-10-04,111.1341323852539
2022-10-05,108.79967498779297
2022-10-06,105.61451721191406
2022-10-07,103.56692504882812
2022-10-10,103.63616180419922
2022-10-11,103.47789764404297
2022-10-12,100.33231353759766
2022-10-13,103.08222961425781
2022-10-14,101.4995346069336
2022-10-17,103.56692504882812
2022-10-18,105.47603607177734
2022-10-19,104.25935363769531
2022-10-20,101.93478393554688
2022-10-21,103.97248077392578
2022-10-24,104.62533569335938
2022-10-25,106.58391571044922
2022-10-26,106.55424499511719
2022-10-27,107.74125671386719
2022-10-28,110.38235473632812
2022-10-31,109.55145263671875
2022-11-01,110.0559310913086
2022-11-02,108.77989196777344
2022-11-03,109.24481201171875
2022-11-04,110.12517547607422
2022-11-07,108.35454559326172
2022-11-08,108.86891174316406
2022-11-09,107.80060577392578
2022-11-10,112.964111328125
2022-11-11,111.51991271972656
2022-11-14,110.27355194091797
2022-11-15,111.29240417480469
2022-11-16,112.23212432861328
2022-11-17,110.30323028564453
2022-11-18,112.83551788330078
2022-11-21,113.35977935791016
2022-11-22,114.4775619506836
2022-11-23,115.55575561523438
2022-11-25,116.30753326416016
2022-11-28,115.16008758544922
2022-11-29,114.64571380615234
2022-11-30,117.3956298828125
2022-12-01,117.09886932373047
2022-12-02,116.19873046875
2022-12-05,115.59532165527344
2022-12-06,115.94153594970703
2022-12-07,115.25900268554688
2022-12-08,115.9613265991211
2022-12-09,115.6843490600586
2022-12-12,118.0583724975586
2022-12-13,118.39470672607422
2022-12-14,118.25621795654297
2022-12-15,116.77245330810547
2022-12-16,114.85343933105469
2022-12-19,114.45557403564453
2022-12-20,114.52519989013672
2022-12-21,116.02713775634766
2022-12-22,115.3408203125
2022-12-23,116.5145263671875
2022-12-27,117.41967010498047
2022-12-28,116.30564880371094
2022-12-29,117.02180480957031
2022-12-30,115.71878814697266
2023-01-03,115.43034362792969
2023-01-04,116.56426239013672
2023-01-05,113.91845703125
2023-01-06,116.47473907470703
2023-01-09,117.3599853515625
2023-01-10,117.2804183959961
2023-01-11,118.43421936035156
2023-01-12,117.63848876953125
2023-01-13,116.98201751708984
2023-01-17,116.6139907836914
2023-01-18,113.85877990722656
2023-01-19,112.75470733642578
2023-01-20,113.85877990722656
2023-01-23,113.7294692993164
2023-01-24,114.2069091796875
2023-01-25,114.07760620117188
2023-01-26,114.57493591308594
2023-01-27,114.6843490600586
2023-01-30,114.07760620117188
2023-01-31,115.3607177734375
2023-02-01,115.76852416992188
2023-02-02,115.85804748535156
2023-02-03,113.341552734375
2023-02-06,114.21685791015625
2023-02-07,113.90850830078125
2023-02-08,112.16785430908203
2023-02-09,110.86485290527344
2023-02-10,113.00337219238281
2023-02-13,113.70957946777344
2023-02-14,112.9735336303711
2023-02-15,113.76925659179688
2023-02-16,112.99342346191406
2023-02-17,114.1074447631836
2023-02-21,112.25737762451172
2023-02-22,111.72026062011719
2023-02-23,111.3621826171875
2023-02-24,111.51138305664062
2023-02-27,110.66592407226562
2023-02-28,108.86558532714844
2023-03-01,107.10503387451172
2023-03-02,108.81585693359375
2023-03-03,110.6360855102539
2023-03-06,111.01405334472656
2023-03-07,109.20377349853516
2023-03-08,110.09896850585938
2023-03-09,109.12419891357422
2023-03-10,107.04535675048828
2023-03-13,108.805908203125
2023-03-14,110.27800750732422
2023-03-15,111.39202117919922
2023-03-16,112.26732635498047
2023-03-17,111.02400207519531
2023-03-20,112.19999694824219
2023-03-21,109.7699966430664
2023-03-22,107.38999938964844
2023-03-23,106.1500015258789
2023-03-24,109.51000213623047
