Date,VPU
2013-01-02,55.466670989990234
2013-01-03,55.40890884399414
2013-01-04,55.71949005126953
2013-01-07,55.076622009277344
2013-01-08,54.98995590209961
2013-01-09,54.85991287231445
2013-01-10,55.10552215576172
2013-01-11,55.2138786315918
2013-01-14,55.14162826538086
2013-01-15,55.322200775146484
2013-01-16,54.98995590209961
2013-01-17,55.307762145996094
2013-01-18,55.71949005126953
2013-01-22,56.27566146850586
2013-01-23,56.080650329589844
2013-01-24,56.34789276123047
2013-01-25,56.57903289794922
2013-01-28,56.51404571533203
2013-01-29,57.01966094970703
2013-01-30,57.03410339355469
2013-01-31,57.21467590332031
2013-02-01,57.402488708496094
2013-02-04,57.012447357177734
2013-02-05,57.15689468383789
2013-02-06,57.30857467651367
2013-02-07,57.44581985473633
2013-02-08,57.47471237182617
2013-02-11,57.59752655029297
2013-02-12,57.850318908691406
2013-02-13,57.82863998413086
2013-02-14,57.42415237426758
2013-02-15,57.54693603515625
2013-02-19,58.09591293334961
2013-02-20,57.893680572509766
2013-02-21,57.64085388183594
2013-02-22,58.2403678894043
2013-02-25,57.58306121826172
2013-02-26,57.80699920654297
2013-02-27,58.37760925292969
2013-02-28,58.53651809692383
2013-03-01,58.702640533447266
2013-03-04,59.22993469238281
2013-03-05,59.598331451416016
2013-03-06,59.54054260253906
2013-03-07,59.35272979736328
2013-03-08,59.51884841918945
2013-03-11,59.7066764831543
2013-03-12,59.489994049072266
2013-03-13,59.73555374145508
2013-03-14,59.85835647583008
2013-03-15,60.27730178833008
2013-03-18,59.9161491394043
2013-03-19,60.038944244384766
2013-03-20,60.52289581298828
2013-03-21,60.255638122558594
2013-03-22,60.309566497802734
2013-03-25,60.20026779174805
2013-03-26,60.81231689453125
2013-03-27,61.04548645019531
2013-03-28,61.75226593017578
2013-04-01,61.58466720581055
2013-04-02,61.8324089050293
2013-04-03,61.555545806884766
2013-04-04,62.12388229370117
2013-04-05,62.38618087768555
2013-04-08,62.90351486206055
2013-04-09,62.68491744995117
2013-04-10,63.18770217895508
2013-04-11,63.384403228759766
2013-04-12,63.588443756103516
2013-04-15,62.52460861206055
2013-04-16,63.31155014038086
2013-04-17,62.93994140625
2013-04-18,63.136661529541016
2013-04-19,64.04747772216797
2013-04-22,64.03290557861328
2013-04-23,64.19320678710938
2013-04-24,64.33893585205078
2013-04-25,64.46279907226562
2013-04-26,64.43364715576172
2013-04-29,64.96556854248047
2013-04-30,65.23515319824219
2013-05-01,64.54295349121094
2013-05-02,64.48468017578125
2013-05-03,64.44097137451172
2013-05-06,63.632144927978516
2013-05-07,64.25878143310547
2013-05-08,63.734161376953125
2013-05-09,62.728641510009766
2013-05-10,62.92536544799805
2013-05-13,62.67036819458008
2013-05-14,63.09294509887695
2013-05-15,63.70500564575195
2013-05-16,63.23139572143555
2013-05-17,63.84346008300781
2013-05-20,63.602996826171875
2013-05-21,63.65400695800781
2013-05-22,62.56832504272461
2013-05-23,62.10200881958008
2013-05-24,61.48994445800781
2013-05-28,60.91432571411133
2013-05-29,59.981651306152344
2013-05-30,60.28044128417969
2013-05-31,59.88694381713867
2013-06-03,60.025360107421875
2013-06-04,59.71935272216797
2013-06-05,59.2311897277832
2013-06-06,59.93065643310547
2013-06-07,60.38968276977539
2013-06-10,60.309566497802734
2013-06-11,59.93793869018555
2013-06-12,59.28944396972656
2013-06-13,60.27311325073242
2013-06-14,60.346012115478516
2013-06-17,60.55729675292969
2013-06-18,61.00906753540039
2013-06-19,59.64650344848633
2013-06-20,58.043487548828125
2013-06-21,58.662818908691406
2013-06-24,58.58482360839844
2013-06-25,59.29856872558594
2013-06-26,60.049068450927734
2013-06-27,60.21095657348633
2013-06-28,60.475852966308594
2013-07-01,59.67380142211914
2013-07-02,59.65911102294922
2013-07-03,59.563446044921875
2013-07-05,59.394203186035156
2013-07-08,60.23304748535156
2013-07-09,60.726016998291016
2013-07-10,61.04977798461914
2013-07-11,61.97688674926758
2013-07-12,62.12404251098633
2013-07-15,63.18360137939453
2013-07-16,62.82305145263672
2013-07-17,62.78627395629883
2013-07-18,63.382286071777344
2013-07-19,63.34549331665039
2013-07-22,63.33814239501953
2013-07-23,63.50736999511719
2013-07-24,62.53609848022461
2013-07-25,63.06587219238281
2013-07-26,63.26456069946289
2013-07-29,63.30868148803711
2013-07-30,63.51473617553711
2013-07-31,63.1541748046875
2013-08-01,63.742835998535156
2013-08-02,63.66923904418945
2013-08-05,63.28664779663086
2013-08-06,62.88192367553711
2013-08-07,63.16153335571289
2013-08-08,63.33814239501953
2013-08-09,62.96288299560547
2013-08-12,62.6685676574707
2013-08-13,62.29330062866211
2013-08-14,61.88859176635742
2013-08-15,60.998268127441406
2013-08-16,60.35075759887695
2013-08-19,59.87247848510742
2013-08-20,60.380191802978516
2013-08-21,59.74740982055664
2013-08-22,60.07115936279297
2013-08-23,60.527347564697266
2013-08-26,60.063804626464844
2013-08-27,60.03436279296875
2013-08-28,60.24774169921875
2013-08-29,59.96813201904297
2013-08-30,59.791542053222656
2013-09-03,59.12196731567383
2013-09-04,59.14404296875
2013-09-05,58.908573150634766
2013-09-06,59.158775329589844
2013-09-09,59.44572830200195
2013-09-10,59.93135452270508
2013-09-11,59.40155792236328
2013-09-12,59.232330322265625
2013-09-13,59.651763916015625
2013-09-16,59.71796798706055
2013-09-17,60.07850646972656
2013-09-18,61.85181427001953
2013-09-19,61.594261169433594
2013-09-20,60.79959487915039
2013-09-23,61.52773666381836
2013-09-24,61.505462646484375
2013-09-25,61.07451629638672
2013-09-26,61.10424041748047
2013-09-27,60.72532653808594
2013-09-30,60.64358139038086
2013-10-01,60.85160446166992
2013-10-02,60.85905456542969
2013-10-03,60.14575958251953
2013-10-04,60.249778747558594
2013-10-07,59.95258712768555
2013-10-08,60.29435348510742
2013-10-09,60.50239562988281
2013-10-10,61.43115234375
2013-10-11,61.765499114990234
2013-10-14,61.43115234375
2013-10-15,60.56184387207031
2013-10-16,61.16366958618164
2013-10-17,62.18902587890625
2013-10-18,62.441619873046875
2013-10-21,62.270729064941406
2013-10-22,63.10292053222656
2013-10-23,63.10292053222656
2013-10-24,63.00632095336914
2013-10-25,63.73444747924805
2013-10-28,63.548702239990234
2013-10-29,63.645286560058594
2013-10-30,63.2812385559082
2013-10-31,63.06574249267578
2013-11-01,63.40009689331055
2013-11-04,63.57099151611328
2013-11-05,63.19206619262695
2013-11-06,63.92762756347656
2013-11-07,63.318355560302734
2013-11-08,63.28864288330078
2013-11-11,63.273807525634766
2013-11-12,62.738826751708984
2013-11-13,62.99146270751953
2013-11-14,63.46696472167969
2013-11-15,63.801334381103516
2013-11-18,63.75674057006836
2013-11-19,63.2589225769043
2013-11-20,62.63479995727539
2013-11-21,62.820556640625
2013-11-22,62.820556640625
2013-11-25,62.58279800415039
2013-11-26,61.97355651855469
2013-11-27,61.79521942138672
2013-11-29,61.765499114990234
2013-12-02,61.49803161621094
2013-12-03,61.810089111328125
2013-12-04,61.97355651855469
2013-12-05,61.56489181518555
2013-12-06,62.34504318237305
2013-12-09,62.047855377197266
2013-12-10,61.40887451171875
2013-12-11,60.8739013671875
2013-12-12,61.07451629638672
2013-12-13,61.07451629638672
2013-12-16,61.416297912597656
2013-12-17,61.319705963134766
2013-12-18,62.084991455078125
2013-12-19,61.67633819580078
2013-12-20,62.24219512939453
2013-12-23,62.0845947265625
2013-12-24,62.28719711303711
2013-12-26,62.062068939208984
2013-12-27,62.2572021484375
2013-12-30,62.392269134521484
2013-12-31,62.4973258972168
2014-01-02,61.54426574707031
2014-01-03,61.41667938232422
2014-01-06,61.43170166015625
2014-01-07,61.99452590942383
2014-01-08,61.67182540893555
2014-01-09,61.96453094482422
2014-01-10,62.81251907348633
2014-01-13,62.227169036865234
2014-01-14,62.28719711303711
2014-01-15,62.21968078613281
2014-01-16,62.55738067626953
2014-01-17,62.549861907958984
2014-01-21,63.255279541015625
2014-01-22,63.375335693359375
2014-01-23,63.21025466918945
2014-01-24,62.55738067626953
2014-01-27,62.61741638183594
2014-01-28,62.820045471191406
2014-01-29,62.699981689453125
2014-01-30,63.77311706542969
2014-01-31,64.21585845947266
2014-02-03,63.547969818115234
2014-02-04,63.17271041870117
2014-02-05,62.90256881713867
2014-02-06,63.35285949707031
2014-02-07,63.7656135559082
2014-02-10,64.23086547851562
2014-02-11,64.74866485595703
2014-02-12,64.84622192382812
2014-02-13,65.63419342041016
2014-02-14,66.0394515991211
2014-02-18,66.25706481933594
2014-02-19,65.8743667602539
2014-02-20,66.42967224121094
2014-02-21,66.50472259521484
2014-02-24,66.32462310791016
2014-02-25,66.30960845947266
2014-02-26,66.07695770263672
2014-02-27,65.89686584472656
2014-02-28,66.34712982177734
2014-03-03,65.71675109863281
2014-03-04,66.28711700439453
2014-03-05,65.85934448242188
2014-03-06,65.4541015625
2014-03-07,65.59669494628906
2014-03-10,65.54415893554688
2014-03-11,65.31150817871094
2014-03-12,66.12198638916016
2014-03-13,66.75987243652344
2014-03-14,67.1726303100586
2014-03-17,67.54033660888672
2014-03-18,67.52531433105469
2014-03-19,66.54222869873047
2014-03-20,66.51974487304688
2014-03-21,67.03003692626953
2014-03-24,67.08375549316406
2014-03-25,67.39400482177734
2014-03-26,67.09132385253906
2014-03-27,67.5831298828125
2014-03-28,67.67394256591797
2014-03-31,68.49110412597656
2014-04-01,68.05985260009766
2014-04-02,67.97659301757812
2014-04-03,68.1808853149414
2014-04-04,68.43057250976562
2014-04-07,68.22628021240234
2014-04-08,69.1569595336914
2014-04-09,69.02075958251953
2014-04-10,68.63487243652344
2014-04-11,68.55919647216797
2014-04-14,68.98292541503906
2014-04-15,69.89846801757812
2014-04-16,70.40543365478516
2014-04-17,69.69416809082031
2014-04-21,69.5882568359375
2014-04-22,69.72444152832031
2014-04-23,69.81522369384766
2014-04-24,70.22380828857422
2014-04-25,70.9199447631836
2014-04-28,71.26041412353516
2014-04-29,70.93508911132812
2014-04-30,71.05612182617188
2014-05-01,71.32850646972656
2014-05-02,70.01197052001953
2014-05-05,70.54917907714844
2014-05-06,70.20869445800781
2014-05-07,71.32096099853516
2014-05-08,70.56429290771484
2014-05-09,69.64877319335938
2014-05-12,69.11913299560547
2014-05-13,69.19477081298828
2014-05-14,69.52771759033203
2014-05-15,69.27800750732422
2014-05-16,69.50499725341797
2014-05-19,68.51380157470703
2014-05-20,68.5364990234375
2014-05-21,68.5289535522461
2014-05-22,69.10398864746094
2014-05-23,68.99048614501953
2014-05-27,69.54283142089844
2014-05-28,69.9590072631836
2014-05-29,69.996826171875
2014-05-30,70.5340347290039
2014-06-02,70.45836639404297
2014-06-03,70.63240814208984
2014-06-04,70.69292449951172
2014-06-05,71.3663558959961
2014-06-06,71.13177490234375
2014-06-09,70.73832702636719
2014-06-10,70.52647399902344
2014-06-11,69.70175170898438
2014-06-12,69.91360473632812
2014-06-13,70.29193878173828
2014-06-16,70.79133605957031
2014-06-17,70.74589538574219
2014-06-18,72.16838836669922
2014-06-19,72.7282943725586
2014-06-20,72.3197250366211
2014-06-23,72.13134765625
2014-06-24,72.32963562011719
2014-06-25,72.7109146118164
2014-06-26,72.8481674194336
2014-06-27,73.14556884765625
2014-06-30,73.7403793334961
2014-07-01,73.07694244384766
2014-07-02,71.66619110107422
2014-07-03,70.98748779296875
2014-07-07,71.2162857055664
2014-07-08,71.71955871582031
2014-07-09,71.55944061279297
2014-07-10,71.92547607421875
2014-07-11,71.42977142333984
2014-07-14,70.64434814453125
2014-07-15,70.93413543701172
2014-07-16,71.08663940429688
2014-07-17,70.39268493652344
2014-07-18,71.19341278076172
2014-07-21,71.06376647949219
2014-07-22,70.97987365722656
2014-07-23,70.93413543701172
2014-07-24,71.11714935302734
2014-07-25,70.54521179199219
2014-07-28,71.51368713378906
2014-07-29,70.81209564208984
2014-07-30,69.7597885131836
2014-07-31,68.61593627929688
2014-08-01,68.82943725585938
2014-08-04,68.50152587890625
2014-08-05,67.66271209716797
2014-08-06,66.90015411376953
2014-08-07,67.55595397949219
2014-08-08,68.90568542480469
2014-08-11,68.70744323730469
2014-08-12,68.63877868652344
2014-08-13,68.95906829833984
2014-08-14,69.63015747070312
2014-08-15,69.89703369140625
2014-08-18,69.81314849853516
2014-08-19,70.64434814453125
2014-08-20,70.82736206054688
2014-08-21,70.97987365722656
2014-08-22,70.78926086425781
2014-08-25,71.185791015625
2014-08-26,70.49185943603516
2014-08-27,71.20103454589844
2014-08-28,71.6585693359375
2014-08-29,72.1466064453125
2014-09-02,71.44502258300781
2014-09-03,71.86445617675781
2014-09-04,71.82633209228516
2014-09-05,72.68041229248047
2014-09-08,72.23812866210938
2014-09-09,71.41454315185547
2014-09-10,71.0942611694336
2014-09-11,71.72720336914062
2014-09-12,70.37747192382812
2014-09-15,70.49185943603516
2014-09-16,71.33831024169922
2014-09-17,71.14000701904297
2014-09-18,70.62910461425781
2014-09-19,71.185791015625
2014-09-22,70.64049530029297
2014-09-23,70.3021240234375
2014-09-24,70.07904815673828
2014-09-25,69.70220947265625
2014-09-26,69.80219268798828
2014-09-29,70.14826965332031
2014-09-30,70.23285675048828
2014-10-01,70.52511596679688
2014-10-02,70.4174575805664
2014-10-03,70.89430236816406
2014-10-06,70.90967559814453
2014-10-07,70.78661346435547
2014-10-08,72.34017944335938
2014-10-09,71.10196685791016
2014-10-10,71.45571899414062
2014-10-13,71.37110137939453
2014-10-14,72.08638000488281
2014-10-15,71.1326904296875
2014-10-16,71.27113342285156
2014-10-17,71.72490692138672
2014-10-20,72.74009704589844
2014-10-21,73.10924530029297
2014-10-22,73.53227233886719
2014-10-23,73.76298522949219
2014-10-24,74.3552017211914
2014-10-27,74.23212432861328
2014-10-28,74.8473892211914
2014-10-29,74.46282958984375
2014-10-30,76.03178405761719
2014-10-31,76.10868835449219
2014-11-03,76.59323120117188
2014-11-04,76.13174438476562
2014-11-05,77.74683380126953
2014-11-06,76.54708099365234
2014-11-07,77.34691619873047
2014-11-10,77.716064453125
2014-11-11,77.4161376953125
2014-11-12,76.16252136230469
2014-11-13,75.4395751953125
2014-11-14,75.10887908935547
2014-11-17,76.01638793945312
2014-11-18,76.24713897705078
2014-11-19,76.19327545166016
2014-11-20,76.00870513916016
2014-11-21,76.33171844482422
2014-11-24,75.75492858886719
2014-11-25,75.7318344116211
2014-11-26,76.05484771728516
2014-11-28,76.72393798828125
2014-12-01,76.73932647705078
2014-12-02,77.27001190185547
2014-12-03,77.13155364990234
2014-12-04,77.13155364990234
2014-12-05,76.58551025390625
2014-12-08,77.1008071899414
2014-12-09,77.62379455566406
2014-12-10,76.53168487548828
2014-12-11,77.26232147216797
2014-12-12,76.44710540771484
2014-12-15,75.75492858886719
2014-12-16,75.63954162597656
2014-12-17,77.12389373779297
2014-12-18,77.9314193725586
2014-12-19,77.93911743164062
2014-12-22,78.16213989257812
2014-12-23,78.47746276855469
2014-12-24,79.80029296875
2014-12-26,80.72319793701172
2014-12-29,81.89991760253906
2014-12-30,80.18486785888672
2014-12-31,78.71588897705078
2015-01-02,79.15428161621094
2015-01-05,78.0852279663086
2015-01-06,78.13137817382812
2015-01-07,78.96199035644531
2015-01-08,79.5772705078125
2015-01-09,79.00816345214844
2015-01-12,78.80049133300781
2015-01-13,79.10812377929688
2015-01-14,79.846435546875
2015-01-15,80.28483581542969
2015-01-16,81.04621887207031
2015-01-20,81.17697143554688
2015-01-21,81.95372009277344
2015-01-22,81.66917419433594
2015-01-23,81.95372009277344
2015-01-26,81.97682189941406
2015-01-27,82.04603576660156
2015-01-28,81.2461929321289
2015-01-29,82.31523895263672
2015-01-30,80.43096160888672
2015-02-02,80.84625244140625
2015-02-03,81.25386810302734
2015-02-04,80.2079086303711
2015-02-05,80.96162414550781
2015-02-06,77.67761993408203
2015-02-09,76.96238708496094
2015-02-10,78.43900299072266
2015-02-11,76.80085754394531
2015-02-12,76.52400207519531
2015-02-13,75.4242172241211
2015-02-17,75.30113220214844
2015-02-18,77.07005310058594
2015-02-19,76.33171844482422
2015-02-20,76.39325714111328
2015-02-23,76.88546752929688
2015-02-24,77.36229705810547
2015-02-25,76.24713897705078
2015-02-26,75.72415924072266
2015-02-27,75.6549301147461
2015-03-02,74.16293334960938
2015-03-03,74.6935806274414
2015-03-04,74.21675109863281
2015-03-05,74.71663665771484
2015-03-06,72.57860565185547
2015-03-09,72.67858123779297
2015-03-10,72.57090759277344
2015-03-11,72.12482452392578
2015-03-12,73.4861068725586
2015-03-13,72.75547790527344
2015-03-16,73.94757080078125
2015-03-17,73.89371490478516
2015-03-18,75.84720611572266
2015-03-19,75.13194274902344
2015-03-20,75.85487365722656
2015-03-23,75.95028686523438
2015-03-24,75.11270904541016
2015-03-25,74.25180053710938
2015-03-26,73.64688110351562
2015-03-27,74.11222076416016
2015-03-30,75.10492706298828
2015-03-31,75.13595581054688
2015-04-01,75.12818908691406
2015-04-02,75.3763656616211
2015-04-06,76.31478118896484
2015-04-07,75.43841552734375
2015-04-08,75.23676300048828
2015-04-09,74.9265365600586
2015-04-10,75.48495483398438
2015-04-13,74.74041748046875
2015-04-14,75.12044525146484
2015-04-15,75.32208251953125
2015-04-16,74.83348083496094
2015-04-17,74.58531188964844
2015-04-20,75.63229370117188
2015-04-21,74.95756530761719
2015-04-22,75.12818908691406
2015-04-23,75.58577728271484
2015-04-24,76.3070297241211
2015-04-27,75.3608627319336
2015-04-28,75.9425277709961
2015-04-29,75.68659210205078
2015-04-30,74.65511322021484
2015-05-01,74.96532440185547
2015-05-04,75.50822448730469
2015-05-05,73.8175048828125
2015-05-06,73.3987045288086
2015-05-07,73.63912200927734
2015-05-08,74.15875244140625
2015-05-11,73.70892333984375
2015-05-12,73.54605102539062
2015-05-13,72.91786193847656
2015-05-14,73.78649139404297
2015-05-15,74.63184356689453
2015-05-18,74.94207763671875
2015-05-19,75.07390594482422
2015-05-20,75.19023895263672
2015-05-21,75.15922546386719
2015-05-22,75.0273666381836
2015-05-26,74.49221801757812
2015-05-27,74.84126281738281
2015-05-28,75.07390594482422
2015-05-29,74.9343032836914
2015-06-01,75.05838775634766
2015-06-02,74.01913452148438
2015-06-03,73.04194641113281
2015-06-04,72.77049255371094
2015-06-05,71.93289947509766
2015-06-08,71.5528793334961
2015-06-09,71.38999938964844
2015-06-10,71.74676513671875
2015-06-11,72.27416229248047
2015-06-12,71.61492919921875
2015-06-15,71.40550994873047
2015-06-16,71.75453186035156
2015-06-17,72.34394073486328
2015-06-18,73.31340026855469
2015-06-19,72.64641571044922
2015-06-22,72.59213256835938
2015-06-23,71.68470001220703
2015-06-24,71.16511535644531
2015-06-25,70.66873931884766
2015-06-26,71.01942443847656
2015-06-29,70.54192352294922
2015-06-30,70.3853759765625
2015-07-01,70.64368438720703
2015-07-02,71.67692565917969
2015-07-06,71.86479187011719
2015-07-07,73.5633773803711
2015-07-08,73.19548034667969
2015-07-09,72.41273498535156
2015-07-10,72.83540344238281
2015-07-13,72.86670684814453
2015-07-14,72.79627990722656
2015-07-15,73.07023620605469
2015-07-16,74.17391967773438
2015-07-17,73.36768341064453
2015-07-20,72.96066284179688
2015-07-21,72.26399230957031
2015-07-22,72.54580688476562
2015-07-23,71.50472259521484
2015-07-24,71.47343444824219
2015-07-27,72.41273498535156
2015-07-28,72.76495361328125
2015-07-29,72.99979400634766
2015-07-30,73.5711898803711
2015-07-31,74.23653411865234
2015-08-03,74.54179382324219
2015-08-04,73.32071685791016
2015-08-05,73.59468841552734
2015-08-06,73.7590560913086
2015-08-07,74.5731201171875
2015-08-10,74.36180877685547
2015-08-11,74.71403503417969
2015-08-12,76.00556945800781
2015-08-13,76.02123260498047
2015-08-14,76.6630859375
2015-08-17,77.08576965332031
2015-08-18,76.82746887207031
2015-08-19,77.07794189453125
2015-08-20,76.52218627929688
2015-08-21,75.55940246582031
2015-08-24,72.86670684814453
2015-08-25,70.66718292236328
2015-08-26,71.86479187011719
2015-08-27,72.76495361328125
2015-08-28,72.65538787841797
2015-08-31,71.56731414794922
2015-09-01,69.69654846191406
2015-09-02,69.64176940917969
2015-09-03,70.03315734863281
2015-09-04,69.02337646484375
2015-09-08,70.43234252929688
2015-09-09,69.65742492675781
2015-09-10,69.46173858642578
2015-09-11,69.99400329589844
2015-09-14,70.19752502441406
2015-09-15,70.61238861083984
2015-09-16,71.35600280761719
2015-09-17,72.24051666259766
2015-09-18,71.80218505859375
2015-09-21,72.06050109863281
2015-09-22,71.21509552001953
2015-09-23,71.36383056640625
2015-09-24,71.93524169921875
2015-09-25,72.63465118408203
2015-09-28,72.23948669433594
2015-09-29,72.2711181640625
2015-09-30,73.51185607910156
2015-10-01,72.75318908691406
2015-10-02,73.733154296875
2015-10-05,74.8157958984375
2015-10-06,74.25469207763672
2015-10-07,74.0966567993164
2015-10-08,75.0291976928711
2015-10-09,74.7684097290039
2015-10-12,75.400634765625
2015-10-13,75.17935180664062
2015-10-14,75.1556167602539
2015-10-15,76.26202392578125
2015-10-16,76.42008972167969
2015-10-19,76.5149154663086
2015-10-20,76.68087768554688
2015-10-21,76.4516830444336
2015-10-22,77.28937530517578
2015-10-23,76.0012435913086
2015-10-26,75.90640258789062
2015-10-27,75.6061019897461
2015-10-28,74.95805358886719
2015-10-29,74.54713439941406
2015-10-30,74.9422607421875
2015-11-02,74.98966217041016
2015-11-03,75.23468017578125
2015-11-04,75.62188720703125
2015-11-05,74.99755859375
2015-11-06,72.29483032226562
2015-11-09,72.3975601196289
2015-11-10,73.10089874267578
2015-11-11,73.67782592773438
2015-11-12,72.81639099121094
2015-11-13,72.50028228759766
2015-11-16,73.76473999023438
2015-11-17,72.42127227783203
2015-11-18,73.0218734741211
2015-11-19,73.68570709228516
2015-11-20,74.01763916015625
2015-11-23,73.48815155029297
2015-11-24,73.37749481201172
2015-11-25,73.01398468017578
2015-11-27,73.16413116455078
2015-11-30,73.34589385986328
2015-12-01,73.89910125732422
2015-12-02,72.36595153808594
2015-12-03,71.67841339111328
2015-12-04,72.60301208496094
2015-12-07,72.7847900390625
2015-12-08,72.72157287597656
2015-12-09,72.72157287597656
2015-12-10,71.5993881225586
2015-12-11,71.3386001586914
2015-12-14,71.59147644042969
2015-12-15,72.2711181640625
2015-12-16,74.12035369873047
2015-12-17,74.2145004272461
2015-12-18,73.40080261230469
2015-12-21,73.47258758544922
2015-12-22,74.10281372070312
2015-12-23,75.30741882324219
2015-12-24,75.29145050048828
2015-12-28,75.4749755859375
2015-12-29,75.90573120117188
2015-12-30,75.7780990600586
2015-12-31,74.9324722290039
2016-01-04,74.67719268798828
2016-01-05,75.20370483398438
2016-01-06,75.09999084472656
2016-01-07,74.54954528808594
2016-01-08,74.51766204833984
2016-01-11,74.96437072753906
2016-01-12,74.4777603149414
2016-01-13,74.33415222167969
2016-01-14,75.53875732421875
2016-01-15,74.81278991699219
2016-01-19,75.802001953125
2016-01-20,74.1825942993164
2016-01-21,74.13473510742188
2016-01-22,75.5946044921875
2016-01-25,74.78887176513672
2016-01-26,75.42708587646484
2016-01-27,75.57865905761719
2016-01-28,76.83111572265625
2016-01-29,78.45054626464844
2016-02-01,79.272216796875
2016-02-02,79.54344940185547
2016-02-03,80.57254791259766
2016-02-04,80.14176177978516
2016-02-05,80.26143646240234
2016-02-08,80.02210235595703
2016-02-09,80.3332290649414
2016-02-10,80.26941680908203
2016-02-11,78.98501586914062
2016-02-12,78.681884765625
2016-02-16,79.23234558105469
2016-02-17,79.09671020507812
2016-02-18,80.30130767822266
2016-02-19,79.79871368408203
2016-02-22,80.61243438720703
2016-02-23,80.63639068603516
2016-02-24,81.0831069946289
2016-02-25,81.83297729492188
2016-02-26,79.62323760986328
2016-02-29,79.84660339355469
2016-03-01,79.53548431396484
2016-03-02,80.09390258789062
2016-03-03,80.5406265258789
2016-03-04,81.41019439697266
2016-03-07,81.84097290039062
2016-03-08,82.51107788085938
2016-03-09,82.99771118164062
2016-03-10,83.05354309082031
2016-03-11,83.24501037597656
2016-03-14,83.25298309326172
2016-03-15,83.45243072509766
2016-03-16,84.22624206542969
2016-03-17,85.14366149902344
2016-03-18,84.59320831298828
2016-03-21,84.4703140258789
2016-03-22,84.25344848632812
2016-03-23,84.71127319335938
2016-03-24,85.03254699707031
2016-03-28,84.8076400756836
2016-03-29,86.19715881347656
2016-03-30,85.95618438720703
2016-03-31,86.3658218383789
2016-04-01,86.75936126708984
2016-04-04,86.32565307617188
2016-04-05,84.73535919189453
2016-04-06,84.6630859375
2016-04-07,84.6309585571289
2016-04-08,85.07270050048828
2016-04-11,84.8076400756836
2016-04-12,85.36184692382812
2016-04-13,84.91205596923828
2016-04-14,84.76750946044922
2016-04-15,85.3458023071289
2016-04-18,85.65902709960938
2016-04-19,85.83573150634766
2016-04-20,84.14102935791016
2016-04-21,82.05274963378906
2016-04-22,82.77562713623047
2016-04-25,82.93624877929688
2016-04-26,83.1691665649414
2016-04-27,84.24543762207031
2016-04-28,84.24543762207031
2016-04-29,84.67913818359375
2016-05-02,85.3297119140625
2016-05-03,85.27348327636719
2016-05-04,86.26140594482422
2016-05-05,85.9321060180664
2016-05-06,85.51446533203125
2016-05-09,85.94818115234375
2016-05-10,86.10881805419922
2016-05-11,86.29353332519531
2016-05-12,86.77544403076172
2016-05-13,86.41398620605469
2016-05-16,86.55859375
2016-05-17,85.04056549072266
2016-05-18,83.54666900634766
2016-05-19,84.32572937011719
2016-05-20,84.5426025390625
2016-05-23,83.77153778076172
2016-05-24,84.75141143798828
2016-05-25,84.4703140258789
2016-05-26,85.35381317138672
2016-05-27,85.59477233886719
2016-05-31,86.06062316894531
2016-06-01,86.43006896972656
2016-06-02,86.3899154663086
2016-06-03,87.76335144042969
2016-06-06,87.71517944335938
2016-06-07,87.68303680419922
2016-06-08,88.26129913330078
2016-06-09,89.03239440917969
2016-06-10,88.68700408935547
2016-06-13,88.54241943359375
2016-06-14,88.91992950439453
2016-06-15,88.34163665771484
2016-06-16,88.89583587646484
2016-06-17,89.15284729003906
2016-06-20,88.83155822753906
2016-06-21,89.02095031738281
2016-06-22,88.57584381103516
2016-06-23,88.9561996459961
2016-06-24,88.91575622558594
2016-06-27,89.99207305908203
2016-06-28,90.41289520263672
2016-06-29,90.73662567138672
2016-06-30,92.66272735595703
2016-07-01,92.57368469238281
2016-07-05,93.11590576171875
2016-07-06,93.4072494506836
2016-07-07,91.71585083007812
2016-07-08,92.56562805175781
2016-07-11,92.54132843017578
2016-07-12,91.42452239990234
2016-07-13,92.12049102783203
2016-07-14,91.47307586669922
2016-07-15,91.7320327758789
2016-07-18,91.94246673583984
2016-07-19,91.76441192626953
2016-07-20,91.3597640991211
2016-07-21,91.78868103027344
2016-07-22,92.93787384033203
2016-07-25,92.73554229736328
2016-07-26,92.12049102783203
2016-07-27,91.05223846435547
2016-07-28,91.29503631591797
2016-07-29,91.83724212646484
2016-08-01,91.76441192626953
2016-08-02,91.26265716552734
2016-08-03,90.82565307617188
2016-08-04,90.7285385131836
2016-08-05,89.57936096191406
2016-08-08,89.46604919433594
2016-08-09,89.32039642333984
2016-08-10,89.4175033569336
2016-08-11,89.64410400390625
2016-08-12,89.6603012084961
2016-08-15,88.39778900146484
2016-08-16,87.32147979736328
2016-08-17,88.4625473022461
2016-08-18,89.57936096191406
2016-08-19,88.55154418945312
2016-08-22,88.82672119140625
2016-08-23,88.47875213623047
2016-08-24,88.43826293945312
2016-08-25,88.51111602783203
2016-08-26,86.7954330444336
2016-08-29,87.46713256835938
2016-08-30,86.6092758178711
2016-08-31,86.85208129882812
2016-09-01,86.47172546386719
2016-09-02,87.6856460571289
2016-09-06,88.57584381103516
2016-09-07,88.6487045288086
2016-09-08,88.98048400878906
2016-09-09,85.7514419555664
2016-09-12,87.07866668701172
2016-09-13,85.8890380859375
2016-09-14,86.13992309570312
2016-09-15,86.83587646484375
2016-09-16,87.6047134399414
2016-09-19,88.47875213623047
2016-09-20,88.33916473388672
2016-09-21,90.23260498046875
2016-09-22,90.85289001464844
2016-09-23,90.65701293945312
2016-09-26,90.46929931640625
2016-09-27,89.3838119506836
2016-09-28,89.18795776367188
2016-09-29,87.97190856933594
2016-09-30,87.29450225830078
2016-10-03,86.21722412109375
2016-10-04,84.34825134277344
2016-10-05,84.16053009033203
2016-10-06,84.15234375
2016-10-07,83.99728393554688
2016-10-10,84.78079986572266
2016-10-11,83.72798156738281
2016-10-12,84.50331115722656
2016-10-13,85.52347564697266
2016-10-14,85.16438293457031
2016-10-17,85.57244873046875
2016-10-18,86.30699157714844
2016-10-19,86.1355972290039
2016-10-20,86.05397033691406
2016-10-21,85.62957763671875
2016-10-24,85.8907241821289
2016-10-25,86.3478012084961
2016-10-26,86.5191879272461
2016-10-27,86.14374542236328
2016-10-28,86.37226867675781
2016-10-31,88.07801055908203
2016-11-01,86.48654174804688
2016-11-02,85.28679656982422
2016-11-03,85.6622314453125
2016-11-04,85.3602523803711
2016-11-07,86.92724609375
2016-11-08,87.59648132324219
2016-11-09,84.739990234375
2016-11-10,82.74859619140625
2016-11-11,82.58538055419922
2016-11-14,82.6016845703125
2016-11-15,83.92385864257812
2016-11-16,83.40152740478516
2016-11-17,83.39334869384766
2016-11-18,83.23828125
2016-11-21,84.18502044677734
2016-11-22,84.56859588623047
2016-11-23,83.71981048583984
2016-11-25,84.90321350097656
2016-11-28,86.45388793945312
2016-11-29,86.72321319580078
2016-11-30,84.07891082763672
2016-12-01,83.28726959228516
2016-12-02,84.00545501708984
2016-12-05,84.2747802734375
2016-12-06,84.0870590209961
2016-12-07,85.24600219726562
2016-12-08,85.59693145751953
2016-12-09,86.40491485595703
2016-12-12,87.13129425048828
2016-12-13,88.02903747558594
2016-12-14,86.20370483398438
2016-12-15,86.82119750976562
2016-12-16,87.75157928466797
2016-12-19,88.18794250488281
2016-12-20,88.24559020996094
2016-12-21,87.90801239013672
2016-12-22,88.20439910888672
2016-12-23,88.1550064086914
2016-12-27,88.20439910888672
2016-12-28,87.41398620605469
2016-12-29,88.51728820800781
2016-12-30,88.10563659667969
2017-01-03,87.75981140136719
2017-01-04,88.18794250488281
2017-01-05,88.18794250488281
2017-01-06,88.44317626953125
2017-01-09,87.23286437988281
2017-01-10,87.04349517822266
2017-01-11,87.91624450683594
2017-01-12,88.00682067871094
2017-01-13,87.9573974609375
2017-01-17,88.83013916015625
2017-01-18,88.7396011352539
2017-01-19,87.92446899414062
2017-01-20,88.10563659667969
2017-01-23,87.66922760009766
2017-01-24,87.80095672607422
2017-01-25,87.8092041015625
2017-01-26,87.85859680175781
2017-01-27,87.75157928466797
2017-01-30,87.75157928466797
2017-01-31,89.13477325439453
2017-02-01,87.63631439208984
2017-02-02,88.40200805664062
2017-02-03,88.66549682617188
2017-02-06,88.46786499023438
2017-02-07,88.59137725830078
2017-02-08,89.3405990600586
2017-02-09,88.7313461303711
2017-02-10,89.32414245605469
2017-02-13,89.68641662597656
2017-02-14,89.06067657470703
2017-02-15,88.8548583984375
2017-02-16,89.71111297607422
2017-02-17,89.72758483886719
2017-02-21,90.66619873046875
2017-02-22,91.00376892089844
2017-02-23,91.94236755371094
2017-02-24,93.1773910522461
2017-02-27,92.71630859375
2017-02-28,93.54788208007812
2017-03-01,92.79864501953125
2017-03-02,93.44084930419922
2017-03-03,93.15267181396484
2017-03-06,92.92214965820312
2017-03-07,92.85627746582031
2017-03-08,91.48954772949219
2017-03-09,91.2672348022461
2017-03-10,92.00000762939453
2017-03-13,92.28817749023438
2017-03-14,92.09056854248047
2017-03-15,93.7125473022461
2017-03-16,92.75749206542969
2017-03-17,93.34204864501953
2017-03-20,92.65866088867188
2017-03-21,93.8196029663086
2017-03-22,94.17361450195312
2017-03-23,94.00896453857422
2017-03-24,94.42650604248047
2017-03-27,94.01976776123047
2017-03-28,94.1110610961914
2017-03-29,93.78730773925781
2017-03-30,93.19793701171875
2017-03-31,93.49678039550781
2017-04-03,93.43866729736328
2017-04-04,93.73751068115234
2017-04-05,94.27710723876953
2017-04-06,94.16917419433594
2017-04-07,93.71260833740234
2017-04-10,93.8454360961914
2017-04-11,93.86202239990234
2017-04-12,94.509521484375
2017-04-13,94.1110610961914
2017-04-17,94.617431640625
2017-04-18,94.76686096191406
2017-04-19,94.09445190429688
2017-04-20,93.69600677490234
2017-04-21,94.16917419433594
2017-04-24,94.62571716308594
2017-04-25,94.59254455566406
2017-04-26,94.37670135498047
2017-04-27,94.60913848876953
2017-04-28,94.11935424804688
2017-05-01,93.65449523925781
2017-05-02,93.72920227050781
2017-05-03,93.35566711425781
2017-05-04,93.62960052490234
2017-05-05,94.20240020751953
2017-05-08,94.12767791748047
2017-05-09,93.30583953857422
2017-05-10,93.57148742675781
2017-05-11,93.70429229736328
2017-05-12,94.14427185058594
2017-05-15,94.5593490600586
2017-05-16,93.76240539550781
2017-05-17,94.06954956054688
2017-05-18,94.33519744873047
2017-05-19,94.69213104248047
2017-05-22,95.55545806884766
2017-05-23,95.82112884521484
2017-05-24,96.44368743896484
2017-05-25,97.2572250366211
2017-05-26,97.18252563476562
2017-05-30,97.4149398803711
2017-05-31,97.88812255859375
2017-06-01,98.6435317993164
2017-06-02,98.85105895996094
2017-06-05,98.35299682617188
2017-06-06,98.16205596923828
2017-06-07,98.45259857177734
2017-06-08,97.80510711669922
2017-06-09,97.85491180419922
2017-06-12,97.68059539794922
2017-06-13,97.85491180419922
2017-06-14,98.40280151367188
2017-06-15,98.96726989746094
2017-06-16,99.43214416503906
2017-06-19,99.03369140625
2017-06-20,99.0254135131836
2017-06-21,98.39448547363281
2017-06-22,97.97943878173828
2017-06-23,97.65568542480469
2017-06-26,98.36961364746094
2017-06-27,97.28211975097656
2017-06-28,96.43404388427734
2017-06-29,95.68968200683594
2017-06-30,95.564208984375
2017-07-03,95.08747863769531
2017-07-05,94.74456787109375
2017-07-06,94.53547668457031
2017-07-07,94.7696533203125
2017-07-10,94.53547668457031
2017-07-11,94.46021270751953
2017-07-12,95.31330108642578
2017-07-13,94.92019653320312
2017-07-14,95.38858795166016
2017-07-17,95.78166198730469
2017-07-18,96.04096221923828
2017-07-19,96.49260711669922
2017-07-20,97.2787857055664
2017-07-21,98.05662536621094
2017-07-24,97.22859191894531
2017-07-25,96.83551025390625
2017-07-26,97.57151794433594
2017-07-27,97.8475341796875
2017-07-28,97.69696044921875
2017-07-31,98.09843444824219
2017-08-01,98.5918960571289
2017-08-02,98.86790466308594
2017-08-03,99.21083068847656
2017-08-04,98.94315338134766
2017-08-07,99.21916198730469
2017-08-08,99.60389709472656
2017-08-09,99.0937271118164
2017-08-10,99.3446273803711
2017-08-11,98.76753234863281
2017-08-14,99.41154479980469
2017-08-15,99.82136535644531
2017-08-16,100.24790954589844
2017-08-17,99.47008514404297
2017-08-18,100.06391143798828
2017-08-21,100.39846801757812
2017-08-22,100.68282318115234
2017-08-23,101.00067901611328
2017-08-24,101.00067901611328
2017-08-25,101.29338073730469
2017-08-28,101.4104995727539
2017-08-29,101.29338073730469
2017-08-30,100.85846710205078
2017-08-31,100.9421157836914
2017-09-01,100.75811004638672
2017-09-05,100.96720123291016
2017-09-06,100.51557922363281
2017-09-07,101.268310546875
2017-09-08,101.68648529052734
2017-09-11,102.63156127929688
2017-09-12,100.92537689208984
2017-09-13,100.35663604736328
2017-09-14,101.29338073730469
2017-09-15,101.40210723876953
2017-09-18,100.4904556274414
2017-09-19,100.23117065429688
2017-09-20,99.47846221923828
2017-09-21,99.43661499023438
2017-09-22,98.73407745361328
2017-09-25,99.62063598632812
2017-09-26,99.44499969482422
2017-09-27,98.3176498413086
2017-09-28,98.629638671875
2017-09-29,98.46939849853516
2017-10-02,98.78984069824219
2017-10-03,98.43567657470703
2017-10-04,99.38851165771484
2017-10-05,99.337890625
2017-10-06,99.25357818603516
2017-10-09,99.38006591796875
2017-10-10,100.33290100097656
2017-10-11,100.72918701171875
2017-10-12,101.26886749267578
2017-10-13,100.60272216796875
2017-10-16,100.38347625732422
2017-10-17,100.93156433105469
2017-10-18,100.84724426269531
2017-10-19,101.81692504882812
2017-10-20,101.9012451171875
2017-10-23,101.90969848632812
2017-10-24,101.8759536743164
2017-10-25,101.46278381347656
2017-10-26,101.59768676757812
2017-10-27,102.25540161132812
2017-10-30,102.23009490966797
2017-10-31,102.32284545898438
2017-11-01,101.80006408691406
2017-11-02,102.1036148071289
2017-11-03,102.43247985839844
2017-11-06,102.12891387939453
2017-11-07,103.25882720947266
2017-11-08,103.23352813720703
2017-11-09,103.3178482055664
2017-11-10,102.86248779296875
2017-11-13,104.0008316040039
2017-11-14,105.29937744140625
2017-11-15,104.36341094970703
2017-11-16,104.23694610595703
2017-11-17,103.59609985351562
2017-11-20,103.30096435546875
2017-11-21,103.56234741210938
2017-11-22,103.49490356445312
2017-11-24,103.63825225830078
2017-11-27,104.16104125976562
2017-11-28,104.65853118896484
2017-11-29,104.72599029541016
2017-11-30,105.28250885009766
2017-12-01,104.84403991699219
2017-12-04,104.27067565917969
2017-12-05,102.94681549072266
2017-12-06,103.3600082397461
2017-12-07,103.52021026611328
2017-12-08,103.87432861328125
2017-12-11,104.38026428222656
2017-12-12,102.53364562988281
2017-12-13,102.82876586914062
2017-12-14,102.56959533691406
2017-12-15,102.98595428466797
2017-12-18,102.00029754638672
2017-12-19,100.23287200927734
2017-12-20,99.52760314941406
2017-12-21,98.43146514892578
2017-12-22,98.575927734375
2017-12-26,98.06610870361328
2017-12-27,98.48246002197266
2017-12-28,99.06029510498047
2017-12-29,99.06877136230469
2018-01-02,98.21903991699219
2018-01-03,97.42882537841797
2018-01-04,96.66407012939453
2018-01-05,96.64706420898438
2018-01-08,97.5137939453125
2018-01-09,96.53659057617188
2018-01-10,95.31301879882812
2018-01-11,95.05811309814453
2018-01-12,94.51427459716797
2018-01-16,94.28483581542969
2018-01-17,94.92212677001953
2018-01-18,94.31033325195312
2018-01-19,94.15740966796875
2018-01-22,94.31033325195312
2018-01-23,95.16004943847656
2018-01-24,94.752197265625
2018-01-25,96.03527069091797
2018-01-26,96.05228424072266
2018-01-29,94.85417175292969
2018-01-30,94.99011993408203
2018-01-31,95.96729278564453
2018-02-01,94.53128051757812
2018-02-02,93.76651000976562
2018-02-05,92.0075912475586
2018-02-06,90.77550506591797
2018-02-07,90.48660278320312
2018-02-08,89.35648345947266
2018-02-09,91.3788070678711
2018-02-12,92.03308868408203
2018-02-13,92.32199096679688
2018-02-14,91.3363265991211
2018-02-15,93.3161849975586
2018-02-16,94.0979232788086
2018-02-20,92.89981842041016
2018-02-21,91.6677017211914
2018-02-22,92.10106658935547
2018-02-23,94.48029327392578
2018-02-26,94.1659164428711
2018-02-27,92.63638305664062
2018-02-28,92.02458953857422
2018-03-01,92.02458953857422
2018-03-02,91.74419403076172
2018-03-05,93.48609924316406
2018-03-06,92.35599517822266
2018-03-07,91.82067108154297
2018-03-08,92.45795440673828
2018-03-09,92.69586181640625
2018-03-12,93.1717300415039
2018-03-13,93.3841552734375
2018-03-14,94.1998519897461
2018-03-15,94.21685028076172
2018-03-16,95.1064682006836
2018-03-19,94.55850219726562
2018-03-20,94.1218490600586
2018-03-21,93.86498260498047
2018-03-22,94.21602630615234
2018-03-23,92.86322784423828
2018-03-26,93.84783935546875
2018-03-27,95.17495727539062
2018-03-28,95.26057434082031
2018-03-29,95.73148345947266
2018-04-02,94.90097045898438
2018-04-03,95.3547592163086
2018-04-04,95.50888061523438
2018-04-05,96.27946472167969
2018-04-06,95.51742553710938
2018-04-09,95.67156219482422
2018-04-10,95.13214874267578
2018-04-11,94.96946716308594
2018-04-12,93.8564224243164
2018-04-13,94.4728775024414
2018-04-16,95.79998779296875
2018-04-17,96.75892639160156
2018-04-18,96.41643524169922
2018-04-19,96.29660034179688
2018-04-20,95.54314422607422
2018-04-23,95.78287506103516
2018-04-24,96.45927429199219
2018-04-25,96.43357849121094
2018-04-26,97.51236724853516
2018-04-27,98.43706512451172
2018-04-30,98.09457397460938
2018-05-01,97.89767456054688
2018-05-02,97.76923370361328
2018-05-03,97.9319076538086
2018-05-04,98.34290313720703
2018-05-07,97.89767456054688
2018-05-08,95.6030502319336
2018-05-09,95.03797149658203
2018-05-10,96.2708969116211
2018-05-11,96.42501831054688
2018-05-14,96.05685424804688
2018-05-15,95.25202941894531
2018-05-16,94.57562255859375
2018-05-17,93.81361389160156
2018-05-18,93.86498260498047
2018-05-21,94.34445190429688
2018-05-22,94.72974395751953
2018-05-23,95.594482421875
2018-05-24,96.31370544433594
2018-05-25,96.72467041015625
2018-05-29,96.87879943847656
2018-05-30,97.6836166381836
2018-05-31,97.78634643554688
2018-06-01,96.33939361572266
2018-06-04,95.66299438476562
2018-06-05,94.98660278320312
2018-06-06,93.0601577758789
2018-06-07,93.47966766357422
2018-06-08,93.49681091308594
2018-06-11,93.06869506835938
2018-06-12,94.24169921875
2018-06-13,93.95915222167969
2018-06-14,95.0465316772461
2018-06-15,95.705810546875
2018-06-18,96.1338882446289
2018-06-19,97.16133880615234
2018-06-20,97.15277099609375
2018-06-21,97.46957397460938
2018-06-22,98.13739776611328
2018-06-25,99.56725311279297
2018-06-26,99.55870819091797
2018-06-27,100.123779296875
2018-06-28,100.09440612792969
2018-06-29,100.15489196777344
2018-07-02,100.91493225097656
2018-07-03,101.17404174804688
2018-07-05,101.80455017089844
2018-07-06,102.64234161376953
2018-07-09,99.49847412109375
2018-07-10,100.39672088623047
2018-07-11,101.20860290527344
2018-07-12,101.28633117675781
2018-07-13,101.32087707519531
2018-07-16,101.1567611694336
2018-07-17,101.08766174316406
2018-07-18,100.59537506103516
2018-07-19,101.59725189208984
2018-07-20,100.86309051513672
2018-07-23,100.20670318603516
2018-07-24,100.48307037353516
2018-07-25,100.65582275390625
2018-07-26,101.77863311767578
2018-07-27,101.3467788696289
2018-07-30,100.7421875
2018-07-31,101.8304443359375
2018-08-01,100.97540283203125
2018-08-02,101.61451721191406
2018-08-03,102.52140808105469
2018-08-06,102.69415283203125
2018-08-07,102.53871154785156
2018-08-08,102.08956146240234
2018-08-09,102.62506103515625
2018-08-10,102.15000915527344
2018-08-13,102.27957153320312
2018-08-14,102.59915924072266
2018-08-15,103.29874420166016
2018-08-16,104.48202514648438
2018-08-17,104.96570587158203
2018-08-20,104.66340637207031
2018-08-21,103.96381378173828
2018-08-22,103.22100830078125
2018-08-23,103.10873413085938
2018-08-24,103.58377075195312
2018-08-27,102.85826110839844
2018-08-28,102.62506103515625
2018-08-29,103.35920715332031
2018-08-30,103.45420837402344
2018-08-31,103.00508880615234
2018-09-04,103.48876953125
2018-09-05,104.77569580078125
2018-09-06,105.35436248779297
2018-09-07,104.14519500732422
2018-09-10,104.66340637207031
2018-09-11,104.45610046386719
2018-09-12,104.38701629638672
2018-09-13,105.22482299804688
2018-09-14,104.73250579833984
2018-09-17,104.98297119140625
2018-09-18,104.87068939208984
2018-09-19,102.57324981689453
2018-09-20,102.86691284179688
2018-09-21,103.26419067382812
2018-09-24,102.40586853027344
2018-09-25,101.23941802978516
2018-09-26,100.22090911865234
2018-09-27,101.20459747314453
2018-09-28,102.60610961914062
2018-10-01,102.28401947021484
2018-10-02,103.48530578613281
2018-10-03,102.31881713867188
2018-10-04,102.78890228271484
2018-10-05,104.29488372802734
2018-10-08,105.19149780273438
2018-10-09,105.60063171386719
2018-10-10,104.95645904541016
2018-10-11,102.83245086669922
2018-10-12,102.82372283935547
2018-10-15,103.24156188964844
2018-10-16,104.4515609741211
2018-10-17,104.29488372802734
2018-10-18,104.4080581665039
2018-10-19,105.95755004882812
2018-10-22,105.29595184326172
2018-10-23,104.57344055175781
2018-10-24,106.76712799072266
2018-10-25,105.17408752441406
2018-10-26,103.406982421875
2018-10-29,104.72142791748047
2018-10-30,105.05220031738281
2018-10-31,103.8073959350586
2018-11-01,103.4940185546875
2018-11-02,103.06746673583984
2018-11-05,104.42546081542969
2018-11-06,105.27852630615234
2018-11-07,106.5059585571289
2018-11-08,106.2012710571289
2018-11-09,106.4363021850586
2018-11-12,106.4537353515625
2018-11-13,106.8541488647461
2018-11-14,105.78343200683594
2018-11-15,105.17408752441406
2018-11-16,106.60169219970703
2018-11-19,107.17623138427734
2018-11-20,106.61042022705078
2018-11-21,105.15667724609375
2018-11-23,105.2872314453125
2018-11-26,105.82696533203125
2018-11-27,106.55818176269531
2018-11-28,106.54946899414062
2018-11-29,106.28831481933594
2018-11-30,107.8726577758789
2018-12-03,108.79537200927734
2018-12-04,108.8650131225586
2018-12-06,108.8824234008789
2018-12-07,109.42213439941406
2018-12-10,109.70940399169922
2018-12-11,110.04890441894531
2018-12-12,109.57012939453125
2018-12-13,110.4810562133789
2018-12-14,110.20023345947266
2018-12-17,106.6196060180664
2018-12-18,105.85610961914062
2018-12-19,105.72447204589844
2018-12-20,105.89999389648438
2018-12-21,105.18035888671875
2018-12-24,100.66949462890625
2018-12-26,102.09121704101562
2018-12-27,102.93370819091797
2018-12-28,103.07412719726562
2018-12-31,103.4076156616211
2019-01-02,101.48566436767578
2019-01-03,101.59974670410156
2019-01-04,103.17945098876953
2019-01-07,102.42469024658203
2019-01-08,103.74988555908203
2019-01-09,103.04779815673828
2019-01-10,104.54847717285156
2019-01-11,104.03071594238281
2019-01-14,101.82792663574219
2019-01-15,103.17063903808594
2019-01-16,103.55680084228516
2019-01-17,104.17989349365234
2019-01-18,104.28521728515625
2019-01-22,104.34664154052734
2019-01-23,105.46995544433594
2019-01-24,106.0491943359375
2019-01-25,104.65380096435547
2019-01-28,104.12725067138672
2019-01-29,104.4256362915039
2019-01-30,105.09258270263672
2019-01-31,107.25149536132812
2019-02-01,106.88289642333984
2019-02-04,107.05841064453125
2019-02-05,107.19883728027344
2019-02-06,106.92679595947266
2019-02-07,108.35726928710938
2019-02-08,108.95403289794922
2019-02-11,108.8399429321289
2019-02-12,108.98915100097656
2019-02-13,108.72586822509766
2019-02-14,108.57667541503906
2019-02-15,109.05058288574219
2019-02-19,109.6648941040039
2019-02-20,110.16512298583984
2019-02-21,110.9549789428711
2019-02-22,111.700927734375
2019-02-25,110.94620513916016
2019-02-26,110.68290710449219
2019-02-27,110.89354705810547
2019-02-28,111.41131591796875
2019-03-01,111.66581726074219
2019-03-04,111.99053192138672
2019-03-05,111.70970916748047
2019-03-06,111.6395034790039
2019-03-07,112.02565002441406
2019-03-08,112.47321319580078
2019-03-11,113.31571197509766
2019-03-12,114.000244140625
2019-03-13,114.0792236328125
2019-03-14,113.94760131835938
2019-03-15,114.45658111572266
2019-03-18,114.1669921875
2019-03-19,112.7891616821289
2019-03-20,113.11387634277344
2019-03-21,114.38252258300781
2019-03-22,115.05442810058594
2019-03-25,115.20471954345703
2019-03-26,115.973876953125
2019-03-27,115.26661682128906
2019-03-28,113.93163299560547
2019-03-29,114.5770492553711
2019-04-01,113.80787658691406
2019-04-02,113.72830963134766
2019-04-03,113.69293975830078
2019-04-04,113.23323822021484
2019-04-05,114.3648452758789
2019-04-08,113.52497100830078
2019-04-09,113.71947479248047
2019-04-10,113.40119934082031
2019-04-11,113.96701049804688
2019-04-12,114.55934143066406
2019-04-15,114.55050659179688
2019-04-16,113.02104187011719
2019-04-17,112.65857696533203
2019-04-18,112.75580596923828
2019-04-22,112.62320709228516
2019-04-23,113.08293151855469
2019-04-24,113.7813491821289
2019-04-25,114.24990844726562
2019-04-26,114.41789245605469
2019-04-29,113.74600219726562
2019-04-30,115.56719207763672
2019-05-01,114.40021514892578
2019-05-02,114.11729431152344
2019-05-03,114.9129409790039
2019-05-06,114.31181335449219
2019-05-07,113.9758529663086
2019-05-08,112.39331817626953
2019-05-09,112.31375885009766
2019-05-10,114.29410552978516
2019-05-13,115.4964599609375
2019-05-14,114.63890838623047
2019-05-15,114.52397155761719
2019-05-16,115.16934967041016
2019-05-17,115.78822326660156
2019-05-20,115.93850708007812
2019-05-21,116.06230163574219
2019-05-22,116.94637298583984
2019-05-23,117.73319244384766
2019-05-24,117.59173583984375
2019-05-28,115.73517608642578
2019-05-29,114.15264129638672
2019-05-30,113.89628601074219
2019-05-31,114.55934143066406
2019-06-03,115.77052307128906
2019-06-04,115.93850708007812
2019-06-05,118.24597930908203
2019-06-06,118.92672729492188
2019-06-07,118.16641235351562
2019-06-10,117.40611267089844
2019-06-11,116.67230224609375
2019-06-12,118.13988494873047
2019-06-13,118.42278289794922
2019-06-14,119.44831848144531
2019-06-17,119.05931854248047
2019-06-18,118.66148376464844
2019-06-19,119.71355438232422
2019-06-20,120.39427947998047
2019-06-21,120.84932708740234
2019-06-24,120.84037780761719
2019-06-25,120.18144226074219
2019-06-26,117.56339263916016
2019-06-27,117.72368621826172
2019-06-28,118.37373352050781
2019-07-01,118.04426574707031
2019-07-02,119.50467681884766
2019-07-03,120.35064697265625
2019-07-05,120.31502532958984
2019-07-08,120.40408325195312
2019-07-09,120.4842300415039
2019-07-10,120.81370544433594
2019-07-11,120.7602767944336
2019-07-12,120.09239196777344
2019-07-15,120.439697265625
2019-07-16,119.83417510986328
2019-07-17,120.27050018310547
2019-07-18,121.28567504882812
2019-07-19,119.50467681884766
2019-07-22,119.18408966064453
2019-07-23,118.64978790283203
2019-07-24,118.6676025390625
2019-07-25,118.41825103759766
2019-07-26,118.85459899902344
2019-07-29,119.48686218261719
2019-07-30,118.76554107666016
2019-07-31,118.1244125366211
2019-08-01,119.28205108642578
2019-08-02,119.30875396728516
2019-08-05,117.32293701171875
2019-08-06,118.74775695800781
2019-08-07,119.06834411621094
2019-08-08,120.44859313964844
2019-08-09,120.33285522460938
2019-08-12,120.18144226074219
2019-08-13,120.36845397949219
2019-08-14,119.2464370727539
2019-08-15,120.83154296875
2019-08-16,121.54393005371094
2019-08-19,122.27413177490234
2019-08-20,122.06930541992188
2019-08-21,122.83516693115234
2019-08-22,122.94197845458984
2019-08-23,121.49938201904297
2019-08-26,122.99539184570312
2019-08-27,122.98651123046875
2019-08-28,122.87965393066406
2019-08-29,123.77017974853516
2019-08-30,123.8324966430664
2019-09-03,125.91625213623047
2019-09-04,126.1121597290039
2019-09-05,124.74968719482422
2019-09-06,124.2866439819336
2019-09-09,123.65438079833984
2019-09-10,123.66331481933594
2019-09-11,125.0435562133789
2019-09-12,125.29288482666016
2019-09-13,124.66067504882812
2019-09-16,124.66954040527344
2019-09-17,125.69363403320312
2019-09-18,126.37042236328125
2019-09-19,126.78002166748047
2019-09-20,127.15403747558594
2019-09-23,127.39447784423828
2019-09-24,128.6857147216797
2019-09-25,128.71241760253906
2019-09-26,129.2498779296875
2019-09-27,128.828125
2019-09-30,128.8909454345703
2019-10-01,128.45130920410156
2019-10-02,126.80933380126953
2019-10-03,127.07850646972656
2019-10-04,128.9717254638672
2019-10-07,128.35260009765625
2019-10-08,127.06953430175781
2019-10-09,127.75144958496094
2019-10-10,127.64378356933594
2019-10-11,127.33871459960938
2019-10-14,126.41455841064453
2019-10-15,125.9928207397461
2019-10-16,126.35176086425781
2019-10-17,126.71961212158203
2019-10-18,127.15927124023438
2019-10-21,127.59893798828125
2019-10-22,128.0654754638672
2019-10-23,128.6038818359375
2019-10-24,128.99864196777344
2019-10-25,127.61686706542969
2019-10-28,126.02872467041016
2019-10-29,126.09156036376953
2019-10-30,127.32077026367188
2019-10-31,127.77838134765625
2019-11-01,127.56302642822266
2019-11-04,125.91206359863281
2019-11-05,124.63799285888672
2019-11-06,125.05970001220703
2019-11-07,123.41769409179688
2019-11-08,122.89729309082031
2019-11-11,122.03591918945312
2019-11-12,122.28717041015625
2019-11-13,123.9560546875
2019-11-14,124.4495620727539
2019-11-15,124.8084716796875
2019-11-18,124.90715026855469
2019-11-19,124.74562072753906
2019-11-20,125.40961456298828
2019-11-21,125.01483154296875
2019-11-22,125.09558868408203
2019-11-25,124.72767639160156
2019-11-26,125.20323944091797
2019-11-27,125.45451354980469
2019-11-29,125.24810028076172
2019-12-02,124.24317932128906
2019-12-03,124.70977783203125
2019-12-04,125.57112121582031
2019-12-05,125.68775939941406
2019-12-06,125.472412109375
2019-12-09,124.97891998291016
2019-12-10,124.96996307373047
2019-12-11,125.38269805908203
2019-12-12,124.79947662353516
2019-12-13,125.84925079345703
2019-12-16,127.37857055664062
2019-12-17,127.7310562133789
2019-12-18,128.4180145263672
2019-12-19,128.3095245361328
2019-12-20,129.28567504882812
2019-12-23,127.93897247314453
2019-12-24,128.0022430419922
2019-12-26,128.21914672851562
2019-12-27,128.57164001464844
2019-12-30,128.57164001464844
2019-12-31,129.15011596679688
2020-01-02,127.55029296875
2020-01-03,127.58644104003906
2020-01-06,127.83953094482422
2020-01-07,127.51416778564453
2020-01-08,127.51416778564453
2020-01-09,128.0926055908203
2020-01-10,128.4180145263672
2020-01-13,129.31277465820312
2020-01-14,129.66531372070312
2020-01-15,131.46392822265625
2020-01-16,132.2954864501953
2020-01-17,133.18125915527344
2020-01-21,134.21160888671875
2020-01-22,134.6092987060547
2020-01-23,135.7752685546875
2020-01-24,136.0825653076172
2020-01-27,135.6396942138672
2020-01-28,136.20912170410156
2020-01-29,136.5164031982422
2020-01-30,137.70046997070312
2020-01-31,137.0225830078125
2020-02-03,137.57391357421875
2020-02-04,136.2995147705078
2020-02-05,136.93218994140625
2020-02-06,137.0225830078125
2020-02-07,136.55258178710938
2020-02-10,137.0045166015625
2020-02-11,137.47451782226562
2020-02-12,137.66429138183594
2020-02-13,139.17373657226562
2020-02-14,140.1227569580078
2020-02-18,141.08984375
2020-02-19,139.77024841308594
2020-02-20,140.14085388183594
2020-02-21,139.9238739013672
2020-02-24,138.16140747070312
2020-02-25,135.2329559326172
2020-02-26,133.78683471679688
2020-02-27,127.67683410644531
2020-02-28,123.3384017944336
2020-03-02,130.24375915527344
2020-03-03,128.9150848388672
2020-03-04,135.91989135742188
2020-03-05,133.86814880371094
2020-03-06,132.76547241210938
2020-03-09,125.38107299804688
2020-03-10,126.8409652709961
2020-03-11,120.27379608154297
2020-03-12,107.7579574584961
2020-03-13,113.84307861328125
2020-03-16,101.0634536743164
2020-03-17,114.20689392089844
2020-03-18,108.84037017822266
2020-03-19,103.69214630126953
2020-03-20,94.76915740966797
2020-03-23,89.70279693603516
2020-03-24,99.67179870605469
2020-03-25,102.2913818359375
2020-03-26,110.60494232177734
2020-03-27,111.31441497802734
2020-03-30,115.44390869140625
2020-03-31,110.90511322021484
2020-04-01,104.2742691040039
2020-04-02,107.4668960571289
2020-04-03,103.65574645996094
2020-04-06,111.65097045898438
2020-04-07,110.42303466796875
2020-04-08,116.12610626220703
2020-04-09,121.70182800292969
2020-04-13,117.84520721435547
2020-04-14,121.11970520019531
2020-04-15,116.79008483886719
2020-04-16,116.86284637451172
2020-04-17,120.7922592163086
2020-04-20,115.9168930053711
2020-04-21,114.37060546875
2020-04-22,117.46318054199219
2020-04-23,115.68041229248047
2020-04-24,116.33531951904297
2020-04-27,117.72695922851562
2020-04-28,118.2545166015625
2020-04-29,117.59052276611328
2020-04-30,114.4888687133789
2020-05-01,111.81468963623047
2020-05-04,112.38772583007812
2020-05-05,113.5337905883789
2020-05-06,109.49525451660156
2020-05-07,110.17742919921875
2020-05-08,112.59693145751953
2020-05-11,111.90564727783203
2020-05-12,110.69589233398438
2020-05-13,109.61351013183594
2020-05-14,110.63224792480469
2020-05-15,109.3133544921875
2020-05-18,114.10684204101562
2020-05-19,112.205810546875
2020-05-20,112.96076965332031
2020-05-21,111.82378387451172
2020-05-22,113.0971908569336
2020-05-26,114.01587677001953
2020-05-27,115.32566833496094
2020-05-28,118.47283172607422
2020-05-29,119.41877746582031
2020-06-01,120.59214782714844
2020-06-02,121.2197494506836
2020-06-03,122.83881378173828
2020-06-04,120.62850189208984
2020-06-05,122.47496795654297
2020-06-08,125.56756591796875
2020-06-09,123.0389175415039
2020-06-10,122.13841247558594
2020-06-11,117.08116149902344
2020-06-12,116.85376739501953
2020-06-15,117.72695922851562
2020-06-16,118.43643951416016
2020-06-17,117.85431671142578
2020-06-18,117.84520721435547
2020-06-19,114.5161361694336
2020-06-22,115.73626708984375
2020-06-23,114.47754669189453
2020-06-24,113.45772552490234
2020-06-25,112.17147064208984
2020-06-26,111.03219604492188
2020-06-29,113.12698364257812
2020-06-30,113.62311553955078
2020-07-01,116.14970397949219
2020-07-02,116.42532348632812
2020-07-06,115.03800201416016
2020-07-07,114.52350616455078
2020-07-08,115.45144653320312
2020-07-09,113.9262924194336
2020-07-10,116.01188659667969
2020-07-13,116.12213897705078
2020-07-14,117.33489990234375
2020-07-15,116.90308380126953
2020-07-16,118.35472869873047
2020-07-17,120.86294555664062
2020-07-20,119.1632308959961
2020-07-21,119.89823150634766
2020-07-22,121.6898422241211
2020-07-23,121.9011459350586
2020-07-24,120.97319793701172
2020-07-27,119.44804382324219
2020-07-28,121.24883270263672
2020-07-29,121.98383331298828
2020-07-30,121.75414276123047
2020-07-31,121.84600067138672
2020-08-03,120.55973815917969
2020-08-04,121.87358856201172
2020-08-05,120.42195129394531
2020-08-06,121.12019348144531
2020-08-07,123.5640869140625
2020-08-10,123.47222137451172
2020-08-11,120.94563293457031
2020-08-12,122.62694549560547
2020-08-13,122.20433044433594
2020-08-14,121.3498764038086
2020-08-17,121.04668426513672
2020-08-18,120.48624420166016
2020-08-19,120.12793731689453
2020-08-20,119.12647247314453
2020-08-21,119.13568115234375
2020-08-24,120.33007049560547
2020-08-25,119.21834564208984
2020-08-26,117.63809204101562
2020-08-27,118.16178894042969
2020-08-28,118.4649887084961
2020-08-31,118.74978637695312
2020-09-01,117.4819107055664
2020-09-02,120.85375213623047
2020-09-03,119.60423278808594
2020-09-04,118.88760375976562
2020-09-08,117.95047760009766
2020-09-09,119.34697723388672
2020-09-10,117.31653594970703
2020-09-11,117.51728820800781
2020-09-14,119.02533721923828
2020-09-15,119.84874725341797
2020-09-16,119.74699401855469
2020-09-17,118.75704193115234
2020-09-18,116.61985778808594
2020-09-21,116.06475830078125
2020-09-22,116.68462371826172
2020-09-23,114.76948547363281
2020-09-24,116.13876342773438
2020-09-25,118.035400390625
2020-09-28,118.34996032714844
2020-09-29,118.2667007446289
2020-09-30,119.44168853759766
2020-10-01,120.53340148925781
2020-10-02,121.9859619140625
2020-10-05,123.41999053955078
2020-10-06,124.43771362304688
2020-10-07,125.27033233642578
2020-10-08,127.50931549072266
2020-10-09,127.4815444946289
2020-10-12,128.23095703125
2020-10-13,127.28727722167969
2020-10-14,127.09297943115234
2020-10-15,127.20402526855469
2020-10-16,128.47152709960938
2020-10-19,127.25025939941406
2020-10-20,127.99040222167969
2020-10-21,127.9164047241211
2020-10-22,129.8130340576172
2020-10-23,130.22012329101562
2020-10-26,130.08135986328125
2020-10-27,129.85003662109375
2020-10-28,125.97349548339844
2020-10-29,126.09379577636719
2020-10-30,125.27962493896484
2020-11-02,128.0274200439453
2020-11-03,129.9888153076172
2020-11-04,127.85163879394531
2020-11-05,128.9711151123047
2020-11-06,128.63804626464844
2020-11-09,131.4598846435547
2020-11-10,133.83763122558594
2020-11-11,134.1707000732422
2020-11-12,131.7744140625
2020-11-13,133.1621856689453
2020-11-16,134.63323974609375
2020-11-17,131.9964599609375
2020-11-18,129.4152069091797
2020-11-19,128.14767456054688
2020-11-20,128.29571533203125
2020-11-23,128.35122680664062
2020-11-24,130.1183624267578
2020-11-25,130.3681640625
2020-11-27,129.14691162109375
2020-11-30,127.06523132324219
2020-12-01,127.98114776611328
2020-12-02,128.6472930908203
2020-12-03,127.49079895019531
2020-12-04,126.36209106445312
2020-12-07,126.99119567871094
2020-12-08,126.62113952636719
2020-12-09,126.41759490966797
2020-12-10,125.77921295166016
2020-12-11,125.94576263427734
2020-12-14,125.31660461425781
2020-12-15,128.0274200439453
2020-12-16,126.53787994384766
2020-12-17,127.41610717773438
2020-12-18,126.01467895507812
2020-12-21,124.58524322509766
2020-12-22,124.60391235351562
2020-12-23,124.38905334472656
2020-12-24,125.13645935058594
2020-12-28,125.8465347290039
2020-12-29,125.58489227294922
2020-12-30,126.36967468261719
2020-12-31,128.2008819580078
2021-01-04,125.14579772949219
2021-01-05,125.2298812866211
2021-01-06,128.45315551757812
2021-01-07,126.83685302734375
2021-01-08,127.75244140625
2021-01-11,126.67799377441406
2021-01-12,126.22023010253906
2021-01-13,128.40643310546875
2021-01-14,127.81782531738281
2021-01-15,129.0977783203125
2021-01-19,128.49049377441406
2021-01-20,129.2099151611328
2021-01-21,128.2943115234375
2021-01-22,128.41575622558594
2021-01-25,130.75143432617188
2021-01-26,129.3313446044922
2021-01-27,126.15483093261719
2021-01-28,127.67769622802734
2021-01-29,126.86486053466797
2021-02-01,127.75244140625
2021-02-02,128.63998413085938
2021-02-03,128.31300354003906
2021-02-04,129.41543579101562
2021-02-05,130.08811950683594
2021-02-08,129.29397583007812
2021-02-09,129.462158203125
2021-02-10,130.01336669921875
2021-02-11,129.42477416992188
2021-02-12,128.47178649902344
2021-02-16,127.17317962646484
2021-02-17,127.40673828125
2021-02-18,127.94862365722656
2021-02-19,126.39774322509766
2021-02-22,123.89387512207031
2021-02-23,124.80012512207031
2021-02-24,123.75374603271484
2021-02-25,122.39904022216797
2021-02-26,119.83914184570312
2021-03-01,122.37100219726562
2021-03-02,121.84782409667969
2021-03-03,120.5865707397461
2021-03-04,120.5024642944336
2021-03-05,122.63261413574219
2021-03-08,124.53853607177734
2021-03-09,125.95863342285156
2021-03-10,126.91158294677734
2021-03-11,126.60327911376953
2021-03-12,128.3223419189453
2021-03-15,129.9946746826172
2021-03-16,130.1161346435547
2021-03-17,127.89257049560547
2021-03-18,127.23855590820312
2021-03-19,127.6309585571289
2021-03-22,127.21988677978516
2021-03-23,128.94827270507812
2021-03-24,129.10711669921875
2021-03-25,130.60194396972656
2021-03-26,130.9669647216797
2021-03-29,132.3027801513672
2021-03-30,131.16448974609375
2021-03-31,132.18048095703125
2021-04-01,132.04876708984375
2021-04-05,133.43165588378906
2021-04-06,133.99607849121094
2021-04-07,133.74209594726562
2021-04-08,133.63861083984375
2021-04-09,133.61978149414062
2021-04-12,133.74209594726562
2021-04-13,135.3036651611328
2021-04-14,135.83987426757812
2021-04-15,137.39208984375
2021-04-16,138.39865112304688
2021-04-19,137.6460723876953
2021-04-20,139.30174255371094
2021-04-21,138.15403747558594
2021-04-22,137.23216247558594
2021-04-23,136.94053649902344
2021-04-26,136.3008270263672
2021-04-27,135.17198181152344
2021-04-28,134.9932098388672
2021-04-29,136.2820281982422
2021-04-30,137.17572021484375
2021-05-03,137.19451904296875
2021-05-04,136.7429962158203
2021-05-05,134.42880249023438
2021-05-06,135.56707763671875
2021-05-07,135.943359375
2021-05-10,137.15687561035156
2021-05-11,135.56707763671875
2021-05-12,132.28396606445312
2021-05-13,134.91798400878906
2021-05-14,135.5388641357422
2021-05-17,134.3723602294922
2021-05-18,134.3441162109375
2021-05-19,134.14662170410156
2021-05-20,135.18138122558594
2021-05-21,135.8116455078125
2021-05-24,135.6987762451172
2021-05-25,134.00547790527344
2021-05-26,134.17481994628906
2021-05-27,133.2623291015625
2021-05-28,133.96786499023438
2021-06-01,133.40341186523438
2021-06-02,134.03370666503906
2021-06-03,134.88034057617188
2021-06-04,134.616943359375
2021-06-07,135.01205444335938
2021-06-08,134.00547790527344
2021-06-09,135.19081115722656
2021-06-10,136.1126708984375
2021-06-11,136.47955322265625
2021-06-14,136.60186767578125
2021-06-15,137.0440216064453
2021-06-16,135.05909729003906
2021-06-17,135.6893768310547
2021-06-18,132.0958251953125
2021-06-21,133.89048767089844
2021-06-22,133.01876831054688
2021-06-23,131.66372680664062
2021-06-24,131.5879364013672
2021-06-25,133.0850830078125
2021-06-28,133.8526153564453
2021-06-29,131.67323303222656
2021-06-30,131.48370361328125
2021-07-01,132.9429473876953
2021-07-02,133.13247680664062
2021-07-06,133.62521362304688
2021-07-07,134.4874725341797
2021-07-08,133.97576904296875
2021-07-09,134.26954650878906
2021-07-12,134.67698669433594
2021-07-13,133.59677124023438
2021-07-14,134.5632781982422
2021-07-15,136.06993103027344
2021-07-16,137.292236328125
2021-07-19,134.9328155517578
2021-07-20,135.70982360839844
2021-07-21,134.33587646484375
2021-07-22,134.40220642089844
2021-07-23,136.1551971435547
2021-07-26,136.0035858154297
2021-07-27,138.26824951171875
2021-07-28,137.5859832763672
2021-07-29,137.79446411132812
2021-07-30,136.638427734375
2021-08-02,137.69024658203125
2021-08-03,138.5904083251953
2021-08-04,138.29666137695312
2021-08-05,139.73696899414062
2021-08-06,139.6422119140625
2021-08-09,139.53797912597656
2021-08-10,139.68959045410156
2021-08-11,140.94984436035156
2021-08-12,141.1204071044922
2021-08-13,141.90689086914062
2021-08-16,142.66493225097656
2021-08-17,142.7596893310547
2021-08-18,141.9447784423828
2021-08-19,142.4185791015625
2021-08-20,144.17153930664062
2021-08-23,142.39013671875
2021-08-24,141.52784729003906
2021-08-25,141.8594970703125
2021-08-26,141.3572998046875
2021-08-27,141.44256591796875
2021-08-30,141.72686767578125
2021-08-31,141.6984100341797
2021-09-01,143.43243408203125
2021-09-02,144.63584899902344
2021-09-03,143.498779296875
2021-09-07,141.6699981689453
2021-09-08,144.0104522705078
2021-09-09,143.24295043945312
2021-09-10,141.1204071044922
2021-09-13,140.92141723632812
2021-09-14,140.31500244140625
2021-09-15,140.22970581054688
2021-09-16,138.92205810546875
2021-09-17,137.03640747070312
2021-09-20,136.61947631835938
2021-09-21,136.24990844726562
2021-09-22,136.22149658203125
2021-09-23,135.7572021484375
2021-09-24,135.50137329101562
2021-09-27,134.06106567382812
2021-09-28,132.42176818847656
2021-09-29,134.1305694580078
2021-09-30,132.97415161132812
2021-10-01,133.04107666015625
2021-10-04,134.91419982910156
2021-10-05,134.7421875
2021-10-06,136.7395782470703
2021-10-07,136.21395874023438
2021-10-08,135.24868774414062
2021-10-11,133.490234375
2021-10-12,134.38858032226562
2021-10-13,136.0037078857422
2021-10-14,137.56146240234375
2021-10-15,137.2938690185547
2021-10-18,136.02281188964844
2021-10-19,137.56146240234375
2021-10-20,139.62576293945312
2021-10-21,139.558837890625
2021-10-22,140.36163330078125
2021-10-25,139.8455352783203
2021-10-26,140.43807983398438
2021-10-27,139.6161651611328
2021-10-28,140.5240936279297
2021-10-29,139.77865600585938
2021-11-01,140.39984130859375
2021-11-02,140.43807983398438
2021-11-03,140.1322784423828
2021-11-04,139.3390350341797
2021-11-05,140.51454162597656
2021-11-08,138.65093994140625
2021-11-09,139.3677215576172
2021-11-10,140.4571990966797
2021-11-11,139.79776000976562
2021-11-12,139.68307495117188
2021-11-15,141.3746337890625
2021-11-16,140.76300048828125
2021-11-17,140.89678955078125
2021-11-18,140.09402465820312
2021-11-19,140.9732666015625
2021-11-22,141.8238067626953
2021-11-23,142.0149688720703
2021-11-24,142.0723114013672
2021-11-26,139.7021942138672
2021-11-29,141.63267517089844
2021-11-30,137.55189514160156
2021-12-01,137.71437072753906
2021-12-02,139.6352996826172
2021-12-03,140.71522521972656
2021-12-06,143.18089294433594
2021-12-07,144.05055236816406
2021-12-08,144.06968688964844
2021-12-09,143.75430297851562
2021-12-10,144.36595153808594
2021-12-13,145.96194458007812
2021-12-14,145.14962768554688
2021-12-15,147.4910430908203
2021-12-16,148.11077880859375
2021-12-17,146.1187744140625
2021-12-20,146.224609375
2021-12-21,146.05142211914062
2021-12-22,146.64805603027344
2021-12-23,146.63844299316406
2021-12-27,147.26393127441406
2021-12-28,148.52456665039062
2021-12-29,149.31365966796875
2021-12-30,149.91993713378906
2021-12-31,150.50694274902344
2022-01-03,149.16932678222656
2022-01-04,148.89987182617188
2022-01-05,148.51495361328125
2022-01-06,147.0233612060547
2022-01-07,148.11077880859375
2022-01-10,147.10995483398438
2022-01-11,145.83006286621094
2022-01-12,146.2342529296875
2022-01-13,146.8501434326172
2022-01-14,146.12838745117188
2022-01-18,144.39620971679688
2022-01-19,144.87738037109375
2022-01-20,144.8677520751953
2022-01-21,144.43472290039062
2022-01-24,143.405029296875
2022-01-25,141.14358520507812
2022-01-26,140.21011352539062
2022-01-27,141.095458984375
2022-01-28,142.79876708984375
2022-01-31,145.45474243164062
2022-02-01,143.5012664794922
2022-02-02,145.62799072265625
2022-02-03,144.7041473388672
2022-02-04,143.4820098876953
2022-02-07,143.29916381835938
2022-02-08,143.56863403320312
2022-02-09,144.1171417236328
2022-02-10,140.41220092773438
2022-02-11,140.38336181640625
2022-02-14,139.29591369628906
2022-02-15,138.7089080810547
2022-02-16,139.0745849609375
2022-02-17,139.18045043945312
2022-02-18,138.785888671875
2022-02-22,138.63189697265625
2022-02-23,136.30308532714844
2022-02-24,137.74658203125
2022-02-25,141.83645629882812
2022-02-28,142.74102783203125
2022-03-01,141.3071746826172
2022-03-02,143.1933135986328
2022-03-03,145.57986450195312
2022-03-04,148.60154724121094
2022-03-07,150.1220245361328
2022-03-08,148.13002014160156
2022-03-09,147.14845275878906
2022-03-10,148.1204071044922
2022-03-11,147.5911102294922
2022-03-14,147.43716430664062
2022-03-15,149.21743774414062
2022-03-16,149.15969848632812
2022-03-17,149.6697540283203
2022-03-18,148.38023376464844
2022-03-21,149.36178588867188
2022-03-22,149.45802307128906
2022-03-23,149.5157470703125
2022-03-24,151.0481414794922
2022-03-25,153.30503845214844
2022-03-28,154.25428771972656
2022-03-29,155.74598693847656
2022-03-30,156.95677185058594
2022-03-31,156.73399353027344
2022-04-01,158.9715118408203
2022-04-04,157.64451599121094
2022-04-05,158.54531860351562
2022-04-06,161.4803009033203
2022-04-07,161.14126586914062
2022-04-08,161.71275329589844
2022-04-11,159.40740966796875
2022-04-12,160.07577514648438
2022-04-13,159.85296630859375
2022-04-14,159.6786346435547
2022-04-18,158.85528564453125
2022-04-19,159.8917236328125
2022-04-20,161.32530212402344
2022-04-21,158.84561157226562
2022-04-22,156.2303009033203
2022-04-25,154.9323272705078
2022-04-26,153.47938537597656
2022-04-27,152.64637756347656
2022-04-28,154.43832397460938
2022-04-29,149.87608337402344
2022-05-02,148.30691528320312
2022-05-03,149.01400756835938
2022-05-04,152.48170471191406
2022-05-05,150.79627990722656
2022-05-06,151.91990661621094
2022-05-09,150.66067504882812
2022-05-10,148.76217651367188
2022-05-11,149.84703063964844
2022-05-12,148.62657165527344
2022-05-13,150.21511840820312
2022-05-16,150.81565856933594
2022-05-17,152.50108337402344
2022-05-18,151.09657287597656
2022-05-19,150.96096801757812
2022-05-20,151.20310974121094
2022-05-23,152.9660186767578
2022-05-24,155.73629760742188
2022-05-25,155.85252380371094
2022-05-26,156.24966430664062
2022-05-27,158.6615753173828
2022-05-31,156.6371307373047
2022-06-01,156.3271484375
2022-06-02,157.44107055664062
2022-06-03,156.72430419921875
2022-06-06,157.5573272705078
2022-06-07,158.4969024658203
2022-06-08,155.54257202148438
2022-06-09,151.90052795410156
2022-06-10,150.72848510742188
2022-06-13,143.65748596191406
2022-06-14,139.99607849121094
2022-06-15,140.974365234375
2022-06-16,138.16534423828125
2022-06-17,137.00299072265625
2022-06-21,139.43426513671875
2022-06-22,140.87753295898438
2022-06-23,143.98779296875
2022-06-24,146.4861602783203
2022-06-27,147.83291625976562
2022-06-28,147.30593872070312
2022-06-29,147.17906188964844
2022-06-30,148.68199157714844
2022-07-01,152.4588165283203
2022-07-05,147.17906188964844
2022-07-06,148.67222595214844
2022-07-07,148.6234130859375
2022-07-08,148.17449951171875
2022-07-11,148.91619873046875
2022-07-12,148.1842803955078
2022-07-13,147.70606994628906
2022-07-14,147.5987091064453
2022-07-15,148.19403076171875
2022-07-18,146.2909698486328
2022-07-19,147.37423706054688
2022-07-20,145.46144104003906
2022-07-21,145.70542907714844
2022-07-22,147.56944274902344
2022-07-25,149.55056762695312
2022-07-26,150.37033081054688
2022-07-27,150.6436004638672
2022-07-28,155.84527587890625
2022-07-29,157.1725311279297
2022-08-01,157.25059509277344
2022-08-02,156.95782470703125
2022-08-03,157.88494873046875
2022-08-04,158.11917114257812
2022-08-05,157.37745666503906
2022-08-08,157.76783752441406
2022-08-09,159.41714477539062
2022-08-10,160.2076416015625
2022-08-11,160.1978759765625
2022-08-12,162.8133544921875
2022-08-15,164.3065185546875
2022-08-16,164.5797882080078
2022-08-17,164.39434814453125
2022-08-18,164.92135620117188
2022-08-19,164.70664978027344
2022-08-22,162.45228576660156
2022-08-23,161.3885040283203
2022-08-24,161.9643096923828
2022-08-25,163.0866241455078
2022-08-26,160.60777282714844
2022-08-29,161.01766967773438
2022-08-30,158.51930236816406
2022-08-31,157.62144470214844
2022-09-01,159.72943115234375
2022-09-02,158.18748474121094
2022-09-06,158.3436279296875
2022-09-07,163.18421936035156
2022-09-08,163.0670928955078
2022-09-09,163.6819305419922
2022-09-12,165.3312530517578
2022-09-13,160.86151123046875
2022-09-14,162.29612731933594
2022-09-15,158.46072387695312
2022-09-16,157.91421508789062
2022-09-19,160.00270080566406
2022-09-20,157.7385711669922
2022-09-21,155.542724609375
2022-09-22,155.08404541015625
2022-09-23,153.01507568359375
2022-09-26,149.54078674316406
2022-09-27,146.7691650390625
2022-09-28,148.48484802246094
2022-09-29,142.70687866210938
2022-09-30,140.02952575683594
2022-10-03,144.15382385253906
2022-10-04,147.25445556640625
2022-10-05,143.996337890625
2022-10-06,139.39955139160156
2022-10-07,136.4269256591797
2022-10-10,136.68283081054688
2022-10-11,136.5253448486328
2022-10-12,132.0959014892578
2022-10-13,135.33432006835938
2022-10-14,133.4739532470703
2022-10-17,136.26942443847656
2022-10-18,138.67117309570312
2022-10-19,136.91908264160156
2022-10-20,133.52316284179688
2022-10-21,135.92491149902344
2022-10-24,136.9584503173828
2022-10-25,139.7736053466797
2022-10-26,139.8228302001953
2022-10-27,140.99417114257812
2022-10-28,144.7148895263672
2022-10-31,143.45497131347656
2022-11-01,143.9864959716797
2022-11-02,142.5198516845703
2022-11-03,143.07107543945312
2022-11-04,143.93727111816406
2022-11-07,141.40757751464844
2022-11-08,142.4115753173828
2022-11-09,141.29930114746094
2022-11-10,147.9434814453125
2022-11-11,146.39808654785156
2022-11-14,144.7148895263672
2022-11-15,146.26026916503906
2022-11-16,147.47100830078125
2022-11-17,144.9412841796875
2022-11-18,147.99269104003906
2022-11-21,148.81951904296875
2022-11-22,150.1089630126953
2022-11-23,151.67404174804688
2022-11-25,152.66822814941406
2022-11-28,150.94564819335938
2022-11-29,149.84320068359375
2022-11-30,153.55410766601562
2022-12-01,153.130859375
2022-12-02,152.4615020751953
2022-12-05,151.4673309326172
2022-12-06,152.38275146484375
2022-12-07,151.8118438720703
2022-12-08,152.70758056640625
2022-12-09,152.0087127685547
2022-12-12,155.16839599609375
2022-12-13,155.68023681640625
2022-12-14,155.53257751464844
2022-12-15,153.48446655273438
2022-12-16,150.91566467285156
2022-12-19,150.38006591796875
2022-12-20,150.48916625976562
2022-12-21,152.5918426513672
2022-12-22,151.5702667236328
2022-12-23,153.0679168701172
2022-12-27,153.96054077148438
2022-12-28,152.60174560546875
2022-12-29,153.79193115234375
2022-12-30,152.1058349609375
2023-01-03,152.13558959960938
2023-01-04,153.63323974609375
2023-01-05,150.2511444091797
2023-01-06,153.3158721923828
2023-01-09,154.1886749267578
2023-01-10,154.4068603515625
2023-01-11,155.66647338867188
2023-01-12,154.99205017089844
2023-01-13,154.19859313964844
2023-01-17,153.89112854003906
2023-01-18,150.31063842773438
2023-01-19,148.80307006835938
2023-01-20,149.63619995117188
2023-01-23,149.7849884033203
2023-01-24,150.5189208984375
2023-01-25,148.6939697265625
2023-01-26,149.26922607421875
2023-01-27,149.23947143554688
2023-01-30,148.416259765625
2023-01-31,149.70562744140625
2023-02-01,150.161865234375
2023-02-02,150.6082000732422
2023-02-03,147.73190307617188
2023-02-06,148.72372436523438
2023-02-07,148.63446044921875
2023-02-08,146.02597045898438
2023-02-09,144.02249145507812
2023-02-10,146.7896728515625
2023-02-13,147.73190307617188
2023-02-14,146.92852783203125
2023-02-15,147.87075805664062
2023-02-16,146.8690185546875
2023-02-17,148.55511474609375
2023-02-21,145.69866943359375
2023-02-22,145.1630859375
2023-02-23,144.45889282226562
2023-02-24,144.36962890625
2023-02-27,143.46707153320312
2023-02-28,141.10653686523438
2023-03-01,138.90469360351562
2023-03-02,141.20570373535156
2023-03-03,143.47698974609375
2023-03-06,144.23077392578125
2023-03-07,141.95950317382812
2023-03-08,143.04058837890625
2023-03-09,141.82064819335938
2023-03-10,139.57911682128906
2023-03-13,141.4735107421875
2023-03-14,143.576171875
2023-03-15,145.25234985351562
2023-03-16,146.24417114257812
2023-03-17,144.8060302734375
2023-03-20,146.035888671875
2023-03-21,143.11993408203125
2023-03-22,140.26348876953125
2023-03-23,138.74600219726562
2023-03-24,143.13999938964844
