Date,XLU
2013-01-02,25.20585060119629
2013-01-03,25.20585060119629
2013-01-04,25.33344078063965
2013-01-07,25.08535385131836
2013-01-08,25.00737953186035
2013-01-09,24.9577579498291
2013-01-10,25.064090728759766
2013-01-11,25.092443466186523
2013-01-14,25.042829513549805
2013-01-15,25.113710403442383
2013-01-16,24.99320411682129
2013-01-17,25.092443466186523
2013-01-18,25.290908813476562
2013-01-22,25.503557205200195
2013-01-23,25.43976402282715
2013-01-24,25.553178787231445
2013-01-25,25.68076515197754
2013-01-28,25.666589736938477
2013-01-29,25.843791961669922
2013-01-30,25.86505699157715
2013-01-31,25.928857803344727
2013-02-01,25.999736785888672
2013-02-04,25.82253074645996
2013-02-05,25.893407821655273
2013-02-06,25.971385955810547
2013-02-07,26.006820678710938
2013-02-08,26.006820678710938
2013-02-11,26.070619583129883
2013-02-12,26.184030532836914
2013-02-13,26.184030532836914
2013-02-14,25.971385955810547
2013-02-15,26.028100967407227
2013-02-19,26.254919052124023
2013-02-20,26.205293655395508
2013-02-21,26.091886520385742
2013-02-22,26.354150772094727
2013-02-25,26.120241165161133
2013-02-26,26.198205947875977
2013-02-27,26.43920135498047
2013-02-28,26.531360626220703
2013-03-01,26.580974578857422
2013-03-04,26.850330352783203
2013-03-05,26.992090225219727
2013-03-06,26.977922439575195
2013-03-07,26.857418060302734
2013-03-08,26.91412925720215
2013-03-11,26.977922439575195
2013-03-12,26.907033920288086
2013-03-13,27.02754783630371
2013-03-14,27.08423614501953
2013-03-15,27.262277603149414
2013-03-18,27.112123489379883
2013-03-19,27.18362045288086
2013-03-20,27.383825302124023
2013-03-21,27.247974395751953
2013-03-22,27.290870666503906
2013-03-25,27.23367691040039
2013-03-26,27.491069793701172
2013-03-27,27.619762420654297
2013-03-28,27.955808639526367
2013-04-01,27.89145278930664
2013-04-02,27.984405517578125
2013-04-03,27.905759811401367
2013-04-04,28.170303344726562
2013-04-05,28.291847229003906
2013-04-08,28.506343841552734
2013-04-09,28.420547485351562
2013-04-10,28.649335861206055
2013-04-11,28.71367835998535
2013-04-12,28.83523941040039
2013-04-15,28.420547485351562
2013-04-16,28.763734817504883
2013-04-17,28.59928321838379
2013-04-18,28.692235946655273
2013-04-19,29.121234893798828
2013-04-22,29.085481643676758
2013-04-23,29.1569766998291
2013-04-24,29.249916076660156
2013-04-25,29.25706672668457
2013-04-26,29.299970626831055
2013-04-29,29.543062210083008
2013-04-30,29.621715545654297
2013-05-01,29.32856559753418
2013-05-02,29.292823791503906
2013-05-03,29.235628128051758
2013-05-06,28.828075408935547
2013-05-07,29.106922149658203
2013-05-08,28.84952735900879
2013-05-09,28.413389205932617
2013-05-10,28.477737426757812
2013-05-13,28.327592849731445
2013-05-14,28.520645141601562
2013-05-15,28.792327880859375
2013-05-16,28.556392669677734
2013-05-17,28.828075408935547
2013-05-20,28.685077667236328
2013-05-21,28.742286682128906
2013-05-22,28.25609588623047
2013-05-23,28.06305694580078
2013-05-24,27.76276206970215
2013-05-28,27.441022872924805
2013-05-29,27.033470153808594
2013-05-30,27.1049747467041
2013-05-31,26.940528869628906
2013-06-03,26.99773406982422
2013-06-04,26.904781341552734
2013-06-05,26.668834686279297
2013-06-06,26.983430862426758
2013-06-07,27.14787483215332
2013-06-10,27.140716552734375
2013-06-11,26.961984634399414
2013-06-12,26.697433471679688
2013-06-13,27.13357925415039
2013-06-14,27.16932487487793
2013-06-17,27.2551212310791
2013-06-18,27.441022872924805
2013-06-19,26.81183624267578
2013-06-20,26.05394744873047
2013-06-21,26.39417839050293
2013-06-24,26.37250328063965
2013-06-25,26.719223022460938
2013-06-26,27.058719635009766
2013-06-27,27.116518020629883
2013-06-28,27.1815242767334
2013-07-01,26.84202766418457
2013-07-02,26.83480453491211
2013-07-03,26.733671188354492
2013-07-05,26.65421485900879
2013-07-08,27.03705596923828
2013-07-09,27.23208236694336
2013-07-10,27.383777618408203
2013-07-11,27.82440185546875
2013-07-12,27.911081314086914
2013-07-15,28.366151809692383
2013-07-16,28.214462280273438
2013-07-17,28.20001220703125
2013-07-18,28.445613861083984
2013-07-19,28.45282554626465
2013-07-22,28.423931121826172
2013-07-23,28.496171951293945
2013-07-24,28.06276512145996
2013-07-25,28.322811126708984
2013-07-26,28.423931121826172
2013-07-29,28.474504470825195
2013-07-30,28.56841468811035
2013-07-31,28.358932495117188
2013-08-01,28.59729766845703
2013-08-02,28.561182022094727
2013-08-05,28.373376846313477
2013-08-06,28.228910446166992
2013-08-07,28.358932495117188
2013-08-08,28.46728515625
2013-08-09,28.272249221801758
2013-08-12,28.12055778503418
2013-08-13,27.9688663482666
2013-08-14,27.78829002380371
2013-08-15,27.434337615966797
2013-08-16,27.116518020629883
2013-08-19,26.885366439819336
2013-08-20,27.138179779052734
2013-08-21,26.827573776245117
2013-08-22,26.979263305664062
2013-08-23,27.203184127807617
2013-08-26,27.00094223022461
2013-08-27,26.986494064331055
2013-08-28,27.08038902282715
2013-08-29,26.92147445678711
2013-08-30,26.943140029907227
2013-09-03,26.632543563842773
2013-09-04,26.632543563842773
2013-09-05,26.524188995361328
2013-09-06,26.71200180053711
2013-09-09,26.805904388427734
2013-09-10,27.0153865814209
2013-09-11,26.748111724853516
2013-09-12,26.675878524780273
2013-09-13,26.878131866455078
2013-09-16,26.95037269592285
2013-09-17,27.10927391052246
2013-09-18,27.91830062866211
2013-09-19,27.78829002380371
2013-09-20,27.368947982788086
2013-09-23,27.69712257385254
2013-09-24,27.68253517150879
2013-09-25,27.492931365966797
2013-09-26,27.456472396850586
2013-09-27,27.281448364257812
2013-09-30,27.252286911010742
2013-10-01,27.33250617980957
2013-10-02,27.361669540405273
2013-10-03,27.040802001953125
2013-10-04,27.09185028076172
2013-10-07,26.9605712890625
2013-10-08,27.15018653869629
2013-10-09,27.25957679748535
2013-10-10,27.66794776916504
2013-10-11,27.799217224121094
2013-10-14,27.646076202392578
2013-10-15,27.25957679748535
2013-10-16,27.507518768310547
2013-10-17,27.95235824584961
2013-10-18,28.025300979614258
2013-10-21,27.966951370239258
2013-10-22,28.32427978515625
2013-10-23,28.34616470336914
2013-10-24,28.28782081604004
2013-10-25,28.58681869506836
2013-10-28,28.528478622436523
2013-10-29,28.564931869506836
2013-10-30,28.382610321044922
2013-10-31,28.28052520751953
2013-11-01,28.48472023010254
2013-11-04,28.54306411743164
2013-11-05,28.33887481689453
2013-11-06,28.725378036499023
2013-11-07,28.455549240112305
2013-11-08,28.404502868652344
2013-11-11,28.397212982177734
2013-11-12,28.156557083129883
2013-11-13,28.295114517211914
2013-11-14,28.54306411743164
2013-11-15,28.71078872680664
2013-11-18,28.6743221282959
2013-11-19,28.462846755981445
2013-11-20,28.14926528930664
2013-11-21,28.21489906311035
2013-11-22,28.193016052246094
2013-11-25,28.083627700805664
2013-11-26,27.806516647338867
2013-11-27,27.748167037963867
2013-11-29,27.73358726501465
2013-12-02,27.616905212402344
2013-12-03,27.755462646484375
2013-12-04,27.879440307617188
2013-12-05,27.653371810913086
2013-12-06,28.0325870513916
2013-12-09,27.864866256713867
2013-12-10,27.587739944458008
2013-12-11,27.361669540405273
2013-12-12,27.39813804626465
2013-12-13,27.354373931884766
2013-12-16,27.500228881835938
2013-12-17,27.449174880981445
2013-12-18,27.813806533813477
2013-12-19,27.6096134185791
2013-12-20,27.883066177368164
2013-12-23,27.772506713867188
2013-12-24,27.883066177368164
2013-12-26,27.757753372192383
2013-12-27,27.868316650390625
2013-12-30,27.934659957885742
2013-12-31,27.986257553100586
2014-01-02,27.558761596679688
2014-01-03,27.47031021118164
2014-01-06,27.5145320892334
2014-01-07,27.757753372192383
2014-01-08,27.610347747802734
2014-01-09,27.772506713867188
2014-01-10,28.170516967773438
2014-01-13,27.883066177368164
2014-01-14,27.919925689697266
2014-01-15,27.868316650390625
2014-01-16,28.05995750427246
2014-01-17,28.05257797241211
2014-01-21,28.362144470214844
2014-01-22,28.39163589477539
2014-01-23,28.31056785583496
2014-01-24,27.99361801147461
2014-01-27,28.05995750427246
2014-01-28,28.16316032409668
2014-01-29,28.14840316772461
2014-01-30,28.583263397216797
2014-01-31,28.819129943847656
2014-02-03,28.59065055847168
2014-02-04,28.421117782592773
2014-02-05,28.295814514160156
2014-02-06,28.502195358276367
2014-02-07,28.656982421875
2014-02-10,28.870718002319336
2014-02-11,29.143442153930664
2014-02-12,29.180286407470703
2014-02-13,29.497230529785156
2014-02-14,29.68886947631836
2014-02-18,29.792055130004883
2014-02-19,29.622528076171875
2014-02-20,29.851022720336914
2014-02-21,29.88788414001465
2014-02-24,29.81416893005371
2014-02-25,29.777324676513672
2014-02-26,29.681499481201172
2014-02-27,29.60778045654297
2014-02-28,29.81416893005371
2014-03-03,29.519336700439453
2014-03-04,29.73307991027832
2014-03-05,29.53408432006836
2014-03-06,29.386659622192383
2014-03-07,29.47511863708496
2014-03-10,29.401409149169922
2014-03-11,29.320335388183594
2014-03-12,29.68886947631836
2014-03-13,29.998437881469727
2014-03-14,30.13848114013672
2014-03-17,30.337478637695312
2014-03-18,30.293264389038086
2014-03-19,29.81416893005371
2014-03-20,29.880504608154297
2014-03-21,30.107175827026367
2014-03-24,30.18892478942871
2014-03-25,30.315271377563477
2014-03-26,30.18892478942871
2014-03-27,30.43419075012207
2014-03-28,30.478776931762695
2014-03-31,30.8132266998291
2014-04-01,30.597705841064453
2014-04-02,30.5530948638916
2014-04-03,30.649709701538086
2014-04-04,30.8132266998291
2014-04-07,30.761188507080078
2014-04-08,31.199695587158203
2014-04-09,31.132797241210938
2014-04-10,31.013879776000977
2014-04-11,30.984159469604492
2014-04-14,31.169967651367188
2014-04-15,31.60102653503418
2014-04-16,31.8314151763916
2014-04-17,31.437515258789062
2014-04-21,31.400354385375977
2014-04-22,31.44493865966797
2014-04-23,31.459808349609375
2014-04-24,31.675334930419922
2014-04-25,32.03950119018555
2014-04-28,32.19558334350586
2014-04-29,32.061805725097656
2014-04-30,32.113826751708984
2014-05-01,32.24760055541992
2014-05-02,31.586156845092773
2014-05-05,31.86857032775879
2014-05-06,31.712493896484375
2014-05-07,32.225303649902344
2014-05-08,31.875999450683594
2014-05-09,31.40778923034668
2014-05-12,31.117931365966797
2014-05-13,31.19225311279297
2014-05-14,31.34833335876465
2014-05-15,31.22199058532715
2014-05-16,31.3185977935791
2014-05-19,30.835525512695312
2014-05-20,30.835525512695312
2014-05-21,30.857810974121094
2014-05-22,31.110498428344727
2014-05-23,31.036178588867188
2014-05-27,31.281452178955078
2014-05-28,31.467243194580078
2014-05-29,31.556438446044922
2014-05-30,31.7645320892334
2014-06-02,31.757104873657227
2014-06-03,31.875999450683594
2014-06-04,31.861135482788086
2014-06-05,32.12869644165039
2014-06-06,32.017208099365234
2014-06-09,31.801687240600586
2014-06-10,31.727371215820312
2014-06-11,31.326038360595703
2014-06-12,31.422637939453125
2014-06-13,31.62331199645996
2014-06-16,31.838844299316406
2014-06-17,31.794252395629883
2014-06-18,32.515174865722656
2014-06-19,32.782718658447266
2014-06-20,32.58332443237305
2014-06-23,32.47089767456055
2014-06-24,32.5683479309082
2014-06-25,32.68827438354492
2014-06-26,32.78571701049805
2014-06-27,32.913143157958984
2014-06-30,33.175479888916016
2014-07-01,32.845680236816406
2014-07-02,32.20854187011719
2014-07-03,31.85624885559082
2014-07-07,32.00617980957031
2014-07-08,32.22355651855469
2014-07-09,32.13359451293945
2014-07-10,32.35096740722656
2014-07-11,32.10361862182617
2014-07-14,31.736324310302734
2014-07-15,31.901235580444336
2014-07-16,32.00617980957031
2014-07-17,31.713836669921875
2014-07-18,32.03615188598633
2014-07-21,32.00617980957031
2014-07-22,31.938720703125
2014-07-23,31.96869468688965
2014-07-24,32.06613540649414
2014-07-25,31.8112735748291
2014-07-28,32.25352096557617
2014-07-29,31.953704833984375
2014-07-30,31.414018630981445
2014-07-31,30.9193058013916
2014-08-01,31.039228439331055
2014-08-04,30.87433433532715
2014-08-05,30.49956512451172
2014-08-06,30.109779357910156
2014-08-07,30.454587936401367
2014-08-08,31.061716079711914
2014-08-11,30.94929313659668
2014-08-12,30.92680549621582
2014-08-13,31.06922149658203
2014-08-14,31.33907127380371
2014-08-15,31.458986282348633
2014-08-18,31.376548767089844
2014-08-19,31.773813247680664
2014-08-20,31.84126091003418
2014-08-21,31.916229248046875
2014-08-22,31.818777084350586
2014-08-25,32.03615188598633
2014-08-26,31.653894424438477
2014-08-27,31.998680114746094
2014-08-28,32.23102569580078
2014-08-29,32.440914154052734
2014-09-02,32.14858627319336
2014-09-03,32.305992126464844
2014-09-04,32.29100036621094
2014-09-05,32.69576644897461
2014-09-08,32.500885009765625
2014-09-09,32.1260986328125
2014-09-10,31.983686447143555
2014-09-11,32.25352096557617
2014-09-12,31.676374435424805
2014-09-15,31.773813247680664
2014-09-16,32.17858123779297
2014-09-17,32.118595123291016
2014-09-18,31.886241912841797
2014-09-19,32.173648834228516
2014-09-22,31.931615829467773
2014-09-23,31.840866088867188
2014-09-24,31.727413177490234
2014-09-25,31.538345336914062
2014-09-26,31.58371925354004
2014-09-29,31.78791618347168
2014-09-30,31.833303451538086
2014-10-01,32.01481246948242
2014-10-02,31.969444274902344
2014-10-03,32.173648834228516
2014-10-06,32.173648834228516
2014-10-07,32.12826156616211
2014-10-08,32.85432434082031
2014-10-09,32.317344665527344
2014-10-10,32.46860885620117
2014-10-13,32.438350677490234
2014-10-14,32.733306884765625
2014-10-15,32.302207946777344
2014-10-16,32.33247375488281
2014-10-17,32.521541595458984
2014-10-20,32.97533416748047
2014-10-21,33.08878707885742
2014-10-22,33.292991638183594
2014-10-23,33.35348892211914
2014-10-24,33.678707122802734
2014-10-27,33.603065490722656
2014-10-28,33.83753204345703
2014-10-29,33.640892028808594
2014-10-30,34.3820686340332
2014-10-31,34.389652252197266
2014-11-03,34.61653137207031
2014-11-04,34.435028076171875
2014-11-05,35.21402359008789
2014-11-06,34.61653137207031
2014-11-07,34.97957229614258
2014-11-10,35.15352249145508
2014-11-11,35.02495193481445
2014-11-12,34.41233825683594
2014-11-13,34.13248825073242
2014-11-14,33.988800048828125
2014-11-17,34.435028076171875
2014-11-18,34.53335952758789
2014-11-19,34.50309371948242
2014-11-20,34.427459716796875
2014-11-21,34.56360626220703
2014-11-24,34.27619934082031
2014-11-25,34.27619934082031
2014-11-26,34.427459716796875
2014-11-28,34.79048538208008
2014-12-01,34.858558654785156
2014-12-02,35.093017578125
2014-12-03,34.99470138549805
2014-12-04,34.96444320678711
2014-12-05,34.692161560058594
2014-12-08,34.972007751464844
2014-12-09,35.14596176147461
2014-12-10,34.707298278808594
2014-12-11,35.05520248413086
2014-12-12,34.72241973876953
2014-12-15,34.427459716796875
2014-12-16,34.39719772338867
2014-12-17,35.009822845458984
2014-12-18,35.69807434082031
2014-12-19,35.7568244934082
2014-12-22,35.848392486572266
2014-12-23,35.939945220947266
2014-12-24,36.60382080078125
2014-12-26,37.04640197753906
2014-12-29,37.47370147705078
2014-12-30,36.69538497924805
2014-12-31,36.031524658203125
2015-01-02,36.19940185546875
2015-01-05,35.7568244934082
2015-01-06,35.77971649169922
2015-01-07,36.13072204589844
2015-01-08,36.38253402709961
2015-01-09,36.15361785888672
2015-01-12,36.06968307495117
2015-01-13,36.16887664794922
2015-01-14,36.481727600097656
2015-01-15,36.771690368652344
2015-01-16,37.09979248046875
2015-01-20,37.191375732421875
2015-01-21,37.55000305175781
2015-01-22,37.3897590637207
2015-01-23,37.49658966064453
2015-01-26,37.47370147705078
2015-01-27,37.5271110534668
2015-01-28,37.206626892089844
2015-01-29,37.702613830566406
2015-01-30,36.87088394165039
2015-02-02,37.0311279296875
2015-02-03,37.16847610473633
2015-02-04,36.718265533447266
2015-02-05,37.05401611328125
2015-02-06,35.52790451049805
2015-02-09,35.21506118774414
2015-02-10,35.939945220947266
2015-02-11,35.161643981933594
2015-02-12,35.001380920410156
2015-02-13,34.46725082397461
2015-02-17,34.43674087524414
2015-02-18,35.253211975097656
2015-02-19,34.85642623901367
2015-02-20,34.864051818847656
2015-02-23,35.100589752197266
2015-02-24,35.36003112792969
2015-02-25,34.78010559082031
2015-02-26,34.55120086669922
2015-02-27,34.51304244995117
2015-03-02,33.849178314208984
2015-03-03,34.05521774291992
2015-03-04,33.86444854736328
2015-03-05,34.131507873535156
2015-03-06,33.10902404785156
2015-03-09,33.1700553894043
2015-03-10,33.10902404785156
2015-03-11,32.895355224609375
2015-03-12,33.52107238769531
2015-03-13,33.17768859863281
2015-03-16,33.7499885559082
2015-03-17,33.696571350097656
2015-03-18,34.604610443115234
2015-03-19,34.28413009643555
2015-03-20,34.592529296875
2015-03-23,34.6155891418457
2015-03-24,34.23106002807617
2015-03-25,33.831146240234375
2015-03-26,33.54658889770508
2015-03-27,33.74654769897461
2015-03-30,34.161834716796875
2015-03-31,34.16953659057617
2015-04-01,34.20029830932617
2015-04-02,34.26182174682617
2015-04-06,34.738643646240234
2015-04-07,34.33872604370117
2015-04-08,34.23875427246094
2015-04-09,34.092628479003906
2015-04-10,34.34641647338867
2015-04-13,34.00802230834961
2015-04-14,34.17723083496094
2015-04-15,34.26182174682617
2015-04-16,34.038795471191406
2015-04-17,33.915740966796875
2015-04-20,34.42332077026367
2015-04-21,34.115699768066406
2015-04-22,34.184913635253906
2015-04-23,34.37718200683594
2015-04-24,34.7232551574707
2015-04-27,34.30797576904297
2015-04-28,34.55406188964844
2015-04-29,34.4079475402832
2015-04-30,34.00802230834961
2015-05-01,34.20029830932617
2015-05-04,34.45408630371094
2015-05-05,33.685028076171875
2015-05-06,33.50044631958008
2015-05-07,33.623497009277344
2015-05-08,33.861907958984375
2015-05-11,33.63119125366211
2015-05-12,33.59272766113281
2015-05-13,33.26203536987305
2015-05-14,33.64656448364258
2015-05-15,34.08494186401367
2015-05-18,34.215675354003906
2015-05-19,34.29258728027344
2015-05-20,34.34641647338867
2015-05-21,34.33103942871094
2015-05-22,34.27720260620117
2015-05-26,34.061866760253906
2015-05-27,34.20029830932617
2015-05-28,34.27720260620117
2015-05-29,34.223365783691406
2015-06-01,34.26951217651367
2015-06-02,33.81577682495117
2015-06-03,33.31587219238281
2015-06-04,33.26973342895508
2015-06-05,32.85443878173828
2015-06-08,32.662174224853516
2015-06-09,32.58525848388672
2015-06-10,32.74676513671875
2015-06-11,33.00823974609375
2015-06-12,32.71600341796875
2015-06-15,32.662174224853516
2015-06-16,32.815982818603516
2015-06-17,33.09284591674805
2015-06-18,33.531211853027344
2015-06-19,33.20759963989258
2015-06-22,33.1610221862793
2015-06-23,32.710914611816406
2015-06-24,32.45481872558594
2015-06-25,32.23751449584961
2015-06-26,32.431541442871094
2015-06-29,32.26079559326172
2015-06-30,32.1754264831543
2015-07-01,32.36944580078125
2015-07-02,32.77299499511719
2015-07-06,32.904937744140625
2015-07-07,33.719791412353516
2015-07-08,33.54130172729492
2015-07-09,33.168785095214844
2015-07-10,33.34727478027344
2015-07-13,33.36280822753906
2015-07-14,33.31623458862305
2015-07-15,33.47920608520508
2015-07-16,33.97589111328125
2015-07-17,33.64218521118164
2015-07-20,33.47145462036133
2015-07-21,33.168785095214844
2015-07-22,33.31623458862305
2015-07-23,32.81956481933594
2015-07-24,32.85060501098633
2015-07-27,33.26966857910156
2015-07-28,33.42488479614258
2015-07-29,33.5490608215332
2015-07-30,33.797393798828125
2015-07-31,34.13886642456055
2015-08-03,34.31735610961914
2015-08-04,33.766353607177734
2015-08-05,33.85171890258789
2015-08-06,34.030216217041016
2015-08-07,34.44929122924805
2015-08-10,34.30959701538086
2015-08-11,34.48033142089844
2015-08-12,35.093414306640625
2015-08-13,35.10118103027344
2015-08-14,35.36504364013672
2015-08-17,35.53577423095703
2015-08-18,35.45040512084961
2015-08-19,35.59785079956055
2015-08-20,35.38832092285156
2015-08-21,34.96148681640625
2015-08-24,33.649940490722656
2015-08-25,32.61779022216797
2015-08-26,33.1998291015625
2015-08-27,33.58785629272461
2015-08-28,33.48698043823242
2015-08-31,32.95148849487305
2015-09-01,32.05903244018555
2015-09-02,32.082305908203125
2015-09-03,32.22976303100586
2015-09-04,31.78740882873535
2015-09-08,32.462581634521484
2015-09-09,32.05903244018555
2015-09-10,32.00469970703125
2015-09-11,32.24528503417969
2015-09-14,32.3228874206543
2015-09-15,32.49362564086914
2015-09-16,32.81956481933594
2015-09-17,33.26966857910156
2015-09-18,33.08245086669922
2015-09-21,33.21562576293945
2015-09-22,32.800437927246094
2015-09-23,32.8865966796875
2015-09-24,33.1529541015625
2015-09-25,33.474143981933594
2015-09-28,33.30963897705078
2015-09-29,33.31747055053711
2015-09-30,33.912841796875
2015-10-01,33.513309478759766
2015-10-02,33.959842681884766
2015-10-05,34.39854431152344
2015-10-06,34.16353225708008
2015-10-07,34.046016693115234
2015-10-08,34.46903991699219
2015-10-09,34.304527282714844
2015-10-12,34.61005401611328
2015-10-13,34.53172302246094
2015-10-14,34.52388381958008
2015-10-15,35.0330810546875
2015-10-16,35.08008575439453
2015-10-19,35.103580474853516
2015-10-20,35.221099853515625
2015-10-21,35.15058898925781
2015-10-22,35.55795669555664
2015-10-23,34.93124008178711
2015-10-26,34.805904388427734
2015-10-27,34.680564880371094
2015-10-28,34.3123664855957
2015-10-29,34.116519927978516
2015-10-30,34.273197174072266
2015-11-02,34.3123664855957
2015-11-03,34.414207458496094
2015-11-04,34.59438705444336
2015-11-05,34.296695709228516
2015-11-06,33.09811782836914
2015-11-09,33.18429183959961
2015-11-10,33.48197937011719
2015-11-11,33.77182388305664
2015-11-12,33.45064163208008
2015-11-13,33.3253173828125
2015-11-16,33.889339447021484
2015-11-17,33.27829360961914
2015-11-18,33.489810943603516
2015-11-19,33.85017013549805
2015-11-20,33.991172790527344
2015-11-23,33.677825927734375
2015-11-24,33.63081741333008
2015-11-25,33.42713928222656
2015-11-27,33.489810943603516
2015-11-30,33.54465103149414
2015-12-01,33.811004638671875
2015-12-02,33.05895233154297
2015-12-03,32.80826187133789
2015-12-04,33.27046203613281
2015-12-07,33.419307708740234
2015-12-08,33.3723030090332
2015-12-09,33.38014221191406
2015-12-10,32.831748962402344
2015-12-11,32.73777389526367
2015-12-14,32.90226364135742
2015-12-15,33.16078567504883
2015-12-16,33.999019622802734
2015-12-17,34.069522857666016
2015-12-18,33.64607238769531
2015-12-21,33.6223258972168
2015-12-22,33.90726852416992
2015-12-23,34.42964553833008
2015-12-24,34.40589141845703
2015-12-28,34.469215393066406
2015-12-29,34.65916442871094
2015-12-30,34.62751770019531
2015-12-31,34.25551223754883
2016-01-04,34.18428039550781
2016-01-05,34.42964553833008
2016-01-06,34.3663330078125
2016-01-07,34.136802673339844
2016-01-08,34.12096405029297
2016-01-11,34.30299377441406
2016-01-12,34.16845703125
2016-01-13,34.152618408203125
2016-01-14,34.667091369628906
2016-01-15,34.3584098815918
2016-01-19,34.87287902832031
2016-01-20,34.08930969238281
2016-01-21,34.057640075683594
2016-01-22,34.667091369628906
2016-01-25,34.37423324584961
2016-01-26,34.6116828918457
2016-01-27,34.690834045410156
2016-01-28,35.244873046875
2016-01-29,35.94929122924805
2016-02-01,36.289634704589844
2016-02-02,36.44792938232422
2016-02-03,36.899070739746094
2016-02-04,36.74077606201172
2016-02-05,36.85950469970703
2016-02-08,36.73286819458008
2016-02-09,36.85950469970703
2016-02-10,36.81993103027344
2016-02-11,36.17091369628906
2016-02-12,36.06010818481445
2016-02-16,36.289634704589844
2016-02-17,36.218406677246094
2016-02-18,36.81201171875
2016-02-19,36.5666618347168
2016-02-22,36.99406051635742
2016-02-23,37.02572250366211
2016-02-24,37.199832916259766
2016-02-25,37.57975387573242
2016-02-26,36.542903900146484
2016-02-29,36.64580154418945
2016-03-01,36.4637565612793
2016-03-02,36.653717041015625
2016-03-03,36.87533187866211
2016-03-04,37.28689193725586
2016-03-07,37.492698669433594
2016-03-08,37.864688873291016
2016-03-09,38.0388298034668
2016-03-10,38.070472717285156
2016-03-11,38.11006164550781
2016-03-14,38.15753936767578
2016-03-15,38.22877502441406
2016-03-16,38.814476013183594
2016-03-17,39.02817153930664
2016-03-18,38.77936553955078
2016-03-21,38.739505767822266
2016-03-22,38.611915588378906
2016-03-23,38.89898681640625
2016-03-24,39.00265884399414
2016-03-28,38.85911178588867
2016-03-29,39.433265686035156
2016-03-30,39.33758544921875
2016-03-31,39.568843841552734
2016-04-01,39.72035217285156
2016-04-04,39.55288314819336
2016-04-05,38.811279296875
2016-04-06,38.76343536376953
2016-04-07,38.747474670410156
2016-04-08,38.95481491088867
2016-04-11,38.787349700927734
2016-04-12,39.058475494384766
2016-04-13,38.819252014160156
2016-04-14,38.771400451660156
2016-04-15,38.9867057800293
2016-04-18,39.13822555541992
2016-04-19,39.2020149230957
2016-04-20,38.22116470336914
2016-04-21,37.423728942871094
2016-04-22,37.75865173339844
2016-04-25,37.83042526245117
2016-04-26,37.88624954223633
2016-04-27,38.436485290527344
2016-04-28,38.380645751953125
2016-04-29,38.611915588378906
2016-05-02,38.922916412353516
2016-05-03,38.89101791381836
2016-05-04,39.34556198120117
2016-05-05,39.19404602050781
2016-05-06,38.93885803222656
2016-05-09,39.16215515136719
2016-05-10,39.2020149230957
2016-05-11,39.34556198120117
2016-05-12,39.57681655883789
2016-05-13,39.38542938232422
2016-05-16,39.433265686035156
2016-05-17,38.76343536376953
2016-05-18,38.03776550292969
2016-05-19,38.4205207824707
2016-05-20,38.508262634277344
2016-05-23,38.165348052978516
2016-05-24,38.548126220703125
2016-05-25,38.436485290527344
2016-05-26,38.87507247924805
2016-05-27,38.93885803222656
2016-05-31,39.19404602050781
2016-06-01,39.297706604003906
2016-06-02,39.313655853271484
2016-06-03,39.93567657470703
2016-06-06,39.87983322143555
2016-06-07,39.847938537597656
2016-06-08,40.08717346191406
2016-06-09,40.4300651550293
2016-06-10,40.32640075683594
2016-06-13,40.27855682373047
2016-06-14,40.493865966796875
2016-06-15,40.23868942260742
2016-06-16,40.493865966796875
2016-06-17,40.64018630981445
2016-06-20,40.4874382019043
2016-06-21,40.54370880126953
2016-06-22,40.35076141357422
2016-06-23,40.46331024169922
2016-06-24,40.527626037597656
2016-06-27,41.02609634399414
2016-06-28,41.178836822509766
2016-06-29,41.29139709472656
2016-06-30,42.18379211425781
2016-07-01,42.19182205200195
2016-07-05,42.50537109375
2016-07-06,42.593814849853516
2016-07-07,41.80592346191406
2016-07-08,42.240074157714844
2016-07-11,42.207908630371094
2016-07-12,41.629058837890625
2016-07-13,41.95867919921875
2016-07-14,41.685333251953125
2016-07-15,41.80592346191406
2016-07-18,41.9265251159668
2016-07-19,41.85417175292969
2016-07-20,41.61297607421875
2016-07-21,41.862205505371094
2016-07-22,42.41694259643555
2016-07-25,42.34457015991211
2016-07-26,41.974754333496094
2016-07-27,41.49238204956055
2016-07-28,41.653175354003906
2016-07-29,41.90240478515625
2016-08-01,41.9265251159668
2016-08-02,41.653175354003906
2016-08-03,41.403961181640625
2016-08-04,41.37983703613281
2016-08-05,40.78489303588867
2016-08-08,40.76881408691406
2016-08-09,40.76078414916992
2016-08-10,40.76881408691406
2016-08-11,40.86529541015625
2016-08-12,40.92157745361328
2016-08-15,40.29448318481445
2016-08-16,39.82014846801758
2016-08-17,40.415077209472656
2016-08-18,40.913536071777344
2016-08-19,40.415077209472656
2016-08-22,40.519596099853516
2016-08-23,40.34272766113281
2016-08-24,40.3266487121582
2016-08-25,40.35076141357422
2016-08-26,39.51464080810547
2016-08-29,39.83622360229492
2016-08-30,39.41817092895508
2016-08-31,39.578956604003906
2016-09-01,39.37797164916992
2016-09-02,39.90054702758789
2016-09-06,40.33467483520508
2016-09-07,40.34272766113281
2016-09-08,40.479393005371094
2016-09-09,38.95990753173828
2016-09-12,39.65131759643555
2016-09-13,39.1046142578125
2016-09-14,39.25737380981445
2016-09-15,39.55485153198242
2016-09-16,39.940792083740234
2016-09-19,40.33808898925781
2016-09-20,40.265113830566406
2016-09-21,41.08403015136719
2016-09-22,41.33539581298828
2016-09-23,41.30295944213867
2016-09-26,41.19755554199219
2016-09-27,40.66242599487305
2016-09-28,40.60566711425781
2016-09-29,39.997554779052734
2016-09-30,39.72187042236328
2016-10-03,39.16240310668945
2016-10-04,38.34348678588867
2016-10-05,38.26239776611328
2016-10-06,38.254295349121094
2016-10-07,38.20563507080078
2016-10-10,38.5218620300293
2016-10-11,38.08402633666992
2016-10-12,38.45699691772461
2016-10-13,38.935367584228516
2016-10-14,38.71646499633789
2016-10-17,38.92726516723633
2016-10-18,39.25970458984375
2016-10-19,39.1705207824707
2016-10-20,39.14619827270508
2016-10-21,38.91915512084961
2016-10-24,39.06510543823242
2016-10-25,39.308353424072266
2016-10-26,39.4056510925293
2016-10-27,39.1705207824707
2016-10-28,39.29213333129883
2016-10-31,40.07862854003906
2016-11-01,39.3488883972168
2016-11-02,38.85429763793945
2016-11-03,39.000240325927734
2016-11-04,38.87861633300781
2016-11-07,39.55970764160156
2016-11-08,39.867820739746094
2016-11-09,38.400245666503906
2016-11-10,37.47591018676758
2016-11-11,37.321861267089844
2016-11-14,37.29753494262695
2016-11-15,37.89754104614258
2016-11-16,37.63808059692383
2016-11-17,37.64618682861328
2016-11-18,37.53266525268555
2016-11-21,37.929969787597656
2016-11-22,38.07590866088867
2016-11-23,37.69483947753906
2016-11-25,38.23807144165039
2016-11-28,38.97591018676758
2016-11-29,39.138084411621094
2016-11-30,37.905635833740234
2016-12-01,37.60564041137695
2016-12-02,37.94618606567383
2016-12-05,37.99483108520508
2016-12-06,37.92185974121094
2016-12-07,38.41646194458008
2016-12-08,38.48131561279297
2016-12-09,38.88672637939453
2016-12-12,39.29213333129883
2016-12-13,39.69754409790039
2016-12-14,38.87861633300781
2016-12-15,39.15430450439453
2016-12-16,39.63157272338867
2016-12-19,39.77893829345703
2016-12-20,39.82806396484375
2016-12-21,39.6643180847168
2016-12-22,39.80350112915039
2016-12-23,39.795318603515625
2016-12-27,39.82806396484375
2016-12-28,39.45146942138672
2016-12-29,39.98361587524414
2016-12-30,39.76255798339844
2017-01-03,39.6643180847168
2017-01-04,39.811683654785156
2017-01-05,39.852622985839844
2017-01-06,39.97541427612305
2017-01-09,39.45146942138672
2017-01-10,39.32867431640625
2017-01-11,39.73801040649414
2017-01-12,39.770748138427734
2017-01-13,39.713436126708984
2017-01-17,40.147335052490234
2017-01-18,40.09821701049805
2017-01-19,39.74618911743164
2017-01-20,39.81987380981445
2017-01-23,39.61520767211914
2017-01-24,39.607025146484375
2017-01-25,39.607025146484375
2017-01-26,39.62338638305664
2017-01-27,39.61520767211914
2017-01-30,39.647945404052734
2017-01-31,40.2619514465332
2017-02-01,39.56608963012695
2017-02-02,39.98361587524414
2017-02-03,40.03273010253906
2017-02-06,39.95085144042969
2017-02-07,40.04909133911133
2017-02-08,40.442054748535156
2017-02-09,40.09821701049805
2017-02-10,40.35200500488281
2017-02-13,40.548484802246094
2017-02-14,40.253761291503906
2017-02-15,40.155517578125
2017-02-16,40.55666732788086
2017-02-17,40.581233978271484
2017-02-21,41.006935119628906
2017-02-22,41.17885208129883
2017-02-23,41.60455322265625
2017-02-24,42.23493194580078
2017-02-27,41.99752426147461
2017-02-28,42.382293701171875
2017-03-01,42.005699157714844
2017-03-02,42.30860900878906
2017-03-03,42.1776237487793
2017-03-06,42.09575653076172
2017-03-07,42.07120132446289
2017-03-08,41.46538162231445
2017-03-09,41.375335693359375
2017-03-10,41.719173431396484
2017-03-13,41.841976165771484
2017-03-14,41.8010368347168
2017-03-15,42.472354888916016
2017-03-16,42.005699157714844
2017-03-17,42.258949279785156
2017-03-20,41.978485107421875
2017-03-21,42.57240295410156
2017-03-22,42.77862548828125
2017-03-23,42.64664840698242
2017-03-24,42.80337905883789
2017-03-27,42.63839340209961
2017-03-28,42.60540008544922
2017-03-29,42.48992156982422
2017-03-30,42.15996170043945
2017-03-31,42.3249397277832
2017-04-03,42.316688537597656
2017-04-04,42.448665618896484
2017-04-05,42.68789291381836
2017-04-06,42.58064270019531
2017-04-07,42.3991813659668
2017-04-10,42.473419189453125
2017-04-11,42.456912994384766
2017-04-12,42.77037811279297
2017-04-13,42.63014602661133
2017-04-17,42.81987762451172
2017-04-18,42.91884994506836
2017-04-19,42.62189865112305
2017-04-20,42.456912994384766
2017-04-21,42.67138671875
2017-04-24,42.894107818603516
2017-04-25,42.83636474609375
2017-04-26,42.70438766479492
2017-04-27,42.85287094116211
2017-04-28,42.64664840698242
2017-05-01,42.390926361083984
2017-05-02,42.44042205810547
2017-05-03,42.29194259643555
2017-05-04,42.44042205810547
2017-05-05,42.67138671875
2017-05-08,42.65489196777344
2017-05-09,42.341434478759766
2017-05-10,42.40742111206055
2017-05-11,42.465171813964844
2017-05-12,42.67138671875
2017-05-15,42.85287094116211
2017-05-16,42.53940963745117
2017-05-17,42.64664840698242
2017-05-18,42.795135498046875
2017-05-19,42.96010208129883
2017-05-22,43.331298828125
2017-05-23,43.446781158447266
2017-05-24,43.69424819946289
2017-05-25,44.04895782470703
2017-05-26,44.04895782470703
2017-05-30,44.189178466796875
2017-05-31,44.41190719604492
2017-06-01,44.725364685058594
2017-06-02,44.77484130859375
2017-06-05,44.6346321105957
2017-06-06,44.5356330871582
2017-06-07,44.684120178222656
2017-06-08,44.31291961669922
2017-06-09,44.271663665771484
2017-06-12,44.189178466796875
2017-06-13,44.296417236328125
2017-06-14,44.5356330871582
2017-06-15,44.791351318359375
2017-06-16,44.996761322021484
2017-06-19,44.84706115722656
2017-06-20,44.87202072143555
2017-06-21,44.605899810791016
2017-06-22,44.398014068603516
2017-06-23,44.24832534790039
2017-06-26,44.54769515991211
2017-06-27,44.04875183105469
2017-06-28,43.624637603759766
2017-06-29,43.275386810302734
2017-06-30,43.2088508605957
2017-07-03,43.009273529052734
2017-07-05,42.8013801574707
2017-07-06,42.78474807739258
2017-07-07,42.81801223754883
2017-07-10,42.78474807739258
2017-07-11,42.759796142578125
2017-07-12,43.12569808959961
2017-07-13,42.97601318359375
2017-07-14,43.175594329833984
2017-07-17,43.37516403198242
2017-07-18,43.49990463256836
2017-07-19,43.6828498840332
2017-07-20,43.99885559082031
2017-07-21,44.31485366821289
2017-07-24,43.899070739746094
2017-07-25,43.64958953857422
2017-07-26,44.06538009643555
2017-07-27,44.17348098754883
2017-07-28,44.106956481933594
2017-07-31,44.256649017333984
2017-08-01,44.506107330322266
2017-08-02,44.697383880615234
2017-08-03,44.921913146972656
2017-08-04,44.722328186035156
2017-08-07,44.86369323730469
2017-08-08,45.04664611816406
2017-08-09,44.81380081176758
2017-08-10,44.95517349243164
2017-08-11,44.68906784057617
2017-08-14,44.94685363769531
2017-08-15,45.196327209472656
2017-08-16,45.379268646240234
2017-08-17,45.054954528808594
2017-08-18,45.32106399536133
2017-08-21,45.48738479614258
2017-08-22,45.5871696472168
2017-08-23,45.736854553222656
2017-08-24,45.70359420776367
2017-08-25,45.853267669677734
2017-08-28,45.93643569946289
2017-08-29,45.836639404296875
2017-08-30,45.70359420776367
2017-08-31,45.71190643310547
2017-09-01,45.570533752441406
2017-09-05,45.68695831298828
2017-09-06,45.47905731201172
2017-09-07,45.82001495361328
2017-09-08,46.03622055053711
2017-09-11,46.427059173583984
2017-09-12,45.653709411621094
2017-09-13,45.429161071777344
2017-09-14,45.81169891357422
2017-09-15,45.876216888427734
2017-09-18,45.406986236572266
2017-09-19,45.3148078918457
2017-09-20,44.97964859008789
2017-09-21,44.97126007080078
2017-09-22,44.60257339477539
2017-09-25,45.013160705566406
2017-09-26,44.92937088012695
2017-09-27,44.32606506347656
2017-09-28,44.485267639160156
2017-09-29,44.45174026489258
2017-10-02,44.527156829833984
2017-10-03,44.40148162841797
2017-10-04,44.84556198120117
2017-10-05,44.80367660522461
2017-10-06,44.770164489746094
2017-10-09,44.82882308959961
2017-10-10,45.2645378112793
2017-10-11,45.45725631713867
2017-10-12,45.691871643066406
2017-10-13,45.37345886230469
2017-10-16,45.272911071777344
2017-10-17,45.54104995727539
2017-10-18,45.45725631713867
2017-10-19,45.934871673583984
2017-10-20,45.96839141845703
2017-10-23,45.993526458740234
2017-10-24,46.03542709350586
2017-10-25,45.83432388305664
2017-10-26,45.84269714355469
2017-10-27,46.127586364746094
2017-10-30,46.13597106933594
2017-10-31,46.18624496459961
2017-11-01,45.92649459838867
2017-11-02,46.09407043457031
2017-11-03,46.26165771484375
2017-11-06,46.085689544677734
2017-11-07,46.63871765136719
2017-11-08,46.6722412109375
2017-11-09,46.73089599609375
2017-11-10,46.513023376464844
2017-11-13,47.06605529785156
2017-11-14,47.65261459350586
2017-11-15,47.242034912109375
2017-11-16,47.09120559692383
2017-11-17,46.764408111572266
2017-11-20,46.62196731567383
2017-11-21,46.74765396118164
2017-11-22,46.74765396118164
2017-11-24,46.82307052612305
2017-11-27,47.024173736572266
2017-11-28,47.242034912109375
2017-11-29,47.26716232299805
2017-11-30,47.426368713378906
2017-12-01,47.26716232299805
2017-12-04,46.99903869628906
2017-12-05,46.404109954833984
2017-12-06,46.580074310302734
2017-12-07,46.66386413574219
2017-12-08,46.81468963623047
2017-12-11,47.09958267211914
2017-12-12,46.29518127441406
2017-12-13,46.420867919921875
2017-12-14,46.362213134765625
2017-12-15,46.53221130371094
2017-12-18,46.01630783081055
2017-12-19,45.17902755737305
2017-12-20,44.823822021484375
2017-12-21,44.291011810302734
2017-12-22,44.358673095703125
2017-12-26,44.096500396728516
2017-12-27,44.28255844116211
2017-12-28,44.52782440185547
2017-12-29,44.553192138671875
2018-01-02,44.13877868652344
2018-01-03,43.792022705078125
2018-01-04,43.42837142944336
2018-01-05,43.41145706176758
2018-01-08,43.81739807128906
2018-01-09,43.38608169555664
2018-01-10,42.91246795654297
2018-01-11,42.75178909301758
2018-01-12,42.50651931762695
2018-01-16,42.41348648071289
2018-01-17,42.67566680908203
2018-01-18,42.405029296875
2018-01-19,42.27817153930664
2018-01-22,42.337364196777344
2018-01-23,42.74333190917969
2018-01-24,42.48114776611328
2018-01-25,43.14081573486328
2018-01-26,43.16618728637695
2018-01-29,42.616451263427734
2018-01-30,42.69258117675781
2018-01-31,43.16618728637695
2018-02-01,42.489601135253906
2018-02-02,42.18513870239258
2018-02-05,41.49163818359375
2018-02-06,40.8742561340332
2018-02-07,40.67973327636719
2018-02-08,40.22304153442383
2018-02-09,41.06877136230469
2018-02-12,41.38169479370117
2018-02-13,41.56775665283203
2018-02-14,41.102596282958984
2018-02-15,42.01598358154297
2018-02-16,42.388118743896484
2018-02-20,41.8383903503418
2018-02-21,41.28865051269531
2018-02-22,41.500091552734375
2018-02-23,42.58262252807617
2018-02-26,42.455772399902344
2018-02-27,41.77918243408203
2018-02-28,41.49163818359375
2018-03-01,41.500091552734375
2018-03-02,41.39015197753906
2018-03-05,42.23588562011719
2018-03-06,41.669246673583984
2018-03-07,41.356327056884766
2018-03-08,41.6607780456543
2018-03-09,41.77918243408203
2018-03-12,41.956787109375
2018-03-13,42.04981994628906
2018-03-14,42.48114776611328
2018-03-15,42.455772399902344
2018-03-16,42.82822799682617
2018-03-19,42.56401062011719
2018-03-20,42.36799240112305
2018-03-21,42.223087310791016
2018-03-22,42.41059875488281
2018-03-23,41.81399917602539
2018-03-26,42.248661041259766
2018-03-27,42.85379409790039
2018-03-28,42.83675003051758
2018-03-29,43.06687545776367
2018-04-02,42.734474182128906
2018-04-03,42.879371643066406
2018-04-04,42.97311019897461
2018-04-05,43.31404495239258
2018-04-06,42.97311019897461
2018-04-09,43.058353424072266
2018-04-10,42.725948333740234
2018-04-11,42.666290283203125
2018-04-12,42.1037712097168
2018-04-13,42.4361686706543
2018-04-16,43.01573944091797
2018-04-17,43.450408935546875
2018-04-18,43.28847122192383
2018-04-19,43.262901306152344
2018-04-20,42.87084197998047
2018-04-23,42.89641571044922
2018-04-24,43.186187744140625
2018-04-25,43.19472122192383
2018-04-26,43.62940216064453
2018-04-27,44.07258987426758
2018-04-30,43.944740295410156
2018-05-01,43.808380126953125
2018-05-02,43.7657585144043
2018-05-03,43.70610046386719
2018-05-04,43.902122497558594
2018-05-07,43.67201232910156
2018-05-08,42.58106994628906
2018-05-09,42.28275680541992
2018-05-10,42.879371643066406
2018-05-11,42.939029693603516
2018-05-14,42.7770881652832
2018-05-15,42.419124603271484
2018-05-16,42.08672332763672
2018-05-17,41.74580764770508
2018-05-18,41.754329681396484
2018-05-21,41.96739959716797
2018-05-22,42.120819091796875
2018-05-23,42.504356384277344
2018-05-24,42.85379409790039
2018-05-25,43.04130172729492
2018-05-29,43.04130172729492
2018-05-30,43.390750885009766
2018-05-31,43.45893478393555
2018-06-01,42.79413604736328
2018-06-04,42.45322036743164
2018-06-05,42.23161315917969
2018-06-06,41.225894927978516
2018-06-07,41.51568603515625
2018-06-08,41.498634338378906
2018-06-11,41.41340255737305
2018-06-12,41.89069366455078
2018-06-13,41.77988815307617
2018-06-14,42.29979705810547
2018-06-15,42.60076904296875
2018-06-18,42.73836135864258
2018-06-19,43.159725189208984
2018-06-20,43.19411849975586
2018-06-21,43.34031295776367
2018-06-22,43.64128494262695
2018-06-25,44.363624572753906
2018-06-26,44.415218353271484
2018-06-27,44.63020324707031
2018-06-28,44.612998962402344
2018-06-29,44.68179702758789
2018-07-02,44.99997329711914
2018-07-03,45.12895202636719
2018-07-05,45.369747161865234
2018-07-06,45.72231674194336
2018-07-09,44.31202697753906
2018-07-10,44.7333984375
2018-07-11,45.13755798339844
2018-07-12,45.17195129394531
2018-07-13,45.18056106567383
2018-07-16,45.13755798339844
2018-07-17,45.103153228759766
2018-07-18,44.8709831237793
2018-07-19,45.28374481201172
2018-07-20,44.96556854248047
2018-07-23,44.64739990234375
2018-07-24,44.80218505859375
2018-07-25,44.93117904663086
2018-07-26,45.41273498535156
2018-07-27,45.26654815673828
2018-07-30,44.99137878417969
2018-07-31,45.39554214477539
2018-08-01,45.103153228759766
2018-08-02,45.32674026489258
2018-08-03,45.8340950012207
2018-08-06,45.86849594116211
2018-08-07,45.79970169067383
2018-08-08,45.558929443359375
2018-08-09,45.76530838012695
2018-08-10,45.56751251220703
2018-08-13,45.62771987915039
2018-08-14,45.72231674194336
2018-08-15,46.14366912841797
2018-08-16,46.642425537109375
2018-08-17,46.883209228515625
2018-08-20,46.71982955932617
2018-08-21,46.38444900512695
2018-08-22,46.040489196777344
2018-08-23,46.006080627441406
2018-08-24,46.203861236572266
2018-08-27,45.92008972167969
2018-08-28,45.825504302978516
2018-08-29,46.16087341308594
2018-08-30,46.178070068359375
2018-08-31,45.98029327392578
2018-09-04,46.186668395996094
2018-09-05,46.83161544799805
2018-09-06,47.098182678222656
2018-09-07,46.52204132080078
2018-09-10,46.75422286987305
2018-09-11,46.63382339477539
2018-09-12,46.5908317565918
2018-09-13,46.94340133666992
2018-09-14,46.694034576416016
2018-09-17,46.84880828857422
2018-09-18,46.76282501220703
2018-09-19,45.74810791015625
2018-09-20,45.84269714355469
2018-09-21,46.03792953491211
2018-09-24,45.6301155090332
2018-09-25,45.00541305541992
2018-09-26,44.56290054321289
2018-09-27,45.02275848388672
2018-09-28,45.68218231201172
2018-10-01,45.52600860595703
2018-10-02,46.14204025268555
2018-10-03,45.58674621582031
2018-10-04,45.829673767089844
2018-10-05,46.53248977661133
2018-10-08,46.922935485839844
2018-10-09,47.11381530761719
2018-10-10,46.853511810302734
2018-10-11,45.99454116821289
2018-10-12,45.942481994628906
2018-10-15,46.159385681152344
2018-10-16,46.636592864990234
2018-10-17,46.54983901977539
2018-10-18,46.61924743652344
2018-10-19,47.34808349609375
2018-10-22,47.04440689086914
2018-10-23,46.78410720825195
2018-10-24,47.920738220214844
2018-10-25,47.174556732177734
2018-10-26,46.3068962097168
2018-10-29,46.957637786865234
2018-10-30,47.139854431152344
2018-10-31,46.58454513549805
2018-11-01,46.37630844116211
2018-11-02,46.11601638793945
2018-11-05,46.766754150390625
2018-11-06,47.0791015625
2018-11-07,47.617061614990234
2018-11-08,47.53897476196289
2018-11-09,47.60837936401367
2018-11-12,47.58234405517578
2018-11-13,47.78190994262695
2018-11-14,47.28734588623047
2018-11-15,46.89690017700195
2018-11-16,47.617061614990234
2018-11-19,47.82530212402344
2018-11-20,47.625728607177734
2018-11-21,46.922935485839844
2018-11-23,46.94895935058594
2018-11-26,47.22661209106445
2018-11-27,47.58234405517578
2018-11-28,47.54764938354492
2018-11-29,47.53028869628906
2018-11-30,48.233097076416016
2018-12-03,48.71898651123047
2018-12-04,48.753692626953125
2018-12-06,48.80574035644531
2018-12-07,48.98794937133789
2018-12-10,49.08339309692383
2018-12-11,49.282958984375
2018-12-12,48.97060775756836
2018-12-13,49.395755767822266
2018-12-14,49.300315856933594
2018-12-17,47.71250915527344
2018-12-18,47.39146423339844
2018-12-19,47.31337356567383
2018-12-20,47.28734588623047
2018-12-21,47.08522415161133
2018-12-24,45.11640167236328
2018-12-26,45.72892379760742
2018-12-27,46.11392593383789
2018-12-28,46.22769546508789
2018-12-31,46.306434631347656
2019-01-02,45.51015853881836
2019-01-03,45.50142288208008
2019-01-04,46.17518615722656
2019-01-07,45.86017608642578
2019-01-08,46.428955078125
2019-01-09,46.14894485473633
2019-01-10,46.752708435058594
2019-01-11,46.577701568603516
2019-01-14,45.52766799926758
2019-01-15,46.087684631347656
2019-01-16,46.253944396972656
2019-01-17,46.446441650390625
2019-01-18,46.49894332885742
2019-01-22,46.58645248413086
2019-01-23,47.05896759033203
2019-01-24,47.303977966308594
2019-01-25,46.656463623046875
2019-01-28,46.43769454956055
2019-01-29,46.56895446777344
2019-01-30,46.92771530151367
2019-01-31,47.91648483276367
2019-02-01,47.73274230957031
2019-02-04,47.81148910522461
2019-02-05,47.90774154663086
2019-02-06,47.88149642944336
2019-02-07,48.51150894165039
2019-02-08,48.721519470214844
2019-02-11,48.70400619506836
2019-02-12,48.817779541015625
2019-02-13,48.677764892578125
2019-02-14,48.599021911621094
2019-02-15,48.74776077270508
2019-02-19,49.03653335571289
2019-02-20,49.255287170410156
2019-02-21,49.614044189453125
2019-02-22,49.920291900634766
2019-02-25,49.59654235839844
2019-02-26,49.535301208496094
2019-02-27,49.59654235839844
2019-02-28,49.88530349731445
2019-03-01,49.99030685424805
2019-03-04,50.07780838012695
2019-03-05,50.016563415527344
2019-03-06,50.016563415527344
2019-03-07,50.18281555175781
2019-03-08,50.35781478881836
2019-03-11,50.716575622558594
2019-03-12,51.06658935546875
2019-03-13,51.11909103393555
2019-03-14,51.1103401184082
2019-03-15,51.29545974731445
2019-03-18,51.101524353027344
2019-03-19,50.519718170166016
2019-03-20,50.65195083618164
2019-03-21,51.18968200683594
2019-03-22,51.55992126464844
2019-03-25,51.60398864746094
2019-03-26,51.974220275878906
2019-03-27,51.6128044128418
2019-03-28,51.00456237792969
2019-03-29,51.277835845947266
2019-04-01,50.92523193359375
2019-04-02,50.995758056640625
2019-04-03,50.91640853881836
2019-04-04,50.74010467529297
2019-04-05,51.216121673583984
2019-04-08,50.854698181152344
2019-04-09,50.97811508178711
2019-04-10,50.81944274902344
2019-04-11,51.07508087158203
2019-04-12,51.313087463378906
2019-04-15,51.30427932739258
2019-04-16,50.669586181640625
2019-04-17,50.475650787353516
2019-04-18,50.50209426879883
2019-04-22,50.45802688598633
2019-04-23,50.59906768798828
2019-04-24,50.92523193359375
2019-04-25,51.13679504394531
2019-04-26,51.216121673583984
2019-04-29,50.91640853881836
2019-04-30,51.753849029541016
2019-05-01,51.22494125366211
2019-05-02,51.1103401184082
2019-05-03,51.392425537109375
2019-05-06,51.1103401184082
2019-05-07,50.9516716003418
2019-05-08,50.25526809692383
2019-05-09,50.19356918334961
2019-05-10,51.09272003173828
2019-05-13,51.639251708984375
2019-05-14,51.29545974731445
2019-05-15,51.207313537597656
2019-05-16,51.55110168457031
2019-05-17,51.81555938720703
2019-05-20,51.88608169555664
2019-05-21,51.98305130004883
2019-05-22,52.37091064453125
2019-05-23,52.82048034667969
2019-05-24,52.74114990234375
2019-05-28,51.87726593017578
2019-05-29,51.18968200683594
2019-05-30,51.1103401184082
2019-05-31,51.348358154296875
2019-06-03,51.85963439941406
2019-06-04,51.903709411621094
2019-06-05,53.0144157409668
2019-06-06,53.340576171875
2019-06-07,52.94389343261719
2019-06-10,52.58248519897461
2019-06-11,52.26513671875
2019-06-12,52.94389343261719
2019-06-13,53.0496826171875
2019-06-14,53.605045318603516
2019-06-17,53.45518112182617
2019-06-18,53.234798431396484
2019-06-19,53.64029312133789
2019-06-20,53.98408508300781
2019-06-21,54.19289779663086
2019-06-24,54.21067428588867
2019-06-25,53.88190841674805
2019-06-26,52.70901107788086
2019-06-27,52.78009796142578
2019-06-28,52.98447036743164
2019-07-01,52.85118103027344
2019-07-02,53.57090759277344
2019-07-03,53.94409942626953
2019-07-05,53.91744613647461
2019-07-08,53.99741744995117
2019-07-09,54.06850051879883
2019-07-10,54.19289779663086
2019-07-11,54.21067428588867
2019-07-12,53.855255126953125
2019-07-15,54.06850051879883
2019-07-16,53.75750732421875
2019-07-17,53.961875915527344
2019-07-18,54.432804107666016
2019-07-19,53.64199447631836
2019-07-22,53.52647399902344
2019-07-23,53.188838958740234
2019-07-24,53.233253479003906
2019-07-25,53.099979400634766
2019-07-26,53.29545593261719
2019-07-29,53.57090759277344
2019-07-30,53.162174224853516
2019-07-31,52.91337966918945
2019-08-01,53.45539474487305
2019-08-02,53.44651794433594
2019-08-05,52.68236541748047
2019-08-06,53.339881896972656
2019-08-07,53.473175048828125
2019-08-08,54.02406692504883
2019-08-09,54.08626937866211
2019-08-12,53.97964096069336
2019-08-13,54.015193939208984
2019-08-14,53.57090759277344
2019-08-15,54.26397705078125
2019-08-16,54.53943634033203
2019-08-19,54.88597869873047
2019-08-20,54.79711151123047
2019-08-21,55.16141891479492
2019-08-22,55.21472930908203
2019-08-23,54.62828826904297
2019-08-26,55.259159088134766
2019-08-27,55.35689926147461
2019-08-28,55.20585632324219
2019-08-29,55.587928771972656
2019-08-30,55.6057014465332
2019-09-03,56.59199523925781
2019-09-04,56.645301818847656
2019-09-05,56.03220748901367
2019-09-06,55.8100700378418
2019-09-09,55.53461456298828
2019-09-10,55.6057014465332
2019-09-11,56.156593322753906
2019-09-12,56.28099822998047
2019-09-13,55.925575256347656
2019-09-16,55.970008850097656
2019-09-17,56.45871353149414
2019-09-18,56.69861602783203
2019-09-19,56.96518325805664
2019-09-20,57.190834045410156
2019-09-23,57.199790954589844
2019-09-24,57.871360778808594
2019-09-25,57.83552932739258
2019-09-26,58.13998031616211
2019-09-27,57.93402862548828
2019-09-30,57.969852447509766
2019-10-01,57.83552932739258
2019-10-02,57.06547546386719
2019-10-03,57.199790954589844
2019-10-04,57.99671936035156
2019-10-07,57.77286148071289
2019-10-08,57.23560333251953
2019-10-09,57.513187408447266
2019-10-10,57.45051193237305
2019-10-11,57.23560333251953
2019-10-14,56.86846923828125
2019-10-15,56.689395904541016
2019-10-16,56.81475830078125
2019-10-17,56.958030700683594
2019-10-18,57.14606475830078
2019-10-21,57.36992263793945
2019-10-22,57.61168670654297
2019-10-23,57.8444938659668
2019-10-24,58.0414924621582
2019-10-25,57.45051193237305
2019-10-28,56.662532806396484
2019-10-29,56.71625900268555
2019-10-30,57.21769714355469
2019-10-31,57.53110122680664
2019-11-01,57.3878288269043
2019-11-04,56.65357208251953
2019-11-05,56.071556091308594
2019-11-06,56.28644943237305
2019-11-07,55.52534484863281
2019-11-08,55.29253387451172
2019-11-11,54.952274322509766
2019-11-12,55.08658218383789
2019-11-13,55.90142059326172
2019-11-14,56.09842300415039
2019-11-15,56.277496337890625
2019-11-18,56.39390182495117
2019-11-19,56.25063705444336
2019-11-20,56.59089279174805
2019-11-21,56.39390182495117
2019-11-22,56.41181182861328
2019-11-25,56.22377395629883
2019-11-26,56.41181182861328
2019-11-27,56.51030731201172
2019-11-29,56.456581115722656
2019-12-02,56.08945846557617
2019-12-03,56.2416877746582
2019-12-04,56.67149353027344
2019-12-05,56.76999282836914
2019-12-06,56.599849700927734
2019-12-09,56.40285873413086
2019-12-10,56.39390182495117
2019-12-11,56.54612731933594
2019-12-12,56.30436325073242
2019-12-13,56.743125915527344
2019-12-16,57.45051193237305
2019-12-17,57.63855743408203
2019-12-18,57.871360778808594
2019-12-19,57.88926696777344
2019-12-20,58.28722381591797
2019-12-23,57.74578857421875
2019-12-24,57.827003479003906
2019-12-26,57.926273345947266
2019-12-27,58.09772872924805
2019-12-30,58.08871078491211
2019-12-31,58.314308166503906
2020-01-02,57.583343505859375
2020-01-03,57.70066452026367
2020-01-06,57.754798889160156
2020-01-07,57.673583984375
2020-01-08,57.64651870727539
2020-01-09,57.962364196777344
2020-01-10,58.11577224731445
2020-01-13,58.46771240234375
2020-01-14,58.639183044433594
2020-01-15,59.46038055419922
2020-01-16,59.83036804199219
2020-01-17,60.2454833984375
2020-01-21,60.795963287353516
2020-01-22,60.985469818115234
2020-01-23,61.52692413330078
2020-01-24,61.689361572265625
2020-01-27,61.53593826293945
2020-01-28,61.78860855102539
2020-01-29,61.9510612487793
2020-01-30,62.52861022949219
2020-01-31,62.24885940551758
2020-02-03,62.44738006591797
2020-02-04,61.8247184753418
2020-02-05,62.077392578125
2020-02-06,62.09543991088867
2020-02-07,61.89690017700195
2020-02-10,62.13154602050781
2020-02-11,62.35714340209961
2020-02-12,62.40226745605469
2020-02-13,63.09712600708008
2020-02-14,63.521263122558594
2020-02-18,64.05369567871094
2020-02-19,63.35883331298828
2020-02-20,63.584434509277344
2020-02-21,63.467124938964844
2020-02-24,62.727134704589844
2020-02-25,61.409610748291016
2020-02-26,60.78692626953125
2020-02-27,58.0526123046875
2020-02-28,56.11240768432617
2020-03-02,59.415252685546875
2020-03-03,58.68429183959961
2020-03-04,62.014217376708984
2020-03-05,61.057655334472656
2020-03-06,60.56132888793945
2020-03-09,57.26750183105469
2020-03-10,57.799930572509766
2020-03-11,54.89414596557617
2020-03-12,49.35328674316406
2020-03-13,52.04248809814453
2020-03-16,46.13165283203125
2020-03-17,52.03347396850586
2020-03-18,49.76839828491211
2020-03-19,46.87163162231445
2020-03-20,43.15366744995117
2020-03-23,40.95159912109375
2020-03-24,45.353912353515625
2020-03-25,46.5114631652832
2020-03-26,50.476287841796875
2020-03-27,50.74972152709961
2020-03-30,52.627315521240234
2020-03-31,50.503631591796875
2020-04-01,47.46849060058594
2020-04-02,48.954158782958984
2020-04-03,47.204166412353516
2020-04-06,50.84999084472656
2020-04-07,50.21196365356445
2020-04-08,52.94632339477539
2020-04-09,55.44370651245117
2020-04-13,53.684600830078125
2020-04-14,55.26141357421875
2020-04-15,53.438514709472656
2020-04-16,53.44761657714844
2020-04-17,55.170265197753906
2020-04-20,53.083045959472656
2020-04-21,52.208045959472656
2020-04-22,53.73017883300781
2020-04-23,52.827842712402344
2020-04-24,53.15596008300781
2020-04-27,53.711944580078125
2020-04-28,53.912471771240234
2020-04-29,53.4202880859375
2020-04-30,52.189823150634766
2020-05-01,50.93201446533203
2020-05-04,51.314823150634766
2020-05-05,51.73408508300781
2020-05-06,49.97498321533203
2020-05-07,50.17550277709961
2020-05-08,51.187217712402344
2020-05-11,50.968475341796875
2020-05-12,50.52185821533203
2020-05-13,50.093482971191406
2020-05-14,50.6312370300293
2020-05-15,49.95676040649414
2020-05-18,52.00752639770508
2020-05-19,51.150760650634766
2020-05-20,51.433319091796875
2020-05-21,50.91378402709961
2020-05-22,51.478885650634766
2020-05-26,51.816123962402344
2020-05-27,52.435909271240234
2020-05-28,53.985382080078125
2020-05-29,54.4046516418457
2020-06-01,55.05178451538086
2020-06-02,55.407257080078125
2020-06-03,56.07261657714844
2020-06-04,55.07000732421875
2020-06-05,55.771827697753906
2020-06-08,57.26662063598633
2020-06-09,56.11818313598633
2020-06-10,55.79005813598633
2020-06-11,53.61167907714844
2020-06-12,53.4749641418457
2020-06-15,53.83955383300781
2020-06-16,54.08564376831055
2020-06-17,53.92158126831055
2020-06-18,53.912471771240234
2020-06-19,52.39945983886719
2020-06-22,52.91045379638672
2020-06-23,52.37739562988281
2020-06-24,51.89948272705078
2020-06-25,51.256141662597656
2020-06-26,50.71389389038086
2020-06-29,51.66971969604492
2020-06-30,51.86272430419922
2020-07-01,53.07588577270508
2020-07-02,53.2137451171875
2020-07-06,52.56121063232422
2020-07-07,52.349822998046875
2020-07-08,52.818546295166016
2020-07-09,52.11086654663086
2020-07-10,53.09426498413086
2020-07-13,53.149410247802734
2020-07-14,53.64569854736328
2020-07-15,53.434322357177734
2020-07-16,54.11442184448242
2020-07-17,55.336769104003906
2020-07-20,54.6107177734375
2020-07-21,54.858863830566406
2020-07-22,55.70440673828125
2020-07-23,55.768733978271484
2020-07-24,55.40111541748047
2020-07-27,54.730194091796875
2020-07-28,55.55735397338867
2020-07-29,55.81468963623047
2020-07-30,55.81468963623047
2020-07-31,55.90659713745117
2020-08-03,55.300018310546875
2020-08-04,55.90659713745117
2020-08-05,55.189727783203125
2020-08-06,55.51140213012695
2020-08-07,56.51318359375
2020-08-10,56.49480056762695
2020-08-11,55.27244567871094
2020-08-12,56.07202911376953
2020-08-13,55.98012161254883
2020-08-14,55.493019104003906
2020-08-17,55.419490814208984
2020-08-18,55.171348571777344
2020-08-19,55.005916595458984
2020-08-20,54.51881408691406
2020-08-21,54.6107177734375
2020-08-24,55.08863067626953
2020-08-25,54.56476593017578
2020-08-26,53.95818328857422
2020-08-27,54.13280487060547
2020-08-28,54.2890510559082
2020-08-31,54.45447540283203
2020-09-01,53.82951354980469
2020-09-02,55.50221633911133
2020-09-03,54.87724304199219
2020-09-04,54.56476593017578
2020-09-08,54.261478424072266
2020-09-09,54.97834396362305
2020-09-10,54.031700134277344
2020-09-11,54.16037368774414
2020-09-14,54.90482711791992
2020-09-15,55.27244567871094
2020-09-16,55.19891357421875
2020-09-17,54.74858093261719
2020-09-18,53.7835578918457
2020-09-21,53.44892120361328
2020-09-22,53.78263473510742
2020-09-23,52.9576416015625
2020-09-24,53.5508918762207
2020-09-25,54.43151092529297
2020-09-28,54.570560455322266
2020-09-29,54.5520133972168
2020-09-30,55.043312072753906
2020-10-01,55.599483489990234
2020-10-02,56.257625579833984
2020-10-05,56.962135314941406
2020-10-06,57.444156646728516
2020-10-07,57.79639434814453
2020-10-08,58.85314178466797
2020-10-09,58.843875885009766
2020-10-12,59.21466064453125
2020-10-13,58.80679702758789
2020-10-14,58.73263931274414
2020-10-15,58.695556640625
2020-10-16,59.325904846191406
2020-10-19,58.82533645629883
2020-10-20,59.177581787109375
2020-10-21,59.019996643066406
2020-10-22,59.85427474975586
2020-10-23,60.021121978759766
2020-10-26,60.00259017944336
2020-10-27,59.95623016357422
2020-10-28,58.21353530883789
2020-10-29,58.371116638183594
2020-10-30,57.824214935302734
2020-11-02,59.09415817260742
2020-11-03,59.94696807861328
2020-11-04,59.04780960083008
2020-11-05,59.57617950439453
2020-11-06,59.44640350341797
2020-11-09,60.54949951171875
2020-11-10,61.42085266113281
2020-11-11,61.652584075927734
2020-11-12,60.660736083984375
2020-11-13,61.26325988769531
2020-11-16,61.88433074951172
2020-11-17,60.66999816894531
2020-11-18,59.48347473144531
2020-11-19,58.890220642089844
2020-11-20,58.89949035644531
2020-11-23,58.90876388549805
2020-11-24,59.53910827636719
2020-11-25,59.696693420410156
2020-11-27,59.103424072265625
2020-11-30,58.25061798095703
2020-12-01,58.658477783203125
2020-12-02,59.04780960083008
2020-12-03,58.436012268066406
2020-12-04,57.852020263671875
2020-12-07,58.176456451416016
2020-12-08,58.00033187866211
2020-12-09,57.89836502075195
2020-12-10,57.60173416137695
2020-12-11,57.69444274902344
2020-12-14,57.397796630859375
2020-12-15,58.52870178222656
2020-12-16,57.852020263671875
2020-12-17,58.2413444519043
2020-12-18,57.740787506103516
2020-12-21,57.04154968261719
2020-12-22,56.929378509521484
2020-12-23,56.817195892333984
2020-12-24,57.21916198730469
2020-12-28,57.471561431884766
2020-12-29,57.46221923828125
2020-12-30,57.75199890136719
2020-12-31,58.612022399902344
2021-01-04,57.135032653808594
2021-01-05,57.12569046020508
2021-01-06,58.54658126831055
2021-01-07,57.78004455566406
2021-01-08,58.266143798828125
2021-01-11,57.723960876464844
2021-01-12,57.41547775268555
2021-01-13,58.53723907470703
2021-01-14,58.31288528442383
2021-01-15,58.88311004638672
2021-01-19,58.65876007080078
2021-01-20,59.004638671875
2021-01-21,58.65876007080078
2021-01-22,58.74289321899414
2021-01-25,59.920738220214844
2021-01-26,59.32246780395508
2021-01-27,57.723960876464844
2021-01-28,58.41571044921875
2021-01-29,58.097877502441406
2021-02-01,58.378318786621094
2021-02-02,58.85506820678711
2021-02-03,58.66810607910156
2021-02-04,59.12615966796875
2021-02-05,59.443992614746094
2021-02-08,58.985939025878906
2021-02-09,59.070072174072266
2021-02-10,59.303775787353516
2021-02-11,58.967247009277344
2021-02-12,58.53723907470703
2021-02-16,57.882869720458984
2021-02-17,57.92961883544922
2021-02-18,58.27549743652344
2021-02-19,57.406131744384766
2021-02-22,56.284366607666016
2021-02-23,56.751766204833984
2021-02-24,56.08805847167969
2021-02-25,55.58326721191406
2021-02-26,54.55498504638672
2021-03-01,55.76087951660156
2021-03-02,55.592613220214844
2021-03-03,54.938255310058594
2021-03-04,54.891510009765625
2021-03-05,55.78892135620117
2021-03-08,56.574153900146484
2021-03-09,57.321990966796875
2021-03-10,57.7146110534668
2021-03-11,57.565040588378906
2021-03-12,58.34092712402344
2021-03-15,59.088768005371094
2021-03-16,59.16355514526367
2021-03-17,58.200706481933594
2021-03-18,57.98570251464844
2021-03-19,58.144615173339844
2021-03-22,58.06079864501953
2021-03-23,58.92723846435547
2021-03-24,58.946075439453125
2021-03-25,59.57706832885742
2021-03-26,59.77484893798828
2021-03-29,60.41525650024414
2021-03-30,59.8690185546875
2021-03-31,60.3116569519043
2021-04-01,60.25514602661133
2021-04-05,60.914398193359375
2021-04-06,61.2346076965332
2021-04-07,61.159263610839844
2021-04-08,61.11217498779297
2021-04-09,61.04624557495117
2021-04-12,61.10275650024414
2021-04-13,61.827938079833984
2021-04-14,62.101043701171875
2021-04-15,62.788543701171875
2021-04-16,63.29710006713867
2021-04-19,62.97690200805664
2021-04-20,63.77740478515625
2021-04-21,63.2406005859375
2021-04-22,62.788543701171875
2021-04-23,62.70376968383789
2021-04-26,62.34590148925781
2021-04-27,61.865596771240234
2021-04-28,61.78083801269531
2021-04-29,62.34590148925781
2021-04-30,62.83563995361328
2021-05-03,62.82621383666992
2021-05-04,62.590763092041016
2021-05-05,61.53596878051758
2021-05-06,62.00686264038086
2021-05-07,62.195228576660156
2021-05-10,62.82621383666992
2021-05-11,62.053955078125
2021-05-12,60.603614807128906
2021-05-13,61.771419525146484
2021-05-14,62.072792053222656
2021-05-17,61.56422424316406
2021-05-18,61.554805755615234
2021-05-19,61.45120620727539
2021-05-20,61.988037109375
2021-05-21,62.308231353759766
2021-05-24,62.195228576660156
2021-05-25,61.44179153442383
2021-05-26,61.45120620727539
2021-05-27,61.036827087402344
2021-05-28,61.366458892822266
2021-06-01,60.989742279052734
2021-06-02,61.3099479675293
2021-06-03,61.67723846435547
2021-06-04,61.58306121826172
2021-06-07,61.69607162475586
2021-06-08,61.168670654296875
2021-06-09,61.71490478515625
2021-06-10,62.119869232177734
2021-06-11,62.26114273071289
2021-06-14,62.39299392700195
2021-06-15,62.581356048583984
2021-06-16,61.639564514160156
2021-06-17,61.97860336303711
2021-06-18,60.368160247802734
2021-06-21,61.15022277832031
2021-06-22,60.78007125854492
2021-06-23,60.13468551635742
2021-06-24,60.07774353027344
2021-06-25,60.72312545776367
2021-06-28,61.11225509643555
2021-06-29,60.12519454956055
2021-06-30,60.01130676269531
2021-07-01,60.666175842285156
2021-07-02,60.76108932495117
2021-07-06,61.01734924316406
2021-07-07,61.415958404541016
2021-07-08,61.235633850097656
2021-07-09,61.311561584472656
2021-07-12,61.5108757019043
2021-07-13,61.04582214355469
2021-07-14,61.57731246948242
2021-07-15,62.27015686035156
2021-07-16,62.89655303955078
2021-07-19,61.90000534057617
2021-07-20,62.16575622558594
2021-07-21,61.4824104309082
2021-07-22,61.57731246948242
2021-07-23,62.36506652832031
2021-07-26,62.38404083251953
2021-07-27,63.45652770996094
2021-07-28,62.97248458862305
2021-07-29,63.1433219909668
2021-07-30,62.6118278503418
2021-08-02,63.09587097167969
2021-08-03,63.45652770996094
2021-08-04,63.36161422729492
2021-08-05,64.05445098876953
2021-08-06,64.01648712158203
2021-08-09,63.99751281738281
2021-08-10,64.06394958496094
2021-08-11,64.661865234375
2021-08-12,64.72830200195312
2021-08-13,65.18387603759766
2021-08-16,65.58248901367188
2021-08-17,65.6204605102539
2021-08-18,65.28827667236328
2021-08-19,65.55401611328125
2021-08-20,66.3702392578125
2021-08-23,65.51605224609375
2021-08-24,65.0889663696289
2021-08-25,65.21234893798828
2021-08-26,65.0510025024414
2021-08-27,65.03202056884766
2021-08-30,65.1269302368164
2021-08-31,65.0510025024414
2021-09-01,65.90518951416016
2021-09-02,66.50312042236328
2021-09-03,65.95263671875
2021-09-07,65.0794906616211
2021-09-08,66.24685668945312
2021-09-09,65.88619995117188
2021-09-10,64.96558380126953
2021-09-13,64.85169219970703
2021-09-14,64.63338470458984
2021-09-15,64.54798889160156
2021-09-16,64.00700378417969
2021-09-17,63.019935607910156
2021-09-20,62.90422439575195
2021-09-21,62.73209762573242
2021-09-22,62.693851470947266
2021-09-23,62.35914611816406
2021-09-24,62.292205810546875
2021-09-27,61.555870056152344
2021-09-28,60.78128433227539
2021-09-29,61.57499694824219
2021-09-30,61.0872917175293
2021-10-01,61.0872917175293
2021-10-04,61.9288215637207
2021-10-05,61.775814056396484
2021-10-06,62.73209762573242
2021-10-07,62.397396087646484
2021-10-08,61.93838119506836
2021-10-11,61.09685134887695
2021-10-12,61.508060455322266
2021-10-13,62.22527313232422
2021-10-14,62.99030303955078
2021-10-15,62.8086051940918
2021-10-18,62.206146240234375
2021-10-19,62.99030303955078
2021-10-20,63.98482894897461
2021-10-21,63.98482894897461
2021-10-22,64.3099594116211
2021-10-25,64.03263092041016
2021-10-26,64.37690734863281
2021-10-27,63.946590423583984
2021-10-28,64.3673324584961
2021-10-29,63.98482894897461
2021-11-01,64.2143325805664
2021-11-02,64.2717056274414
2021-11-03,64.03263092041016
2021-11-04,63.67881393432617
2021-11-05,64.28128051757812
2021-11-08,63.32499313354492
2021-11-09,63.65011978149414
2021-11-10,64.16651153564453
2021-11-11,63.77444076538086
2021-11-12,63.73619842529297
2021-11-15,64.57772827148438
2021-11-16,64.2717056274414
2021-11-17,64.32908630371094
2021-11-18,63.99439239501953
2021-11-19,64.3577880859375
2021-11-22,64.74984741210938
2021-11-23,64.8167953491211
2021-11-24,64.85504150390625
2021-11-26,63.841392517089844
2021-11-29,64.7881088256836
2021-11-30,62.89466857910156
2021-12-01,63.009422302246094
2021-12-02,63.81269073486328
2021-12-03,64.45340728759766
2021-12-06,65.43836212158203
2021-12-07,65.92607879638672
2021-12-08,65.85914611816406
2021-12-09,65.7730712890625
2021-12-10,66.12689208984375
2021-12-13,66.93974304199219
2021-12-14,66.53810119628906
2021-12-15,67.62825775146484
2021-12-16,67.97251892089844
2021-12-17,66.94929504394531
2021-12-20,67.01290130615234
2021-12-21,66.91653442382812
2021-12-22,67.20568084716797
2021-12-23,67.19603729248047
2021-12-27,67.52373504638672
2021-12-28,68.13091278076172
2021-12-29,68.49716186523438
2021-12-30,68.74775695800781
2021-12-31,68.98870849609375
2022-01-03,68.30440521240234
2022-01-04,68.09236907958984
2022-01-05,68.05381774902344
2022-01-06,67.3502426147461
2022-01-07,67.86105346679688
2022-01-10,67.41770935058594
2022-01-11,66.81050872802734
2022-01-12,67.02255249023438
2022-01-13,67.3502426147461
2022-01-14,66.88762664794922
2022-01-18,66.08767700195312
2022-01-19,66.38644409179688
2022-01-20,66.47318267822266
2022-01-21,66.347900390625
2022-01-24,65.7117919921875
2022-01-25,64.68052673339844
2022-01-26,64.15042114257812
2022-01-27,64.71907043457031
2022-01-28,65.49974822998047
2022-01-31,66.74305725097656
2022-02-01,65.85635375976562
2022-02-02,66.82978820800781
2022-02-03,66.531005859375
2022-02-04,66.00093078613281
2022-02-07,65.904541015625
2022-02-08,65.95272827148438
2022-02-09,66.24188232421875
2022-02-10,64.56486511230469
2022-02-11,64.6034164428711
2022-02-14,64.05404663085938
2022-02-15,63.75527572631836
2022-02-16,63.899845123291016
2022-02-17,63.938385009765625
2022-02-18,63.82273864746094
2022-02-22,63.75527572631836
2022-02-23,62.675811767578125
2022-02-24,63.176998138427734
2022-02-25,65.13350677490234
2022-02-28,65.47083282470703
2022-03-01,64.90219116210938
2022-03-02,65.6925048828125
2022-03-03,66.84906768798828
2022-03-04,68.32368469238281
2022-03-07,69.21037292480469
2022-03-08,68.14056396484375
2022-03-09,67.65865325927734
2022-03-10,68.11164093017578
2022-03-11,67.88034057617188
2022-03-14,67.80323028564453
2022-03-15,68.67064666748047
2022-03-16,68.54535675048828
2022-03-17,68.8344955444336
2022-03-18,68.24658203125
2022-03-21,68.70259094238281
2022-03-22,68.79961395263672
2022-03-23,68.89663696289062
2022-03-24,69.60490417480469
2022-03-25,70.61395263671875
2022-03-28,71.06996154785156
2022-03-29,71.72972869873047
2022-03-30,72.32157135009766
2022-03-31,72.24395751953125
2022-04-01,73.25299835205078
2022-04-04,72.69025421142578
2022-04-05,73.14628601074219
2022-04-06,74.60163116455078
2022-04-07,74.41729736328125
2022-04-08,74.6695556640625
2022-04-11,73.65080261230469
2022-04-12,73.93216705322266
2022-04-13,73.78663635253906
2022-04-14,73.825439453125
2022-04-18,73.42765045166016
2022-04-19,73.9030532836914
2022-04-20,74.50460815429688
2022-04-21,73.27240753173828
2022-04-22,72.04020690917969
2022-04-25,71.54537963867188
2022-04-26,70.82740783691406
2022-04-27,70.48783111572266
2022-04-28,71.27371978759766
2022-04-29,69.13919830322266
2022-05-02,68.43091583251953
2022-05-03,68.69288635253906
2022-05-04,70.22586059570312
2022-05-05,69.50788879394531
2022-05-06,70.0609130859375
2022-05-09,69.53697967529297
2022-05-10,68.69288635253906
2022-05-11,69.18770599365234
2022-05-12,68.4891357421875
2022-05-13,69.30413818359375
2022-05-16,69.51758575439453
2022-05-17,70.23555755615234
2022-05-18,69.55640411376953
2022-05-19,69.41085815429688
2022-05-20,69.60490417480469
2022-05-23,70.4393081665039
2022-05-24,71.8461685180664
2022-05-25,71.79764556884766
2022-05-26,72.00139617919922
2022-05-27,73.12687683105469
2022-05-31,72.11782836914062
2022-06-01,72.00139617919922
2022-06-02,72.48651885986328
2022-06-03,72.1372299194336
2022-06-06,72.45740509033203
2022-06-07,72.89400482177734
2022-06-08,71.46776580810547
2022-06-09,69.75044250488281
2022-06-10,69.21681213378906
2022-06-13,66.034423828125
2022-06-14,64.36560821533203
2022-06-15,64.7828140258789
2022-06-16,63.531211853027344
2022-06-17,62.93937301635742
2022-06-21,64.1374282836914
2022-06-22,64.81224822998047
2022-06-23,66.33792877197266
2022-06-24,67.49197387695312
2022-06-27,68.03965759277344
2022-06-28,67.7853775024414
2022-06-29,67.83427429199219
2022-06-30,68.58733367919922
2022-07-01,70.26950073242188
2022-07-05,67.87339782714844
2022-07-06,68.57756042480469
2022-07-07,68.50910186767578
2022-07-08,68.2841567993164
2022-07-11,68.7144775390625
2022-07-12,68.38195037841797
2022-07-13,68.09832763671875
2022-07-14,68.09832763671875
2022-07-15,68.22547149658203
2022-07-18,67.27681732177734
2022-07-19,67.70713806152344
2022-07-20,66.80736541748047
2022-07-21,66.98340606689453
2022-07-22,67.9027328491211
2022-07-25,68.75359344482422
2022-07-26,69.16436004638672
2022-07-27,69.22303771972656
2022-07-28,71.70716857910156
2022-07-29,72.32331085205078
2022-08-01,72.40154266357422
2022-08-02,72.25484466552734
2022-08-03,72.70472717285156
2022-08-04,72.86121368408203
2022-08-05,72.59715270996094
2022-08-08,72.70472717285156
2022-08-09,73.51647186279297
2022-08-10,73.8392105102539
2022-08-11,73.82943725585938
2022-08-12,75.0323715209961
2022-08-15,75.6583023071289
2022-08-16,75.87345886230469
2022-08-17,75.7463150024414
2022-08-18,76.02993774414062
2022-08-19,75.99081420898438
2022-08-22,74.95413970947266
2022-08-23,74.50425720214844
2022-08-24,74.73897552490234
2022-08-25,75.19863891601562
2022-08-26,74.04459381103516
2022-08-29,74.26953125
2022-08-30,73.18395233154297
2022-08-31,72.70472717285156
2022-09-01,73.75119018554688
2022-09-02,72.9590072631836
2022-09-06,73.14482879638672
2022-09-07,75.43335723876953
2022-09-08,75.37467956542969
2022-09-09,75.6778564453125
2022-09-12,76.4015884399414
2022-09-13,74.36734008789062
2022-09-14,74.97370147705078
2022-09-15,73.105712890625
2022-09-16,72.83186340332031
2022-09-19,73.80763244628906
2022-09-20,72.73439025878906
2022-09-21,71.73991394042969
2022-09-22,71.48391723632812
2022-09-23,70.65682983398438
2022-09-26,68.95342254638672
2022-09-27,67.79156494140625
2022-09-28,68.52018737792969
2022-09-29,65.77307891845703
2022-09-30,64.50291442871094
2022-10-03,66.39338684082031
2022-10-04,67.80140686035156
2022-10-05,66.29493713378906
2022-10-06,64.10905456542969
2022-10-07,62.77981185913086
2022-10-10,62.88812255859375
2022-10-11,62.66165542602539
2022-10-12,60.57424545288086
2022-10-13,62.090576171875
2022-10-14,61.19456481933594
2022-10-17,62.474578857421875
2022-10-18,63.61674499511719
2022-10-19,62.78965759277344
2022-10-20,61.204410552978516
2022-10-21,62.33673095703125
2022-10-24,62.85858154296875
2022-10-25,64.11891174316406
2022-10-26,64.08936309814453
2022-10-27,64.60137176513672
2022-10-28,66.37370300292969
2022-10-31,65.75338745117188
2022-11-01,66.00938415527344
2022-11-02,65.369384765625
2022-11-03,65.65492248535156
2022-11-04,66.0586166381836
2022-11-07,64.79829406738281
2022-11-08,65.251220703125
2022-11-09,64.73921203613281
2022-11-10,67.79156494140625
2022-11-11,67.03340148925781
2022-11-14,66.23585510253906
2022-11-15,66.9644775390625
2022-11-16,67.56509399414062
2022-11-17,66.383544921875
2022-11-18,67.79156494140625
2022-11-21,68.0968017578125
2022-11-22,68.67772674560547
2022-11-23,69.44573974609375
2022-11-25,69.84944152832031
2022-11-28,69.13065338134766
2022-11-29,68.61865234375
2022-11-30,70.33189392089844
2022-12-01,70.2728271484375
2022-12-02,69.93804931640625
2022-12-05,69.544189453125
2022-12-06,69.97743225097656
2022-12-07,69.65250396728516
2022-12-08,70.10543060302734
2022-12-09,69.74112701416016
2022-12-12,71.33621215820312
2022-12-13,71.5528335571289
2022-12-14,71.46422576904297
2022-12-15,70.59774780273438
2022-12-16,69.3965072631836
2022-12-19,69.12053680419922
2022-12-20,69.14039611816406
2022-12-21,70.1032943725586
2022-12-22,69.67644500732422
2022-12-23,70.39117431640625
2022-12-27,70.82794952392578
2022-12-28,70.15292358398438
2022-12-29,70.65919494628906
2022-12-30,69.98416900634766
2023-01-03,69.98416900634766
2023-01-04,70.61949157714844
2023-01-05,69.09075927734375
2023-01-06,70.48051452636719
2023-01-09,70.9570083618164
2023-01-10,70.97685241699219
2023-01-11,71.5526123046875
2023-01-12,71.06619262695312
2023-01-13,70.80809783935547
2023-01-17,70.70883178710938
2023-01-18,69.01133728027344
2023-01-19,68.31646728515625
2023-01-20,68.72346496582031
2023-01-23,68.74331665039062
2023-01-24,69.09075927734375
2023-01-25,68.15763854980469
2023-01-26,68.38594818115234
2023-01-27,68.38594818115234
2023-01-30,68.0782241821289
2023-01-31,68.58448791503906
2023-02-01,68.70361328125
2023-02-02,68.8525161743164
2023-02-03,67.41312408447266
2023-02-06,67.98887634277344
2023-02-07,67.95909881591797
2023-02-08,66.81751251220703
2023-02-09,65.90424346923828
2023-02-10,67.21458435058594
2023-02-13,67.62158966064453
2023-02-14,67.33370971679688
2023-02-15,67.7704849243164
2023-02-16,67.2542953491211
2023-02-17,67.97895812988281
2023-02-21,66.70831298828125
2023-02-22,66.4502182006836
2023-02-23,66.10277557373047
2023-02-24,66.12263488769531
2023-02-27,65.67593383789062
2023-02-28,64.5244140625
2023-03-01,63.462242126464844
2023-03-02,64.66339111328125
2023-03-03,65.76526641845703
2023-03-06,66.08292388916016
2023-03-07,65.00090789794922
2023-03-08,65.49724578857422
2023-03-09,64.97111511230469
2023-03-10,63.94865417480469
2023-03-13,64.9314193725586
2023-03-14,65.78511810302734
2023-03-15,66.67853546142578
2023-03-16,67.125244140625
2023-03-17,66.4800033569336
2023-03-20,67.0
2023-03-21,65.6500015258789
2023-03-22,64.36000061035156
2023-03-23,63.70000076293945
2023-03-24,65.69000244140625
